ad_id	field	start	end	label	text
6	body	74	82	CENA	1230 din
6	body	110	118	CENA	1800 din
8	body	238	245	CENA	700 din
10	body	173	190	CENA	od 700 do 3000din
34	body	7	11	CENA	700e
36	title	9	40	CPU	AMD Sempron 64 LE 1150-SDH1150I
36	body	18	54	CPU	AMD Sempron 64 LE 1150-SDH1150IAA3DE
36	body	95	117	CPU	AMD Sempron 64 LE-1150
36	body	127	140	CPU	SDH1150IAA3DE
36	body	154	162	CPU	2000 MHz
36	body	172	175	CPU	AM2
38	title	0	20	CPU	Intel Celeron 1.7GHz
38	title	29	32	CPU	478
38	body	10	30	CPU	Intel celeron 1.7GHz
38	body	39	42	CPU	478
39	title	0	28	CPU	Intel dual core e6300 2.8ghz
39	body	0	28	CPU	Intel dual core e6300 2.8ghz
41	title	0	25	CPU	AMD A4 4000 APU Dual Core
41	title	35	43	CPU	FM2/FM2+
41	body	2	37	CPU	AMD A4-4000 2 cores 3.0GHz (3.2GHz)
41	body	39	44	CPU	64Bit
41	body	67	82	GPU	Radeon HD 7480D
41	body	114	121	CPU	AMD FM2
41	body	133	137	CPU	FM2+
41	body	164	170	CPU	AMD A4
41	body	178	185	CPU	A4-4000
41	body	210	211	CPU	2
41	body	226	232	CPU	3.0GHz
41	body	252	258	CPU	3.2GHz
41	body	273	279	CPU	1MB L2
43	title	0	11	CPU	AMD Sempron
43	body	9	20	CPU	AMD Sempron
43	body	118	152	CPU	AMD Sempron 2500+ 1400 MHz-800-256
43	body	155	162	CENA	250 din
43	body	168	181	CPU	Sempron 2500+
43	body	195	202	CPU	0.09 mm
43	body	213	216	CPU	754
43	body	225	233	CPU	1400 MHz
43	body	246	253	CPU	800 MHz
43	body	264	270	CPU	256 kb
43	body	284	285	CPU	1
45	title	0	17	CPU	AMD Athlon X4 840
46	title	0	41	CPU	Core 2 Duo E8500 3.16GHz 6MB FSB1333 S775
46	body	0	16	CPU	Core 2 Duo E8500
46	body	18	26	CPU	3. 16GHz
46	body	28	31	CPU	6MB
46	body	33	37	CPU	1333
46	body	39	43	CPU	S775
47	title	9	35	CPU	IP E2180 Dual-Core 2,00GHZ
47	body	22	76	CPU	"Intel ""05 E2180\n\nPentium DUAL-CORE\n\n2,00 GHZ/1M/800/06"
48	title	0	31	CPU	Intel Penitum Dual Core 3.00GHz
48	body	29	76	CPU	Intel Pentium Dual Core 3.00GHz 2cores;2threads
50	title	0	19	CPU	Intel Pentium G3260
50	title	20	25	CPU	G3220
50	title	26	35	CPU	FCLGA1150
50	body	0	15	CPU	Intel® Pentium®
50	body	26	31	CPU	G3260
50	body	32	34	CENA	7€
50	body	36	55	CPU	3M Cache, 3. 30 GHz
50	body	57	66	CPU	FCLGA1150
50	body	80	81	CPU	2
50	body	97	98	CPU	2
50	body	125	134	CPU	3. 00 GHz
50	body	136	159	CPU	3 MB Intel® Smart Cache
50	body	171	177	CPU	5 GT/s
50	body	183	187	CPU	53 W
50	body	189	202	CPU	Intel Pentium
50	body	213	218	CPU	G3220
50	body	219	225	CENA	700din
50	body	227	242	CPU	Intel® Pentium®
50	body	253	258	CPU	G3220
50	body	260	279	CPU	3M Cache, 3. 00 GHz
50	body	281	290	CPU	FCLGA1150
50	body	304	305	CPU	2
50	body	321	322	CPU	2
50	body	349	358	CPU	3. 00 Ghz
50	body	360	383	CPU	3 MB Intel® Smart Cache
50	body	395	401	CPU	5 GT/s
50	body	407	411	CPU	53 W
51	title	0	11	CPU	Intel G5925
51	body	0	9	CPU	Intel 10.
51	body	12	26	CPU	11. generacija
51	body	54	71	GPU	integrisana Intel
52	title	9	49	CPU	I5 - 3570 (socket 1155) Treća generacija
52	body	8	16	CPU	QuadCore
52	body	29	40	CPU	1155 socket
52	body	98	111	CPU	Intel i5 3570
52	body	119	127	CPU	3. 40GHz
52	body	131	150	CPU	6MB kesa soket 1155
52	body	183	188	CPU	Intel
52	body	198	224	CPU	i5-3570 3. 40GHz 6MB 64bit
52	body	235	248	CPU	Intel Core i5
52	body	261	272	CPU	Socket 1155
52	body	283	300	CPU	Quad-core, 64-bit
52	body	309	313	CPU	77 W
52	body	328	337	CPU	3. 40 GHz
52	body	354	357	CPU	6MB
53	title	0	48	CPU	AMD Athlon II X4 750X 750 3.7G 65W AD750XOKA44HL
53	body	12	52	CPU	cetiri quad core jezgara za FM platformu
54	title	0	20	CPU	Intel Celeron 1,7ghz
54	body	38	50	CPU	478 socketom
54	body	64	91	CPU	400 mhz, 128kb keš memorije
55	title	0	28	CPU	Intel® Core™2 Extreme QX9770
55	body	42	45	CPU	775
55	body	234	235	CPU	4
55	body	263	272	CPU	3. 20 GHz
55	body	281	289	CPU	12 MB L2
55	body	308	316	CPU	1600 MHz
55	body	339	344	CPU	136 W
55	body	365	382	CPU	0. 8500V-1. 3625V
55	body	472	476	RAM	ddr2
55	body	481	485	RAM	ddr3
56	title	0	50	CPU	AMD Athlon II X4 Quad-Core 2.80GHz AM2+ AM3 ADX630
56	body	17	20	CPU	AMD
56	body	56	74	CPU	4 cores, 4 threads
56	body	76	92	CPU	AMD Athlon II X4
56	body	107	110	CPU	630
56	body	128	141	CPU	ADX630WFK42GI
56	body	155	163	CPU	2800 MHz
56	body	175	182	CPU	667 MHz
56	body	202	236	CPU	One 2000 MHz 16-bit HyperTransport
56	body	249	256	CPU	938-pin
56	body	265	269	CPU	AM2+
56	body	277	280	CPU	AM3
56	body	299	302	CPU	K10
56	body	318	324	CPU	Propus
56	body	335	341	CPU	64 bit
56	body	362	363	CPU	4
56	body	387	388	CPU	4
56	body	408	417	CPU	4 x 64 KB
56	body	437	454	CPU	4 x 512 KB caches
56	body	475	479	CPU	None
57	body	0	11	CPU	AMD Sempron
57	body	17	27	CPU	2x2600mghz
57	body	36	46	CPU	2x2800mghz
57	body	55	65	CPU	2x2200mghz
57	body	67	71	CPU	DDR2
57	body	73	88	CPU	1 DDR3 2700mghz
57	body	121	128	RAM	samsung
57	body	137	140	RAM	1gb
57	body	145	153	RAM	kinhston
57	body	162	165	RAM	1gb
58	title	0	8	CPU	Intel I3
58	body	108	117	CPU	Dual core
58	body	119	129	CPU	2x2,20 ghz
60	body	0	17	CPU	AMD ryzen 5 2500x
61	title	14	46	CPU	Intel Pentium 4 2800 MHz-533-512
61	body	52	57	CPU	Intel
61	body	65	74	CPU	Pentium 4
61	body	90	97	CPU	0.13 mm
61	body	110	113	CPU	478
61	body	124	132	CPU	2800 MHz
61	body	147	154	CPU	533 MHz
61	body	167	173	CPU	512 kb
61	body	189	190	CPU	1
64	title	14	50	CPU	AMD Turion 64 X2 RM-70 2 GHz-800 MHz
64	body	43	46	CPU	AMD
64	body	54	72	CPU	Turion 64 X2 RM-70
64	body	87	88	CPU	2
64	body	104	112	CPU	0.065 mm
64	body	125	127	CPU	S1
64	body	138	143	CPU	2 GHz
64	body	158	165	CPU	800 MHz
64	body	178	182	CPU	1 Mb
66	title	14	50	CPU	Intel Celeron D 420 1600 MHz-800-512
66	body	52	57	CPU	Intel
66	body	65	78	CPU	Celeron D 420
66	body	94	102	CPU	0.065 mm
66	body	115	118	CPU	775
66	body	129	137	CPU	1600 MHz
66	body	152	159	CPU	800 MHz
66	body	172	178	CPU	512 kb
66	body	194	195	CPU	1
67	title	14	44	CPU	Intel Celeron 2200 MHz-400-128
67	body	52	57	CPU	Intel
67	body	65	72	CPU	Celeron
67	body	88	95	CPU	0.13 mm
67	body	108	111	CPU	478
67	body	122	130	CPU	2200 MHz
67	body	145	152	CPU	400 MHz
67	body	165	171	CPU	128 kb
67	body	187	188	CPU	1
68	title	0	13	CPU	Intel Pentium
68	title	24	29	CPU	2020M
68	body	25	39	CPU	III generacije
68	body	41	54	CPU	Pentium 2020M
68	body	75	82	CPU	2,40MHz
68	body	89	94	CPU	2M L3
68	body	181	183	CPU	G1
68	body	194	202	CPU	FCPGA988
68	body	240	277	CPU	Intel® Pentium® Processor 2000 Series
68	body	290	300	CPU	Ivy Bridge
68	body	346	351	CPU	2020M
68	body	366	371	CPU	22 nm
68	body	423	424	CPU	2
68	body	441	442	CPU	2
68	body	470	478	CPU	2.40 GHz
68	body	487	510	CPU	2 MB Intel® Smart Cache
68	body	523	529	CPU	5 GT/s
68	body	536	540	CPU	35 W
68	body	586	591	RAM	32 GB
68	body	607	627	RAM	DDR3/L/-RS 1333/1600
68	body	655	656	RAM	2
68	body	680	689	RAM	25.6 GB/s
68	body	702	720	GPU	Intel® HD Graphics
68	body	784	791	GPU	650 MHz
68	body	825	833	GPU	1.10 GHz
69	title	0	5	CPU	Intel
69	body	30	80	CPU	Intel Core i3-10100 BOX (4/8, integrisana grafika)
69	body	123	130	CPU	LGA1200
69	body	141	145	CPU	DDR4
69	body	287	300	CENA	10.000,00 DIN
70	title	0	41	CPU	Intel Core 2 Duo E8200 775 2x 2.67Ghz 6MB
70	body	0	20	CPU	Intel Core2Duo E8200
70	body	31	41	CPU	socket 775
70	body	55	65	CPU	2x 2.67Ghz
70	body	73	76	CPU	6MB
72	title	0	44	CPU	Intel Xeon E5645 12x 2.66Ghz Turbo 1366 12MB
72	body	80	88	CPU	LGA 1366
72	body	103	110	CPU	2.40Ghz
72	body	135	142	CPU	2.67Ghz
72	body	158	160	CPU	12
72	body	184	199	CPU	12mb SmartCache
72	body	206	209	CPU	80W
72	body	250	255	CPU	288GB
72	body	281	282	CPU	3
73	title	0	47	CPU	Intel Pentium DualCore E5500 775 2x 2.80Ghz 2MB
73	body	0	28	CPU	Intel Pentium DualCore E5500
73	body	47	50	CPU	775
73	body	64	74	CPU	2x 2.80Ghz
73	body	82	85	CPU	2MB
74	title	0	47	CPU	Intel Pentium DualCore E5700 775 2x 3.00Ghz 2MB
74	body	0	28	CPU	Intel Pentium DualCore E5700
74	body	40	50	CPU	socket 775
74	body	64	74	CPU	2x 3.00Ghz
74	body	82	85	CPU	2MB
75	title	0	37	CPU	Intel Core i3-530 1156 4x 2.93Ghz 4MB
75	body	0	17	CPU	Intel Core i3-530
75	body	36	40	CPU	1156
75	body	54	64	CPU	4x 2.93Ghz
75	body	72	83	CPU	2x 256KB L2
75	body	86	92	CPU	4MB L3
76	title	0	48	CPU	Intel Celeron DualCore G1820 1150 2x 2.70Ghz 3MB
76	body	0	28	CPU	Intel Celeron DualCore G1820
76	body	46	50	CPU	1150
76	body	64	74	CPU	2x 2.70Ghz
76	body	82	102	CPU	2x 256KB L2 + 3MB L3
77	title	0	39	CPU	Intel Celeron G1610 1155 2x 2.60Ghz 2MB
77	body	0	19	CPU	Intel Celeron G1610
77	body	37	41	CPU	1155
77	body	55	65	CPU	2x 2.60Ghz
77	body	73	76	CPU	2MB
79	title	0	19	CPU	Intel Pentium 4 520
79	title	20	24	CPU	520J
79	title	25	43	CPU	775 2x 2.80Ghz 1MB
79	body	0	19	CPU	Intel Pentium 4 520
79	body	20	24	CPU	520J
79	body	36	46	CPU	socket 775
79	body	60	70	CPU	2x 2.80Ghz
79	body	78	81	CPU	1MB
80	title	0	38	CPU	Intel Pentium 4 511 775 2x 2.80Ghz 1mb
80	body	0	19	CPU	Intel Pentium 4 511
80	body	37	40	CPU	775
80	body	54	64	CPU	2x 2.80Ghz
80	body	72	75	CPU	1mb
82	title	0	41	CPU	Intel Pentium 4 HT 630 775 2x 3.00Ghz 2MB
82	body	0	22	CPU	Intel Pentium 4 HT 630
82	body	41	44	CPU	775
82	body	58	68	CPU	2x 3.00Ghz
82	body	76	79	CPU	2MB
83	title	0	47	CPU	Intel Pentium DualCore E5300 775 2x 2.60Ghz 2MB
83	body	0	28	CPU	Intel Pentium DualCore E5300
83	body	46	49	CPU	775
83	body	63	73	CPU	2x 2.60Ghz
83	body	81	84	CPU	2MB
84	title	0	38	CPU	Intel Celeron G1820 Intel HD (Haswell)
84	body	9	13	CPU	DDR3
84	body	23	61	CPU	Intel Celeron G1820 Intel HD (Haswell)
84	body	103	111	CPU	LGA 1150
84	body	121	122	CPU	2
84	body	136	137	CPU	2
84	body	163	175	CPU	2 x 2. 7 GHz
84	body	176	205	CPU	Cache 4 MB Intel® Smart Cache
84	body	210	214	CPU	54 W
87	title	0	13	CPU	Intel i7 6700
87	body	35	57	SKLADISTE	Samsung 850 Pro 256 GB
87	body	63	94	CPU	Intel i7 6700 3.4 Ghz (Skylake)
87	body	100	123	RAM	2 x 4GB DDR4 Hyper Fury
88	title	10	18	CPU	i5-9500T
88	title	20	29	RAM	16GB DDR4
88	title	31	41	SKLADISTE	256GB NVMe
88	body	325	396	CPU	intel i5-9500t vpro™ 6-jezgara (3.7 ghz po jezgru, 9 mb cache memorije)
88	body	408	429	RAM	16 gb ddr4-2666 sdram
88	body	442	460	SKLADISTE	samsung 256gb nvme
88	body	466	499	SKLADISTE	čitanje 3000 mb/s, upis 1300 mb/s
88	body	511	534	RAM	intel® uhd graphics 630
89	title	0	7	CPU	i5-4950
89	title	8	12	RAM	16Gb
89	title	13	22	GPU	Rx560-4gb
89	title	23	26	SKLADISTE	1Tb
89	body	5	19	CPU	i5-4950 3.7Ghz
89	body	26	43	RAM	16Gb Hyper X Ddr3
89	body	87	96	GPU	Rx560 4Gb
89	body	109	112	SKLADISTE	1Tb
90	title	0	29	GPU	Rx 5500 xt 4GB Sapphire Pulse
90	title	31	37	GPU	RX 580
90	title	40	46	GPU	RX 590
90	body	26	61	GPU	Sapphire 5500 XT Sapphire pulse 4GB
90	body	164	167	GPU	44%
90	body	200	210	GPU	60 stepeni
91	body	294	300	SKLADISTE	240 gb
91	body	335	341	GPU	Nvidia
91	body	357	368	GPU	GTX 950 2gb
91	body	421	425	RAM	8 gb
91	body	431	438	RAM	1600mhz
91	body	449	453	SKLADISTE	1 tb
91	body	458	463	SKLADISTE	240gb
91	body	499	512	CPU	intel i5-3470
91	body	517	524	CPU	3.20ghz
92	body	150	172	CPU	AMD Ryzen 3600 3. 6GHz
92	body	184	215	GPU	GeForce GTX 1660 Super 6GB DDR6
92	body	223	248	RAM	16GB DDR4 3200MHz (2x8GB)
92	body	259	262	SKLADISTE	1TB
92	body	267	272	SKLADISTE	500GB
95	body	52	74	CPU	AMD FX 8150 Eight-Core
95	body	84	87	RAM	8GB
95	body	102	116	GPU	GeForse GT 630
95	body	121	126	SKLADISTE	120GB
95	body	132	137	SKLADISTE	500GB
96	body	6	15	CPU	I7 11700k
96	body	23	36	GPU	Msi Rtx 2060s
96	body	87	128	RAM	Patriot Viper Steel [PVS416G340C6K] 16 ГБ
96	body	243	258	SKLADISTE	Samsung - 500gb
96	body	264	272	SKLADISTE	m2 250gb
97	title	0	3	CPU	AMD
97	title	12	16	RAM	DDR3
97	body	61	90	CPU	AMD X4 740 Quad Core 3,20 GHZ
97	body	102	120	GPU	AMD Radeon HD 6450
97	body	142	145	RAM	4GB
98	title	22	27	SKLADISTE	250gb
98	title	38	41	GPU	1gb
98	body	27	30	CPU	775
98	body	41	56	CPU	dual core e5200
98	body	69	75	SKLADISTE	250 gb
98	body	83	87	SKLADISTE	100%
98	body	99	138	GPU	HP Nvidia GeForce GT220 1GB Low Profile
98	body	146	155	RAM	2 gb ddr2
100	body	116	131	CPU	AMD Ryzen5 3600
100	body	152	180	GPU	Nvidia Geforce 1650 4gb DDR6
100	body	187	191	RAM	16gb
100	body	198	202	RAM	1pin
101	body	89	104	CPU	intel E8400 6mb
101	body	120	128	RAM	ddr3 4gb
101	body	166	173	CENA	5000din
103	title	20	27	CPU	i7-2600
103	title	28	36	RAM	8gb DDR3
103	title	36	41	SKLADISTE	256gb
103	body	199	220	CPU	Intel i7-2600 3.40Ghz
103	body	223	252	CPU	4 jezgra + 4 virtuelna jezgra
103	body	280	289	CPU	8 jezgara
103	body	326	334	RAM	8GB ddr3
103	body	352	358	SKLADISTE	256 GB
103	body	369	382	GPU	Intel HD 2000
104	title	0	7	CPU	i5 2320
104	body	0	29	CPU	I5-2320 Quad Core na 3,00 GHZ
104	body	32	43	RAM	8 giga DDR3
104	body	58	64	SKLADISTE	500 GB
104	body	126	152	GPU	AMD RADEON HD-6670 GEJMING
104	body	157	167	GPU	HDMI izlaz
105	title	16	24	CPU	Six Core
105	body	82	94	CPU	6 X 2,80 GHZ
105	body	95	107	RAM	14 giga DDR3
105	body	122	128	SKLADISTE	850 GB
105	body	406	420	GPU	R9-200 od 3 GB
106	title	0	6	CPU	AMD FX
106	body	23	40	CPU	FX-4130 Quad Core
106	body	44	52	CPU	4 X 3,00
106	body	56	67	RAM	8 giga DDR3
106	body	82	87	SKLADISTE	650GB
106	body	120	124	GPU	PCIE
106	body	131	138	GPU	GTX-470
106	body	151	160	GPU	mini HDMI
107	body	0	7	CPU	A8 7600
107	body	9	18	GPU	Radeon R7
107	body	19	28	CPU	Quad Core
107	body	32	41	CPU	4 X 3, 10
107	body	43	52	CPU	4 fizicka
107	body	55	73	CPU	6 logickih jezgara
107	body	80	91	RAM	8 giga DDR3
107	body	106	112	SKLADISTE	500 GB
107	body	151	160	GPU	radeon R7
107	body	184	191	GPU	HD-6700
109	title	0	2	CPU	i3
109	body	0	8	CPU	i3 -3120
109	body	12	24	CPU	4 X 3,30 GHZ
109	body	25	36	RAM	4 giga DDR3
109	body	51	57	SKLADISTE	320 gb
109	body	94	105	GPU	GEFORCE-210
110	title	14	16	CPU	I3
110	body	39	62	CPU	i3-7100 na 4 x 3,90 ghz
110	body	64	76	RAM	16 giga ddr4
110	body	91	94	SKLADISTE	128
110	body	136	142	SKLADISTE	500 gb
110	body	204	223	GPU	gigabyte hd vx-5970
111	title	7	16	CPU	Quad Core
111	title	25	31	CPU	Q-6600
111	body	0	23	CPU	Intel core2 QUAD Q-6600
111	body	27	39	CPU	4 X 2,40 GHZ
111	body	40	46	RAM	8 giga
111	body	71	77	SKLADISTE	320 GB
111	body	139	143	GPU	PCIE
111	body	150	157	GPU	HD 6570
112	title	0	2	CPU	i7
112	body	90	98	CPU	I7- 3828
112	body	106	118	CPU	8 X 3,80 GHZ
112	body	120	127	RAM	24 GIGA
112	body	204	210	SKLADISTE	128 Gb
112	body	243	247	SKLADISTE	2 TB
112	body	598	622	GPU	AMD RADEON RX 590 od 8GB
113	title	20	41	CPU	RYZEN ATLON 2000G AM4
113	body	48	55	CPU	RYZEN 3
113	body	88	109	CPU	Atlon 2000G QUAD CORE
113	body	113	125	CPU	4 X 3,50 GHZ
113	body	126	138	RAM	12 giga DDR4
113	body	153	157	SKLADISTE	1 TB
113	body	255	261	GPU	RX-470
113	body	265	277	GPU	4 GB SAPHIRE
114	title	7	9	CPU	I7
114	body	54	60	CPU	I7-950
114	body	64	76	CPU	8 X 3,71 GHZ
114	body	78	82	SKLADISTE	2 TB
114	body	104	111	RAM	18 giga
114	body	273	290	GPU	AMD Radeon RX 580
114	body	294	298	GPU	8 GB
114	body	305	309	GPU	HDMI
115	title	7	9	CPU	I7
115	body	39	46	CPU	I7-3770
115	body	50	62	CPU	8 X 3,40 GHZ
115	body	64	76	RAM	18 giga DDR3
115	body	108	114	SKLADISTE	128 GB
115	body	147	151	SKLADISTE	1 TB
115	body	392	402	GPU	RX-470 8GB
116	title	8	39	CPU	Intel Pentium Gold 5400 3.70GHz
116	body	118	148	CPU	intel(R) Pentium(R) Gold G5400
116	body	155	162	CPU	3.70GHz
116	body	180	202	GPU	Nvidia GeForce GTX 750
116	body	218	226	RAM	8GB DDR4
116	body	285	290	SKLADISTE	250GB
120	title	7	25	CPU	X3 AMD Triple Core
120	body	26	54	CPU	AMD ATLON X3 435 Triple Core
120	body	58	66	CPU	3 X 2,90
120	body	68	79	RAM	6 giga DDR3
120	body	94	100	SKLADISTE	500 GB
120	body	133	151	GPU	PCIE slotu HD-5670
122	body	39	45	CPU	I7-860
122	body	49	61	CPU	8 X 2,80 GHZ
122	body	63	75	RAM	12 giga DDR3
122	body	90	96	SKLADISTE	850 GB
122	body	239	253	GPU	GEFORCE GT-610
123	title	7	14	CPU	Ryzen 5
123	body	40	47	CPU	RYZEN 5
123	body	79	130	CPU	RYZEN 5 1400 4 fizicka i 4 logicka jezgra QUAD CORE
123	body	134	146	CPU	8 X 3,20 GHZ
123	body	148	160	RAM	16 giga DDR4
123	body	184	190	SKLADISTE	1,7 TB
123	body	499	513	GPU	RX-480 SAPHIRE
123	body	517	521	GPU	8 GB
123	body	531	535	GPU	HDMI
125	title	7	17	CPU	Intel Xeon
125	body	70	82	CPU	Xeon E-31240
125	body	86	98	CPU	4 X 3,30 GHZ
125	body	118	124	SKLADISTE	120 Gb
125	body	163	167	SKLADISTE	1 TB
125	body	189	195	RAM	8 giga
125	body	301	318	GPU	AMD Radeon RX 570
125	body	322	326	GPU	8 GB
126	body	58	66	CPU	I5 4460S
126	body	70	82	CPU	4 X 2,90 GHZ
126	body	83	90	RAM	16 giga
126	body	105	111	SKLADISTE	1,2 TB
126	body	371	385	GPU	RX-580 FAT BOY
126	body	389	393	GPU	8 GB
127	title	15	17	CPU	I5
127	body	64	71	CPU	I5-4590
127	body	75	87	CPU	4 X 3,30 GHZ
127	body	89	95	SKLADISTE	1,2 TB
127	body	117	124	RAM	16 giga
128	body	201	214	CPU	Ryzen 5 3400g
128	body	221	231	RAM	16 GB DDR4
128	body	239	245	SKLADISTE	500 GB
128	body	250	253	SKLADISTE	M.2
128	body	264	283	GPU	Integrisana Vega 11
129	title	0	12	CPU	R 3 1200 4 C
129	title	13	15	RAM	8G
129	title	16	27	GPU	GTX 1650 4G
129	title	28	32	SKLADISTE	240G
129	body	153	156	CPU	AM4
129	body	173	213	CPU	AMD Ryzen 3 1200 4 cores 3.1GHz (3.4GHz)
129	body	228	241	RAM	DIMM DDR4 8GB
129	body	251	285	GPU	nVidia GeForce GTX 1650 4GB 128bit
129	body	291	301	SKLADISTE	"240GB 2.5"""
130	title	0	12	CPU	R 3 1200 4 C
130	title	13	16	RAM	16G
130	title	17	28	GPU	GTX 1650 4G
130	title	32	37	SKLADISTE	480GB
130	body	147	189	CPU	AMD Ryzen 3 1200 4 cores 3. 1GHz (3. 4GHz)
130	body	199	202	CPU	AM4
130	body	219	233	RAM	DIMM DDR4 16GB
130	body	239	250	SKLADISTE	"480GB 2. 5"""
130	body	260	294	GPU	nVidia GeForce GTX 1650 4GB 128bit
131	body	212	239	CPU	intel procesor 7 generacije
131	body	268	276	CENA	2000 din
131	body	278	294	CPU	Procesor i5 7500
131	body	295	306	CENA	5000 dinara
131	body	314	321	CENA	550 din
131	body	331	342	CENA	1000 dinara
131	body	359	370	CENA	1000 dinara
131	body	376	386	CENA	700 dinara
132	title	18	25	CPU	i3 2100
132	title	26	29	RAM	4gb
132	title	30	35	SKLADISTE	250gb
132	body	76	126	CPU	Intel® Core™ i3-2100 Processor 3M Cache, 3. 10 GHz
132	body	137	146	CPU	FCLGA1155
132	body	189	194	SKLADISTE	250gb
132	body	211	225	RAM	4GB DDR3 2x2gb
132	body	285	307	GPU	Ati HD 5450 512mb ddr3
133	body	174	176	CPU	i3
134	title	8	15	CPU	i5 4690
134	title	16	19	RAM	8gb
134	title	20	33	GPU	Radeon R7 200
134	body	77	109	CPU	intel i5 4690 3.50 ghz 6mb cache
134	body	111	154	GPU	radeon R7 200 2gb dx12 128 bit HDMI VGA DVI
134	body	156	161	SKLADISTE	320gb
134	body	178	186	RAM	8gb ddr3
136	title	24	32	CPU	i5 6600T
136	title	33	41	RAM	8gb DDR4
136	title	42	47	SKLADISTE	256gb
136	body	41	50	CPU	2, 70 GHz
136	body	72	87	CPU	Intel® Core™ i5
136	body	99	107	CPU	i5-6600T
136	body	127	131	RAM	8 GB
136	body	157	167	RAM	DDR4-SDRAM
136	body	190	198	RAM	2133 MHz
136	body	227	233	SKLADISTE	256 GB
136	body	302	324	GPU	Intel® HD Graphics 530
136	body	525	533	CPU	intel i5
136	body	545	558	CPU	6. generacije
136	body	704	712	RAM	8gb DDR4
136	body	803	808	SKLADISTE	256gb
137	title	13	27	CPU	amd E2 1.70ghz
137	title	28	36	RAM	4gb DDR3
137	title	37	42	SKLADISTE	160gb
137	body	136	144	RAM	4gb ddr3
137	body	281	286	SKLADISTE	160gb
137	body	292	299	SKLADISTE	100/100
137	body	313	329	CPU	amd e2 1. 70 ghz
139	title	8	18	CPU	Amd Fx6300
139	title	19	22	RAM	8gb
139	title	23	26	SKLADISTE	1Tb
139	title	27	33	GPU	GTX960
139	body	0	11	CPU	AMD FX-6300
139	body	30	55	CPU	AMD X6 FX-6300 X6 FX-6300
139	body	57	68	CPU	Socket AM3+
139	body	81	89	CPU	3500 MHz
139	body	100	104	CPU	6 MB
139	body	115	119	CPU	8 MB
139	body	128	135	CPU	Vishera
139	body	137	194	GPU	Palit nVidia GeForce GTX 960 2GB 128bit GTX 960 GAMING 2G
139	body	425	445	CPU	amd fx 6300 six core
139	body	456	464	RAM	8gb ddr3
139	body	487	490	SKLADISTE	1tb
139	body	501	508	SKLADISTE	100/100
139	body	520	526	SKLADISTE	6 dana
139	body	528	533	GPU	palit
139	body	542	545	GPU	gtx
139	body	546	554	GPU	2gb ddr5
140	title	21	31	CPU	intel xeon
140	title	32	35	RAM	4gb
140	title	36	41	SKLADISTE	500gb
140	title	42	48	GPU	nvidia
140	body	0	12	CPU	Intel® Xeon®
140	body	23	71	CPU	E5-1620 10M Cache, 3.60 GHz, 0.0 GT/s Intel® QPI
140	body	93	116	GPU	NVIDIA NVS 315 1GB DDR3
140	body	118	126	GPU	4gb ddr3
140	body	137	143	SKLADISTE	500 gb
141	title	24	31	CPU	i5 7500
141	title	32	35	RAM	8GB
141	title	36	41	SKLADISTE	256GB
141	body	101	160	CPU	Intel Core i5 (7th Gen) 7500 od 4 x 3.40 GHz do 4 x 3.80GHz
141	body	166	175	RAM	8 GB DDR4
141	body	229	234	SKLADISTE	256GB
141	body	245	255	SKLADISTE	100/97 m.2
141	body	277	331	GPU	Intel UHD Graphics 630 Dynamic Video Memory Technology
142	title	21	30	RAM	16gb DDR4
142	title	31	38	CPU	i3 6100
142	body	29	37	CPU	intel i3
142	body	49	53	CPU	6100
142	body	57	60	CPU	3mb
142	body	70	78	CPU	3.70 ghz
142	body	181	186	SKLADISTE	256gb
142	body	256	265	RAM	16gb ddr4
142	body	488	497	GPU	intel UHD
142	body	506	509	GPU	530
143	body	160	178	CPU	intel pentium b950
143	body	179	187	RAM	4gb ddr3
143	body	220	225	SKLADISTE	500gb
143	body	241	249	GPU	intel hd
145	title	24	31	CPU	i5 6500
145	title	32	38	RAM	DDR4 8
145	title	39	44	SKLADISTE	128GB
145	body	101	160	CPU	Intel Core i5 (6th Gen) 6500 od 4 x 3.20 GHz do 4 x 3.60GHz
145	body	166	175	RAM	8 GB DDR4
145	body	181	186	SKLADISTE	128GB
145	body	216	224	SKLADISTE	120 dana
145	body	246	268	GPU	Intel UHD Graphics 530
145	body	793	795	CENA	5e
146	title	24	31	CPU	i5 6500
146	title	32	40	RAM	DDR4 8GB
146	title	41	46	SKLADISTE	128GB
146	body	101	160	CPU	Intel Core i5 (6th Gen) 6500 od 4 x 3.20 GHz do 4 x 3.60GHz
146	body	166	175	RAM	8 GB DDR4
146	body	181	186	SKLADISTE	128GB
146	body	197	204	SKLADISTE	100/100
146	body	216	223	SKLADISTE	65 dana
146	body	245	299	GPU	Intel UHD Graphics 530 Dynamic Video Memory Technology
147	title	11	24	CPU	Sempron 2600+
147	title	27	41	GPU	Radeon HD 9250
147	body	125	171	CPU	AMD Sempron 2600+ (Palermo jezgro, Socket 754)
147	body	178	190	RAM	1. 25GB DDR1
147	body	201	224	GPU	ATI Radeon HD 9250 (64)
147	body	231	292	SKLADISTE	Western Digital 80GB (WDC WD800BB), 7. 200 RPM, IDE interfejs
148	title	0	14	CPU	Intel i5 12500
148	title	17	21	RAM	32GB
148	title	28	38	SKLADISTE	500GB NVMe
148	body	155	174	CPU	Intel Core i5-12500
148	body	176	182	CPU	6C/12T
148	body	301	343	RAM	Kingston FURY Beast 32GB DDR4 3200MHz CL16
148	body	350	376	SKLADISTE	Samsung 980 500GB NVMe M.2
148	body	459	463	RAM	32GB
148	body	514	518	SKLADISTE	NVMe
148	body	608	628	CPU	12. generacija Intel
149	body	45	49	RAM	DDR2
149	body	52	56	RAM	DDR3
149	body	67	84	CPU	Intel 4600 2,4Ghz
149	body	90	98	RAM	2Gb DDR3
149	body	104	122	SKLADISTE	Kingston SSD 240Gb
149	body	133	150	GPU	Nvidia 9300 512Mb
151	title	13	22	CPU	i5 13400F
151	title	29	33	RAM	16gb
151	title	34	45	GPU	RTX2060 6gb
151	title	46	50	SKLADISTE	512g
151	body	165	201	CPU	Intel i5 13400F( 10cores 16 threads)
151	body	241	274	RAM	Geil Evo Forza 2x8gb ddr4 3200Mhz
151	body	277	308	GPU	Gigabyte RTX 2060 6gb OC Gaming
151	body	311	326	SKLADISTE	NVME 512gb m. 2
152	title	0	7	CPU	i3-7100
152	title	8	13	RAM	8ddr4
152	title	14	28	SKLADISTE	M.2 NVME 256gb
152	body	0	24	CPU	i3-7100-sedma generacija
152	body	25	29	SKLADISTE	mn.2
152	body	47	70	CPU	Intel i3-7100 dual core
152	body	87	97	CPU	4x 3900mhz
152	body	99	109	CPU	soket 1151
152	body	192	200	RAM	8gb ddr4
152	body	223	241	GPU	atijeva /128 bitna
152	body	269	300	SKLADISTE	Mn.2-256 mb(brzi 5 puta od sds)
152	body	309	314	SKLADISTE	160gb
153	body	159	172	CPU	Intel Celeron
153	body	194	215	GPU	NVIDIA Ge Force GT710
153	body	303	308	CENA	15000
154	title	15	21	GPU	RX6600
154	title	26	28	RAM	16
154	body	10	17	CPU	Ryzen 5
154	body	20	31	GPU	RX 6600 8GB
154	body	34	38	RAM	16GB
154	body	253	276	CPU	AMD Ryzen 5 4500 6 Core
154	body	277	299	GPU	AMD Radeon RX 6600 8GB
154	body	300	309	RAM	16GB DDR4
154	body	314	319	SKLADISTE	256GB
154	body	324	327	SKLADISTE	1TB
155	title	0	12	CPU	atlon x4 840
155	title	13	18	RAM	8ddr3
155	title	19	25	SKLADISTE	1000gb
155	title	30	45	GPU	gt 630 2gb-ddr3
155	body	0	13	CPU	athlon x4 840
155	body	14	19	RAM	8ddr3
155	body	20	26	SKLADISTE	1000gb
155	body	30	39	GPU	gt630-2gb
155	body	125	139	CPU	soket fm2 plus
155	body	152	180	CPU	amd atlon x4 8400 4x3,100mhz
155	body	189	211	CPU	do 3,400mhz(qvad core)
155	body	222	227	RAM	8 gb3
155	body	234	253	SKLADISTE	1000 gb(1 terabajt)
155	body	282	326	GPU	gt 630 2bg ddr3 (64 bitna) vga, hdim, diport
157	title	6	13	CPU	I7-4770
157	title	14	24	GPU	R9 380 4GB
157	title	25	29	RAM	16GB
157	title	34	39	SKLADISTE	120GB
157	title	44	47	SKLADISTE	1TB
157	body	427	471	CPU	Intel Core i7-4770 (4 jezgra / 8 thread-ova)
157	body	688	710	RAM	16GB DDR3 Dual Channel
157	body	809	841	GPU	AMD Radeon R9 380 4GB (Gigabyte)
157	body	948	962	SKLADISTE	120GB Kingston
157	body	1059	1062	SKLADISTE	1TB
158	title	6	14	CPU	i7 7700K
158	title	15	25	GPU	RX 580 8GB
158	title	26	30	RAM	16GB
158	title	31	41	SKLADISTE	NVMe 128GB
158	title	46	49	SKLADISTE	1TB
158	body	87	166	CPU	Intel Core i7-7700K-Cores 4-Threads 8-Cache 12MB-Frequency 4.2GHz -Turbo 4.5GHz
158	body	193	216	SKLADISTE	M.2 NVMe-1.3 : HP-128GB
158	body	220	236	SKLADISTE	3.5: Toshiba 1TB
158	body	242	275	RAM	DDR4 Sk Hyunix-2x8GB=16GB-2400MHz
158	body	307	368	GPU	Sapphire Nitro+ RX 580-8GB- GDDR 5-256 bita-Bandwidth 256GB/s
159	title	8	12	RAM	DDR4
159	title	35	39	RAM	16GB
159	body	60	64	RAM	DDR4
159	body	87	91	RAM	16GB
159	body	281	285	RAM	DDR4
159	body	297	301	RAM	64GB
159	body	363	397	CPU	INTEL PENTIUM GOLD 6405 4 x 4.1GHz
159	body	422	429	CPU	UHD 610
159	body	531	563	RAM	DDR4 kingston 16GB 2666 MHz\nCL19
159	body	648	655	SKLADISTE	TOSHIBA
159	body	661	673	SKLADISTE	1TB 3.5 Sata
159	body	720	739	SKLADISTE	SILICON POWER 128GB
161	title	8	12	RAM	DDR4
161	title	26	37	CPU	Ryzen 4300G
161	title	38	42	RAM	16GB
161	body	60	64	RAM	DDR4
161	body	78	89	CPU	Ryzen 4300G
161	body	90	94	RAM	16GB
161	body	245	249	SKLADISTE	NVME
161	body	255	258	SKLADISTE	M.2
161	body	261	265	RAM	DDR4
161	body	277	281	RAM	64GB
161	body	343	377	CPU	Ryzen 4300G 4/8THREADS 8 x 3, 8GHz
161	body	386	408	GPU	integrisana AMD Radeon
161	body	494	521	RAM	DDR4 kingston 16GB 2666 MHz
161	body	522	526	RAM	CL19
161	body	593	600	SKLADISTE	Seagate
161	body	606	620	SKLADISTE	500GB 3.5 Sata
161	body	658	679	SKLADISTE	Lexar NVME 256GB 100%
161	body	695	702	SKLADISTE	20 dana
161	body	1343	1347	SKLADISTE	NVME
162	title	0	30	GPU	Leadtek GT520 1024mb DDR3 pcie
162	body	0	7	GPU	LEadtek
162	body	9	14	GPU	GT520
162	body	16	22	GPU	1024mb
162	body	24	33	GPU	DDR3 pcie
162	body	39	52	GPU	DVI, VGA HDMI
163	body	0	27	GPU	Ati radeon hd 4350 (RV 710)
164	title	0	23	GPU	Sapphire Radeon R9 290X
164	body	42	65	GPU	Sapphire Radeon R9 290X
164	body	69	77	GPU	4gb ddr5
164	body	112	116	GPU	hdmi
164	body	168	172	GPU	390x
166	title	0	6	GPU	R9 390
166	body	0	6	GPU	R9 390
166	body	129	141	GPU	AMD® Radeon™
166	body	148	154	GPU	R9 390
166	body	168	179	GPU	Grenada PRO
166	body	194	198	GPU	28nm
166	body	227	231	GPU	2560
166	body	243	274	GPU	1.000MHz (1.025MHz boost clock)
166	body	300	302	GPU	64
166	body	328	331	GPU	160
166	body	359	362	GPU	8GB
166	body	376	381	GPU	GDDR5
166	body	411	417	GPU	512bit
166	body	432	436	GPU	6GHz
166	body	471	485	GPU	3x DisplayPort
166	body	502	509	GPU	1x HDMI
166	body	550	568	GPU	1x DVI-D Dual Link
166	body	597	603	GPU	1x6pin
166	body	605	611	GPU	1x8pin
166	body	639	654	GPU	PCI-Express 3.0
166	body	674	690	GPU	AMD® CrossfireX™
166	body	707	720	GPU	WindForce™ 2X
166	body	742	756	GPU	AMD Eyefinity™
166	body	759	779	GPU	AMD App Acceleration
166	body	781	794	GPU	AMD PowerTune
166	body	796	814	GPU	AMD ZeroCore Power
166	body	816	824	GPU	AMD HD3D
166	body	826	844	GPU	Ultra Durable VGA™
166	body	847	851	GPU	HDCP
166	body	853	864	GPU	OpenGL 4.4®
166	body	867	880	GPU	AMD TrueAudio
166	body	882	904	GPU	Microsoft® DirectX® 12
166	body	906	912	GPU	Mantle
166	body	914	933	GPU	AMD HD3D Technology
166	body	935	948	GPU	AMD FreeSync™
166	body	951	971	GPU	AMD Virtual Super Re
168	body	9	38	GPU	Nvidia geforce 310 512mb ddr2
168	body	43	60	RAM	kingston 2gb ddr2
168	body	65	73	RAM	2gb ddr1
168	body	78	88	RAM	512mb ddr1
168	body	100	123	SKLADISTE	barracuda seagate 160gb
170	title	0	13	GPU	Amd Rx550 2gb
171	title	9	29	GPU	GTX 1050 Pro 3Gb Rom
171	body	17	34	GPU	GTX PRO 1050 3 Gb
171	body	42	50	GPU	6 meseci
171	body	679	699	GPU	hdmi slot, vga, ddr5
171	body	712	719	GPU	3gb rom
171	body	947	974	GPU	NVIDIA GeForce GTX 1050 PRO
171	body	989	995	GPU	NVIDIA
171	body	1003	1023	GPU	GeForce GTX 1050 PRO
171	body	1035	1044	GPU	10DE-1C81
171	body	1046	1057	GPU	Revision A2
171	body	1069	1096	GPU	ASUStek Computer Inc (1043)
171	body	1124	1131	GPU	Level 0
171	body	1151	1158	GPU	159 MHz
171	body	1181	1188	GPU	445 MHz
171	body	1211	1218	GPU	445 MHz
171	body	1228	1236	GPU	0. 675 V
171	body	1249	1254	GPU	14 nm
171	body	1256	1284	GPU	Bus Interface PCI Express x4
171	body	1298	1303	GPU	27 °C
171	body	1320	1336	GPU	26. 21. 14. 4587
171	body	1351	1369	GPU	86. 07. 39. 40. 1e
171	body	1387	1391	GPU	3 gb
171	body	1408	1412	GPU	3 gb
171	body	1444	1445	GPU	1
171	body	1458	1470	GPU	Perf Level 0
171	body	1483	1490	GPU	202 MHz
172	title	17	33	GPU	AMD Radeon RX470
172	body	29	45	GPU	AMD Radeon RX470
172	body	46	103	GPU	XFX OC 4GB GDDR5, 3x DP/HDMI/DL-DVI-D/256bit/RX-470P4LFB6
172	body	110	122	GPU	RX-470P4LFB6
172	body	135	140	GPU	RX470
172	body	174	181	GPU	1226MHz
172	body	197	204	GPU	7000Mhz
172	body	205	251	GPU	DirectX DirectX™ 12 Support OpenGL 4.5 Support
172	body	265	269	GPU	DDR5
172	body	288	291	GPU	4GB
172	body	314	320	GPU	256bit
172	body	330	352	GPU	Dual Unibody Hard Swap
172	body	372	377	GPU	6-pin
172	body	388	404	GPU	24 x 12.1 x 4 cm
175	title	16	35	GPU	1GB Nvidia GTX 260M
175	body	61	97	GPU	1gB Nvidia GTX 260M 60-NV3VG1000-D01
176	title	0	47	GPU	Gigabyte Radeon RX 5500 XT OC 8G GV-R55XTOC-8GD
176	body	0	64	GPU	Gigabyte Radeon RX 5500 XT OC 8G GDDR6 (rev. 2.0) GV-R55XTOC-8GD
177	title	12	25	GPU	rx 580 4 giga
177	body	35	48	GPU	180 mega hesa
177	body	85	90	GPU	1000w
177	body	109	117	RAM	4gb rama
177	body	123	128	SKLADISTE	128gb
177	body	144	149	SKLADISTE	256gb
177	body	177	183	GPU	rx 580
177	body	187	197	GPU	nitro plus
177	body	201	206	GPU	4giga
178	title	0	43	GPU	Nvidia D33088 P118 AGP 64MB GeForce4 MX 440
178	body	0	35	GPU	Nvidia GeForce4 MX 440 VGA 64MB AGP
179	title	0	21	GPU	Gainward 9600GT 512MB
179	body	45	51	GPU	512 MB
179	body	58	70	GPU	DDR3, 256bit
179	body	86	92	GPU	DVI x2
179	body	94	96	GPU	tv
179	body	120	141	GPU	Gainward 9600GT 512MB
179	body	175	197	GPU	NVIDIA GeForce® 9600GT
179	body	216	223	GPU	650 MHz
179	body	234	257	GPU	512 MB GDDR3 (256 bits)
179	body	279	286	GPU	900 MHz
179	body	333	342	GPU	57.6 GB/s
179	body	353	360	GPU	400 MHz
179	body	368	379	GPU	PCI-Express
179	body	391	401	GPU	2-Slot Fan
179	body	420	429	GPU	HD-Output
179	body	446	460	GPU	DUAL DVI + TVO
180	title	0	20	GPU	Nvidia gtx 750ti 2gb
181	title	0	13	GPU	GTX 750Ti 2Gb
182	title	0	17	GPU	R9 390 8GB 512bit
182	body	0	20	GPU	GV-R939G1 GAMING-8GD
182	body	80	93	GPU	Radeon R9 390
182	body	94	136	GPU	I/O Dual-link DVI-D / HDMI / DisplayPort*3
182	body	148	156	GPU	1025 MHz
182	body	176	181	GPU	28 nm
182	body	195	203	GPU	6000 MHz
182	body	216	220	GPU	8 GB
182	body	233	238	GPU	GDDR5
182	body	250	257	GPU	512 bit
182	body	267	276	GPU	PCI-E 3.0
182	body	300	311	GPU	4096 X 2160
182	body	312	324	GPU	Multi-view 4
182	body	335	354	GPU	H=42 L=243 W=114 mm
182	body	355	367	GPU	PCB Form ATX
182	body	368	378	GPU	DirectX 12
182	body	379	389	GPU	OpenGL 4.4
182	body	489	500	GPU	2048 x 1536
183	title	0	7	GPU	GT 1030
183	body	28	35	GPU	GT 1030
184	title	13	36	GPU	MSI Nvidia RTX 3070 8GB
184	body	318	337	GPU	Nvidia RTX 3070 8GB
184	body	575	585	GPU	Nvidia GTX
184	body	590	593	GPU	RTX
184	body	611	614	GPU	4GB
184	body	632	638	GPU	Radeon
184	body	645	656	GPU	serije 6000
184	body	668	671	GPU	8GB
184	body	701	715	GPU	Radeone RX 470
184	body	717	720	GPU	570
184	body	722	725	GPU	580
184	body	727	730	GPU	590
184	body	1410	1414	GPU	270w
185	title	16	47	GPU	Radeon RX 6900 XT OC 16GB GDDR6
185	body	9	45	GPU	Asus tuf radeon rx 6900xt oc edition
185	body	430	450	GPU	amd radeon rx6900 xt
185	body	473	479	GPU	256bit
185	body	500	504	GPU	16GB
185	body	520	525	GPU	gddr6
185	body	538	553	GPU	PCI Express 4.0
185	body	572	582	GPU	amd radeon
185	body	601	608	GPU	16 Gbps
185	body	631	680	GPU	do 2340 MHz (Boost Clock) / 2105 MHz (Game Clock)
185	body	695	744	GPU	do 2310 MHz (Boost Clock) / 2075 MHz (Game Clock)
185	body	764	768	GPU	5120
185	body	781	788	GPU	Aktivno
185	body	796	797	GPU	1
185	body	812	813	GPU	3
185	body	838	846	GPU	8-pin x2
186	title	0	33	GPU	6600 XT MSI GamingX 6600XT Radeon
186	body	0	10	GPU	MSI 6600XT
187	title	0	47	GPU	Zotac Gaming Nvidia GeForce RTX 3090 24GB DDR6X
187	body	102	110	CENA	800 evra
188	title	0	3	GPU	AGP
189	title	9	45	GPU	Sapphire Nitro Radeon RX580 8G DDDR5
190	title	0	21	GPU	Asus HD 7750 GDDR5 V2
190	body	0	14	GPU	HD7750-1GD5-V2
190	body	409	429	GPU	1GB GDDR5 128-bit V2
191	title	0	20	GPU	GeForce GT-220X-znf2
191	body	93	104	GPU	gt-220-znf2
191	body	109	119	GPU	gt220 625m
191	body	168	171	GPU	1gb
191	body	185	192	GPU	128bita
191	body	196	210	GPU	hdmi, dvi, vga
191	body	223	230	GPU	aktivno
191	body	232	249	GPU	dodatno napajanje
193	title	0	23	GPU	Evga Nvidia GTX 460 1GB
193	body	106	122	GPU	Evga GTX 460 1GB
193	body	134	142	GPU	2x6 pina
196	title	0	25	GPU	Nvidija - Ge Force GT 630
196	body	51	66	GPU	GE Force GT 630
196	body	68	74	GPU	GDDR 3
196	body	85	88	GPU	1Gb
196	body	90	97	GPU	128 Bit
197	title	0	25	GPU	Gigabyte GeForce Gtx 1650
197	body	0	56	GPU	Gigabyte GeForce gtx 1650 d6 oc rev 2.0 (gv-n1656oc-4gd)
197	body	74	90	GPU	4gb gddr6 128bit
199	title	15	37	GPU	Ati Radeon HD 2400 Pro
199	body	9	14	GPU	PCI-E
199	body	35	38	GPU	Ati
199	body	42	60	GPU	Radeon HD 2400 Pro
199	body	62	80	GPU	Ati -102-B27602(B)
199	body	83	90	GPU	2 X VGA
199	body	98	100	GPU	TV
199	body	108	130	GPU	DDR2 - 256 Mb / 64 bit
199	body	343	349	CPU	Q-6600
200	title	15	38	GPU	Asus EN9800-HTDP-512M-A
200	body	9	14	GPU	PCI-E
200	body	35	39	GPU	Asus
200	body	43	61	GPU	EN9800-HTDP-512M-A
200	body	65	78	GPU	2 X DVI izlaz
200	body	82	94	GPU	1 X TV izlaz
200	body	98	104	GPU	512 Mb
200	body	116	148	GPU	hladjenje za ogromnim hladnjakom
200	body	160	189	GPU	hladjenje sa velikom turbinom
200	body	416	441	GPU	Siemens - OS WIN 7-32 bit
200	body	445	476	GPU	P5Q - E-5300 - OS WIN 10-64 bin
201	title	15	40	GPU	Asus Radeon X1650PRO 512M
201	body	9	14	GPU	PCI-E
201	body	35	39	GPU	Asus
201	body	43	63	GPU	Radeon X1650PRO 512M
201	body	67	74	GPU	2 X DVI
201	body	84	90	GPU	1 x TV
201	body	100	106	GPU	512 Mb
201	body	252	261	CPU	Intel-ove
201	body	311	317	CPU	E-8200
202	title	15	38	RAM	Gigabyte GV-R4350C-512I
202	body	35	43	GPU	Gigabyte
202	body	47	61	GPU	GV-R4350C-512I
202	body	65	73	GPU	1 X HDMI
202	body	83	90	GPU	1 x DVI
202	body	100	107	GPU	1 x VGA
202	body	117	123	GPU	512 Mb
202	body	139	146	GPU	3.5/5.7
202	body	246	251	CPU	Intel
202	body	269	277	CPU	DELL 755
202	body	299	306	CPU	P5K PRO
202	body	309	315	CPU	Q-6600
203	title	15	35	GPU	Asus GeForce GTS 250
203	body	9	14	GPU	PCI-E
203	body	35	39	GPU	Asus
203	body	43	58	GPU	GeForce GTS 250
203	body	60	83	GPU	DDR3 - 512 Mb - 256 bit
203	body	85	93	GPU	1 X HDMI
203	body	101	108	GPU	1 X DVI
203	body	116	123	GPU	1 X VGA
203	body	131	155	GPU	1 X ventilator hladjenja
203	body	286	293	GPU	6.1/6.0
203	body	393	398	CPU	Intel
203	body	416	424	CPU	DELL 840
203	body	446	462	CPU	P5K PRO - Q-6600
204	title	0	49	GPU	Asus Cerberus GeForce GTX 1050Ti Advanced Edition
204	body	0	9	GPU	4GB DDDR5
206	title	0	31	GPU	Biostar GeForce GT 610 2GB DDR3
206	body	31	46	GPU	PCI Express 2.0
206	body	64	70	GPU	nVidia
206	body	85	90	GPU	GDDR3
206	body	110	114	GPU	2 GB
206	body	136	142	GPU	64 bit
206	body	160	167	GPU	1333MHz
206	body	173	194	GPU	Nvidia GeForce GT 610
206	body	207	213	GPU	700MHz
206	body	215	226	GPU	VGA D-sub 1
206	body	228	233	GPU	DVI 1
206	body	235	241	GPU	HDMI 1
208	title	0	7	GPU	8600GTS
208	title	19	26	GPU	Foxconn
208	body	9	14	GPU	PCI-E
208	body	69	83	GPU	6-pinski molex
208	body	92	102	GPU	256Mb ddr3
208	body	104	111	GPU	2 X DVI
208	body	114	116	GPU	tv
209	title	0	50	GPU	Palit GeForce GTX 560 Ti 1GB 256bit - VGA,DVI,HDMI
209	body	34	71	GPU	Palit GeForce GTX 560 Ti sa 1GB GDDR5
209	body	84	92	GPU	256bit-a
209	body	106	135	GPU	1x VGA, 2x Dual-DVI i 1x HDMI
209	body	143	148	GPU	Palit
209	body	319	322	GPU	DVI
209	body	355	370	GPU	DVI, VGA i HDMI
209	body	418	424	GPU	2x6pin
209	body	475	481	GPU	2x6pin
209	body	498	502	GPU	170W
209	body	564	571	GPU	od 450W
209	body	612	618	GPU	1x6pin
209	body	622	629	CENA	250 din
209	body	662	667	GPU	Palit
209	body	677	709	GPU	GeForce GTX 560 1GB GDDR5 256bit
209	body	727	741	GPU	Geforce GTX560
209	body	756	763	GPU	822 MHz
209	body	783	793	GPU	DirectX 11
209	body	817	824	GPU	1024 MB
209	body	838	845	GPU	256 bit
209	body	853	858	GPU	GDDR5
209	body	867	875	GPU	4008 MHz
209	body	899	906	GPU	400 MHz
209	body	932	941	GPU	2560x1600
209	body	950	966	GPU	PCI Express 2. 0
209	body	981	1000	GPU	Dual-DVI, HDMI, VGA
210	title	0	36	GPU	Gigabyte 5450 HD O.C. ATI Radeon 512
210	body	27	150	GPU	Gigabyte\n\n5450 HD O.C.\n\nATI Radeon\n\n512 Mb Gddr3\n\n64 bit\n\nDvi\n\nVga\n\nHDMI POZLACEN\n\naktivno hladjenje sa ventilatorom\n\nDX 11
210	body	162	169	GPU	700 Mhz
210	body	184	192	GPU	1600 Mhz
210	body	194	209	GPU	Pci express 2.1
210	body	243	259	GPU	2K = 2560 X 1600
210	body	261	299	GPU	Multi- view na 2 monitora\n\nLow profile
210	body	317	322	GPU	18 cm
210	body	335	346	CENA	3200 dinara
211	title	0	37	GPU	Asus HD 3650 Ati Radeon 512 / 128 bit
211	body	63	67	GPU	ASUS
211	body	69	79	GPU	ATI Radeon
211	body	81	95	GPU	HD 3650 Silent
211	body	99	111	GPU	512 Mb Gddr2
211	body	115	122	GPU	128 Bit
211	body	126	133	GPU	DX 10.1
211	body	137	144	GPU	725 Mhz
211	body	152	160	GPU	1000 mhz
211	body	171	187	GPU	320 Shader Cores
211	body	191	199	GPU	Dual Dvi
211	body	203	222	GPU	HDTV / S -Video Out
211	body	226	249	GPU	Pci - Express 2.0 / 16x
211	body	284	310	GPU	(2K) (DVI) 2560 x 1600 pix
211	body	321	337	GPU	Hdmi 1920 x 1200
211	body	339	358	GPU	Vga 2048 x 1536 pix
211	body	397	401	GPU	48 W
211	body	508	513	GPU	17 cm
211	body	674	685	CENA	3800 dinara
214	title	9	41	GPU	GТ 440 Gainward 1GB 128 bit DX11
214	body	34	74	GPU	N-VIDIA /GE - Force za PCI -EXPRESS slot
214	body	76	105	GPU	Gainward GT 440 1 GB/ 128 BIT
214	body	209	216	GPU	780 Mhz
214	body	227	235	GPU	1600 Mhz
214	body	247	255	GPU	1560 Mhz
214	body	259	264	GPU	DX 11
214	body	268	281	GPU	1024 MB GDDR3
214	body	294	301	GPU	128 Bit
214	body	315	337	GPU	DVI + HDMI + CRT (vga)
214	body	341	345	GPU	Cuda
214	body	349	354	GPU	PhsyX
214	body	383	394	GPU	pci-express
214	body	415	426	CENA	6500 dinara
214	body	512	516	GPU	300W
216	title	13	29	GPU	Ge Force FX 5200
216	body	12	23	CENA	4000 dinara
216	body	105	121	GPU	N Vidia Ge Force
216	body	157	169	GPU	5200, 128 MB
216	body	182	213	GPU	VGA, TV-O (s-video input) i DVI
216	body	246	257	GPU	2048 x 1536
217	title	0	44	GPU	PowerColor Red Devil Radeon RX 570 4GB GDDR5
217	body	0	44	GPU	PowerColor Red Devil Radeon RX 570 4GB GDDR5
218	title	0	28	GPU	RX 580 8gb SE Sapphire Nitro
218	body	0	9	GPU	RX580 8gb
220	title	0	34	GPU	Gainward RTX 3060 12Gb Gddr6 Ghost
220	body	110	149	GPU	Gainward RTX 3060 model Ghost! Dual Fan
220	body	151	161	GPU	12 Gb DDR6
220	body	169	177	GPU	192 bita
220	body	183	190	GPU	Dx 12.2
220	body	263	272	GPU	2021. god
220	body	476	484	GPU	0 dB fan
220	body	557	559	GPU	2k
220	body	572	583	GPU	2560 x 1440
220	body	727	729	GPU	4k
220	body	785	794	GPU	450W-500W
220	body	802	811	GPU	38 Ampera
220	body	814	821	GPU	1x8 pin
220	body	1383	1395	CENA	35400 dinara
220	body	1398	1406	CENA	300 eura
221	title	0	25	GPU	Point of view gtx 680 4gb
221	title	43	49	GPU	gtx680
221	body	0	29	GPU	Point of View GeForce GTX 680
221	body	43	53	GPU	VGA-680-A1
221	body	137	159	GPU	NVIDIA GeForce GTX 680
221	body	184	189	GPU	28 nm
221	body	245	254	GPU	1.006 GHz
221	body	325	340	GPU	up to 1.058 GHz
221	body	354	369	GPU	1536 CUDA cores
221	body	371	388	GPU	128 texture units
221	body	394	401	GPU	32 ROPs
221	body	407	422	GPU	GeForce GTX 680
221	body	427	431	GPU	2 GB
221	body	435	440	GPU	GDDR5
221	body	469	476	GPU	256 bit
221	body	500	509	GPU	1.502 GHz
221	body	540	551	GPU	192.26 GB/s
221	body	582	597	GPU	PCI Express 3.0
221	body	619	638	GPU	2 motherboard slots
221	body	680	688	GPU	195 Watt
221	body	744	759	GPU	GeForce GTX 680
221	body	779	782	GPU	SLI
221	body	870	877	GPU	up to 3
221	body	926	943	GPU	4gb ddr5 256 bita
221	body	990	995	GPU	8 pin
221	body	998	1003	GPU	6 pin
222	title	0	14	GPU	Zotac RTX 3060
222	body	36	52	GPU	Rtx 3060ti zotac
223	title	0	14	GPU	Biostar 5700XT
224	title	0	11	GPU	XFX 580 8GB
225	title	0	22	GPU	MSI GeForce GT 240 1GB
226	title	15	25	GPU	6900xt xfx
227	title	0	18	GPU	Radeon Vega 64 8GB
227	body	0	8	GPU	8GB HBM2
227	body	19	38	GPU	Referentni (blower)
228	title	0	34	GPU	GeForce GTX 1050 Ti Low Profile 4G
228	body	26	61	GPU	GeForce® GTX 1050 Ti Low Profile 4G
228	body	312	325	CPU	Ryzen 3 2200g
229	title	0	22	GPU	Nvidia Quadro P400 2GB
230	title	0	14	GPU	Asus gt520 1gb
230	body	85	99	GPU	Asus gt520 1gb
230	body	101	116	GPU	dvi + hdmi+ vga
231	title	0	38	GPU	Gigabyte GeForce GT630 2GB DDR3 128bit
231	body	26	64	GPU	Gigabyte GeForce GT630 2GB DDR3 128bit
232	body	12	20	CENA	2999 din
233	body	0	22	CPU	Intel Core 2 Duo P7350
233	body	40	44	CPU	2GHz
233	body	49	75	GPU	ATI Mobility Radeon HD3470
237	body	48	56	RAM	2gb ddr2
239	body	20	49	CPU	Intel Pentium Dual Core T2330
239	body	53	63	CPU	2x1.60Ghz.
239	body	74	77	RAM	3GB
239	body	79	84	CPU	Intel
239	body	90	95	SKLADISTE	160GB
240	body	143	147	RAM	8 GB
240	body	169	175	SKLADISTE	256 GB
240	body	192	205	CPU	Intel Celeron
240	body	220	225	GPU	Intel
242	title	10	17	CPU	i5-8365
242	title	19	28	RAM	16GB DDR4
242	title	30	39	SKLADISTE	256GB M.2
242	body	184	198	CPU	Intel i5-8365U
242	body	199	207	CPU	4 jezgra
242	body	210	219	CPU	8 tredova
242	body	221	231	CPU	do 4. 1Ghz
242	body	322	339	RAM	8GB DDR4 3200 MHz
242	body	351	369	SKLADISTE	SKHynix 256GB m. 2
242	body	383	394	SKLADISTE	3. 702 MB/s
242	body	404	415	SKLADISTE	1. 783 MB/s
242	body	426	444	GPU	Intel UHD Graphics
242	body	699	707	CENA	285 eura
242	body	712	726	CENA	33. 500 dinara
243	title	15	22	CPU	i7-8850
243	title	24	33	RAM	32GB DDR4
243	title	35	40	SKLADISTE	512GB
243	title	42	50	GPU	P3200 6G
243	body	391	405	CPU	intel i7-8850h
243	body	409	417	CPU	6 jezgra
243	body	420	472	CPU	12 tredova (6 core, 9m cache / 2.6ghz, up to 4.3ghz)
243	body	568	600	RAM	32gb ddr4 2667mhz maximalno 64gb
243	body	632	659	SKLADISTE	sandisk 512gb m.2 pcie nvme
243	body	677	699	GPU	intel uhd graphics 630
243	body	713	742	GPU	nvidia quadro p3200 6gb gddr5
243	body	749	788	GPU	microsoft directx 12 (shader model 5.0)
243	body	957	959	SKLADISTE	sd
243	body	1260	1264	SKLADISTE	"2.5"""
243	body	1290	1298	SKLADISTE	m.2 pcie
243	body	1418	1428	CENA	1.450 eura
243	body	1433	1451	CENA	172.000, oo dinara
244	title	15	20	SKLADISTE	128GB
246	body	18	23	SKLADISTE	500gb
246	body	25	28	RAM	8gb
249	title	21	24	RAM	8GB
249	title	25	32	CPU	Ryzen 3
249	title	33	38	SKLADISTE	128GB
249	title	39	42	SKLADISTE	1TB
249	title	43	46	GPU	2GB
249	body	531	573	CPU	AMD Ryzen 3 2200u; 2. 5GHz (up to 3. 4GHz)
249	body	580	597	GPU	AMD Radeon Vega 3
249	body	604	622	GPU	AMD Radeon 535 2GB
249	body	628	631	RAM	8GB
249	body	643	646	SKLADISTE	1TB
249	body	652	662	SKLADISTE	128GB M. 2
250	body	377	407	CPU	Intel Core i5, 2430 M 2.60 GHz
250	body	424	428	RAM	8 GB
250	body	442	448	RAM	500 GB
250	body	469	482	GPU	Intel HD 3000
250	body	486	505	GPU	AMD Radeon HD 7470m
253	title	30	48	CPU	Intel Celeron N306
253	body	30	51	CPU	Intel® Celeron® N3060
253	body	61	64	RAM	4GB
253	body	65	70	SKLADISTE	500GB
253	body	71	89	GPU	Intel® HD Graphics
253	body	288	307	CENA	od 40 do 51 hiljadu
254	title	25	29	RAM	16GB
254	title	34	37	SKLADISTE	1TB
255	body	120	151	CPU	Intel Core i3-10110U, Dual Core
255	body	162	182	RAM	8 GB DDR4 - 2666 MHz
255	body	194	200	SKLADISTE	256 GB
255	body	214	223	GPU	Intel UHD
258	body	185	193	CPU	i7-6600U
258	body	215	219	RAM	20gb
258	body	224	228	RAM	DDR4
258	body	242	247	SKLADISTE	500gb
258	body	255	272	GPU	Intel HD Graphics
261	title	33	41	CPU	i5 9300H
261	title	42	50	GPU	GTX 1660
261	body	58	75	CPU	devete generacije
261	body	80	85	SKLADISTE	512GB
261	body	99	103	RAM	16GB
261	body	113	128	GPU	GTX 1660TIGDDR6
261	body	138	146	CPU	i5 9300H
262	body	153	163	CENA	1000dinara
263	title	12	22	CPU	AMD Phenom
263	title	24	39	GPU	AMD Radeon 5450
263	title	41	44	RAM	4GB
263	body	177	195	CPU	AMD Phenom II P960
263	body	206	233	GPU	AMD Mobility Radeon HD 5450
263	body	234	238	GPU	5470
263	body	245	253	RAM	4GB DDR3
263	body	265	268	SKLADISTE	320
264	body	45	73	CPU	2,3 GHz 8-Core Intel Core i9
264	body	74	104	GPU	Intel UHD Graphics 630 1536 MB
264	body	105	124	RAM	16 GB 2667 MHz DDR4
264	body	125	129	SKLADISTE	1 TB
267	body	171	195	CPU	Intel Atom N455 1.66 GHz
267	body	209	217	RAM	1Gb ddr2
267	body	228	239	SKLADISTE	160 Gb sata
268	body	177	207	CPU	Intel Core 2 Duo T9600 2.80GHz
268	body	218	230	SKLADISTE	5000 Gb sata
268	body	244	253	RAM	4 Gb ddr2
268	body	262	282	GPU	Nvidia Quadro FX770M
270	title	16	18	RAM	24
270	title	19	24	SKLADISTE	512gb
270	body	17	19	RAM	24
270	body	20	25	SKLADISTE	512gb
270	body	34	48	CPU	AMD Ryzen 3.1G
272	body	111	120	CPU	i3 -4000M
272	body	127	143	CPU	2.40GHz 2.40 GHz
272	body	149	153	RAM	8 GB
272	body	155	177	GPU	Intel HD Graphics 4600
272	body	183	189	SKLADISTE	150 GB
272	body	191	199	CENA	140 evra
272	body	307	346	CPU	Intel Core i5 (3rd Gen) 3320M / 2.6 GHz
272	body	352	356	RAM	8 GB
272	body	358	364	SKLADISTE	128 GB
272	body	370	383	GPU	Intel HD 4000
272	body	401	409	CENA	130 evra
274	title	20	41	CPU	Core i7-2670QM 2.2GHz
274	title	42	45	RAM	4GB
274	title	46	50	SKLADISTE	640G
274	body	51	78	CPU	Intel Core i7 2670QM 2.2GHz
274	body	106	122	RAM	6GB DDR3 1333MHz
274	body	138	161	GPU	NVIDIA GeForce 525M 1GB
274	body	172	183	SKLADISTE	640GB SATA2
278	body	80	100	CPU	Intel Celeron(R) 560
278	body	102	127	CPU	2130 Mhz / 1 Mb / 533 MHz
278	body	140	149	RAM	2 Gb DDR2
278	body	157	163	SKLADISTE	160 Gb
278	body	166	174	SKLADISTE	100/100%
278	body	207	222	GPU	Mobile Intel(R)
278	body	224	244	GPU	965GM Expres Chipset
278	body	247	253	GPU	128 Mb
278	body	445	453	CENA	6500 din
278	body	512	545	CPU	Intel(R) Core(TM) 2 Duo CPU T5870
278	body	547	576	CPU	2 X 2000 Mhz / 2 Mb / 800 MHz
278	body	589	598	RAM	3 Gb DDR2
278	body	606	620	SKLADISTE	Hitachi 320 Gb
278	body	622	627	SKLADISTE	80 Gb
278	body	637	643	SKLADISTE	240 Gb
278	body	682	699	GPU	Ati Radeon 320 HD
278	body	701	707	GPU	320 Mb
278	body	906	914	CENA	7000 din
278	body	964	997	CPU	Intel(R) Core(TM) 2 Duo CPU T5200
278	body	999	1024	CPU	1600 Mhz / 2 Mb / 533 MHz
278	body	1037	1046	RAM	3 Gb DDR2
278	body	1054	1060	SKLADISTE	500 Gb
278	body	1062	1067	SKLADISTE	80 Gb
278	body	1077	1083	SKLADISTE	420 Gb
278	body	1123	1157	GPU	Mobile Intel(R) 945 Expres Chipset
278	body	1159	1175	GPU	Intel(R) GMA 950
278	body	1178	1184	GPU	128 Mb
278	body	1349	1357	CENA	5800 din
279	body	97	139	CPU	Intel T7200 Core 2 Duo 2 X 2000 Mhz / 4 Mb
279	body	174	183	RAM	2 Mb DDR2
279	body	205	229	GPU	Intel GMA X3100 - 144 Mb
279	body	281	294	SKLADISTE	160 GB - SATA
279	body	462	470	CENA	5400 din
279	body	536	578	CPU	Intel T7400 Core 2 Duo 2 X 2100 Mhz / 4 Mb
279	body	613	622	RAM	2 Mb DDR2
279	body	644	668	GPU	Intel GMA X3100 - 144 Mb
279	body	720	726	SKLADISTE	160 GB
279	body	901	909	CENA	5400 din
280	title	12	20	CPU	i7-5500U
280	title	21	29	RAM	8GB DDR3
280	title	30	35	SKLADISTE	750GB
280	body	130	149	CPU	Intel Core i7-5500U
280	body	153	160	CPU	2.40GHz
280	body	171	180	RAM	8 GB DDR3
280	body	193	199	SKLADISTE	750 GB
280	body	234	247	GPU	Intel HD 5500
281	title	20	28	CPU	i5-8265U
281	title	29	33	RAM	8 GB
281	body	211	225	CPU	Intel i5-8265U
281	body	229	244	CPU	1.60 - 1.80 GHz
281	body	280	289	RAM	8 GB DDR4
281	body	326	332	SKLADISTE	128 GB
281	body	337	341	SKLADISTE	NVMe
281	body	452	465	GPU	Intel UHD 620
282	title	11	20	CPU	A10-5750M
282	title	21	27	SKLADISTE	240 GB
282	title	32	36	RAM	8 GB
282	body	129	143	CPU	ADMD A10-5750M
282	body	147	155	CPU	2.50 GHz
282	body	166	170	RAM	8 GB
282	body	183	189	SKLADISTE	240 GB
282	body	236	255	GPU	AMD Radeon HD 8650M
283	title	11	24	CPU	intel celeron
283	title	25	28	RAM	6gb
283	title	29	34	SKLADISTE	750gb
283	body	127	140	CPU	intel celeron
283	body	150	155	CPU	1007u
283	body	159	168	CPU	1. 50 ghz
283	body	170	178	RAM	6gb ddr3
283	body	180	185	SKLADISTE	750gb
283	body	192	197	GPU	intel
286	title	20	28	CPU	i7 5600u
286	title	29	30	RAM	8
286	title	31	36	SKLADISTE	128gb
286	body	65	78	CPU	intel core i7
286	body	432	486	CPU	intel core i7 5600u na 2.60ghz turbo 3.20ghz 4mb cache
286	body	488	493	SKLADISTE	128gb
286	body	535	548	SKLADISTE	2,5 inca sata
286	body	554	562	RAM	8gb ddr3
286	body	564	610	GPU	intel hd grafika 5500\n\nnVidia geForce 840m 2gb
286	body	865	885	CPU	Intel® Core i7-5600u
286	body	895	903	RAM	8GB DDR3
286	body	918	923	SKLADISTE	128gb
286	body	1010	1023	GPU	Intel® HD5500
286	body	1034	1051	GPU	Nvidia GT840M 2gb
287	title	11	35	CPU	intel atom Z8350 1.44Ghz
287	title	36	39	RAM	2gb
287	title	40	44	SKLADISTE	32gb
287	body	221	266	CPU	Intel Atom Quad Core Z8350 1.44 GHz Cache 2MB
287	body	279	287	RAM	2GB DDR3
287	body	298	326	GPU	Intel Integrated HD Graphics
287	body	358	364	SKLADISTE	32eMMC
287	body	687	690	RAM	2gb
287	body	697	701	SKLADISTE	32gb
288	title	22	28	CPU	AMD E1
288	title	29	37	RAM	4gb ddr3
288	title	38	43	SKLADISTE	500gb
288	body	89	100	CPU	AMD E1 2100
288	body	111	118	CPU	1.00ghz
288	body	130	138	RAM	4GB DDR3
288	body	151	156	SKLADISTE	500gb
288	body	192	210	GPU	AMD RADEON HD 8210
288	body	566	569	RAM	4gb
288	body	580	585	SKLADISTE	500gb
288	body	610	613	GPU	amd
289	title	23	31	CPU	i5 3317u
289	title	32	40	RAM	4gb DDR3
289	title	41	46	SKLADISTE	128gb
289	body	562	584	CPU	intel i5 3317u 1,70ghz
289	body	586	589	RAM	4gb
289	body	635	640	SKLADISTE	128gb
291	body	20	27	CPU	i5,6gen
291	body	301	306	CENA	80 eu
291	body	320	327	CPU	i5 6gen
291	body	463	468	CENA	45 eu
291	body	482	489	CPU	i5,4gen
291	body	633	638	CENA	45 eu
291	body	652	654	CPU	i5
291	body	865	870	CENA	45 eu
291	body	892	899	CPU	i3,5gen
291	body	1033	1038	CENA	40 eu
291	body	1061	1063	CPU	i5
291	body	1279	1284	CENA	50 eu
292	body	20	29	CPU	i5-10210U
292	body	30	38	RAM	8GB DDR4
292	body	39	47	SKLADISTE	256 NVMe
292	body	176	178	CPU	i5
292	body	188	201	CPU	10 generacije
292	body	205	214	GPU	intel UHD
292	body	290	298	RAM	8gb ddr4
292	body	308	318	SKLADISTE	256gb nvme
292	body	379	384	CENA	260eu
292	body	406	415	CPU	i3 10 gen
292	body	416	419	RAM	8gb
292	body	420	425	SKLADISTE	256gb
292	body	648	650	CPU	i3
292	body	660	673	CPU	10 generacije
292	body	677	685	GPU	intel hd
292	body	695	703	RAM	8gb ddr4
292	body	715	720	SKLADISTE	256gb
292	body	785	790	CENA	240eu
292	body	814	821	CPU	i5,7gen
292	body	822	825	RAM	8gb
292	body	825	835	SKLADISTE	256gb nvme
292	body	1083	1098	CPU	i5 7 generacije
292	body	1102	1110	GPU	intel hd
292	body	1120	1128	RAM	8gb ddr4
292	body	1140	1150	SKLADISTE	256gb nvme
292	body	1291	1296	CENA	180eu
293	body	115	122	CPU	A4 9125
293	body	123	131	GPU	Radeon 3
293	body	132	136	CENA	35eu
293	body	167	172	CENA	45 eu
293	body	200	205	CENA	20 eu
293	body	217	222	CENA	15 eu
293	body	236	241	CENA	10 eu
293	body	249	253	CENA	6 eu
293	body	264	268	CENA	6 eu
293	body	283	287	CENA	5 eu
295	title	19	30	CPU	15IKB Intel
295	body	47	53	CPU	i3 7th
295	body	54	62	CENA	4000 din
295	body	89	97	CENA	2500 din
295	body	113	121	CENA	2000 din
295	body	145	153	CENA	3000 din
295	body	188	196	CENA	1800 din
295	body	204	212	CENA	1500 din
295	body	227	235	CENA	1200 din
295	body	249	257	CENA	1500 din
295	body	272	280	CENA	1500 din
295	body	288	296	CENA	1800 din
296	title	17	33	GPU	GTX 1050 ti 4 gb
296	body	111	126	CPU	INTEL I5 7300HQ
296	body	134	144	RAM	16 GB DDR4
296	body	146	150	SKLADISTE	NVMe
296	body	157	162	SKLADISTE	256GB
296	body	169	175	SKLADISTE	1024GB
296	body	184	196	GPU	Intel HD 630
296	body	205	233	GPU	NVIDIA GTX 1050 ti 4gb gddr5
297	body	10	56	CPU	Intel Core i9-13900hx 13. generacije, 2200 Mhz
297	body	63	87	GPU	laptop RTX 4090 od 16 GB
297	body	94	104	RAM	32 GB DDR5
297	body	147	151	SKLADISTE	1 TB
298	title	20	28	CPU	i3 7130u
298	title	29	37	RAM	8gb DDR4
298	title	38	43	SKLADISTE	128gb
298	body	473	478	CPU	intel
298	body	488	538	CPU	7. generacije i3 7130u 2.70ghz 3mb cache Kaby Lake
298	body	540	548	RAM	8gb DDR4
298	body	550	555	SKLADISTE	128gb
298	body	587	594	SKLADISTE	11 dana
298	body	596	601	GPU	intel
299	title	19	27	CPU	i5 7300u
299	title	28	31	RAM	4gb
299	title	32	37	SKLADISTE	128gb
299	body	10	37	CPU	Intel Core i5 7300U 2.60GHz
299	body	48	57	RAM	4 GB DDR4
299	body	69	75	SKLADISTE	128 GB
299	body	89	101	GPU	Intel HD 520
299	body	242	266	CPU	intelom i5 7. generacije
302	body	5	23	CPU	i5-6300U @ 2.40GHz
302	body	29	38	RAM	16GB DDR4
302	body	48	78	GPU	Intel HD Graphics 520 (Lenovo)
302	body	161	166	SKLADISTE	256GB
303	body	63	83	CPU	Intel T7500 - 2,2GHz
303	body	94	117	GPU	nVidia GeForce 8400M GT
303	body	123	126	RAM	2gb
304	body	102	119	CPU	Intel i3 2,53 GHz
304	body	129	147	GPU	ATI Radeon HD 5470
304	body	153	162	RAM	DDR3 2 gb
305	title	21	36	CPU	intel i7-4700MQ
305	title	37	41	SKLADISTE	16gb
305	title	42	50	CPU	Quadcore
305	body	12	53	CPU	Intel® Core i7-47000QM 4x2,4ghz 6mb cache
305	body	64	73	RAM	16GB DDR3
305	body	155	160	SKLADISTE	128gb
305	body	266	286	GPU	Nvidia Quadro K1100M
305	body	290	293	GPU	2gb
305	body	304	308	GPU	VRAM
305	body	731	748	CPU	intel procesor i7
305	body	750	769	RAM	16 gb memorija DDR3
305	body	771	777	SKLADISTE	128 gb
306	body	10	37	CPU	Intel(R) Core(TM) i7-7700HQ
306	body	44	62	CPU	2. 80GHz 2. 81 GHz
306	body	90	98	RAM	8. 00 GB
307	body	66	85	CPU	Intel Atom CPU N270
307	body	95	119	GPU	Mobile Intel 945 Express
307	body	125	129	RAM	2 gb
309	title	33	42	CPU	i5 6300HQ
309	title	43	49	GPU	ATI R9
309	body	38	105	CPU	Intel i5-6300HQ 4x2. 30GHz Turbo mode 4x3. 20GHz 6mb cache quadcore
309	body	113	123	RAM	12 GB ddr4
309	body	136	145	GPU	intel 530
309	body	158	199	GPU	AMD Radeon R9 M375 4GB DDR5 128 Bita DX12
309	body	207	212	SKLADISTE	256GB
309	body	217	224	SKLADISTE	SanDisk
309	body	235	241	SKLADISTE	100/96
309	body	253	260	SKLADISTE	95 dana
309	body	777	795	GPU	AMD RADEON R9 M375
309	body	799	816	GPU	4gb DDR5 128 bita
310	title	21	34	CPU	core i5 8250u
310	title	35	36	RAM	8
310	title	37	42	SKLADISTE	256gb
310	body	50	83	CPU	intel i5 procesorom 8. generacije
310	body	85	104	CPU	intel core i5 8250u
310	body	106	114	RAM	8gb ddr4
310	body	116	121	SKLADISTE	256gb
310	body	136	143	SKLADISTE	100/100
310	body	155	160	SKLADISTE	1 sat
310	body	162	183	GPU	intel UHD 620 grafika
311	body	140	148	RAM	4GB DDR3
311	body	159	186	CPU	Intel(R) Pentujum® CPU B950
311	body	189	196	CPU	2,1 GHZ
311	body	213	231	GPU	Intel(R) HD 192 MB
311	body	243	249	SKLADISTE	500 GB
313	title	19	30	CPU	Core 5 120U
313	title	31	40	RAM	16gb DDR5
313	title	41	46	SKLADISTE	512gb
313	body	62	79	CPU	Intel Core 5 120U
313	body	92	101	RAM	16GB DDR5
313	body	110	115	SKLADISTE	512GB
313	body	371	385	CPU	14. generacije
313	body	397	408	CPU	2025 godine
313	body	437	451	CENA	150.000 dinara
313	body	607	612	SKLADISTE	1 dan
313	body	782	848	CPU	Intel Core 5 120U (10 jezgara, do 5.0 GHz, 12MB Intel Smart Cache)
313	body	1019	1037	RAM	16GB DDR5 5600MT/s
313	body	1039	1044	SKLADISTE	512GB
313	body	1050	1058	SKLADISTE	M.2 NVMe
314	title	21	31	CPU	i7 8th Gen
314	title	32	36	RAM	16GB
314	title	41	46	SKLADISTE	512GB
314	body	120	133	CPU	Intel Core i7
314	body	145	158	CPU	8. generacije
314	body	166	176	SKLADISTE	512GB NVMe
314	body	190	194	RAM	16GB
314	body	597	616	CPU	Intel Core i7-8665U
314	body	629	633	RAM	16GB
314	body	646	651	SKLADISTE	512GB
314	body	656	660	SKLADISTE	NVMe
315	title	31	40	CPU	I5-1135G7
315	title	41	43	RAM	16
315	title	44	49	SKLADISTE	512GB
315	body	606	658	CPU	Intel Core i5-1135G7 (4 jezgra / 8 niti, do 4.20GHz)
315	body	680	694	CPU	11. generacije
315	body	702	711	RAM	16GB DDR4
315	body	780	790	SKLADISTE	512GB NVMe
315	body	844	866	GPU	Intel Iris Xe Graphics
316	title	19	31	CPU	Ultra 7 165U
316	title	32	41	RAM	32GB DDR5
316	title	46	49	SKLADISTE	1TB
316	body	677	700	CPU	Intel Core Ultra 7 165U
316	body	792	822	RAM	32GB DDR5 5600MHz Dual Channel
316	body	903	911	SKLADISTE	1TB NVMe
316	body	917	925	SKLADISTE	SK Hynix
316	body	996	1010	GPU	Intel Graphics
317	title	21	29	CPU	i7-8665U
317	title	30	34	RAM	32GB
317	title	39	49	SKLADISTE	512GB NVMe
317	body	120	133	CPU	Intel Core i7
317	body	145	158	CPU	8. generacije
317	body	166	176	SKLADISTE	512GB NVMe
317	body	190	194	RAM	32GB
317	body	597	616	CPU	Intel Core i7-8665U
317	body	629	633	RAM	32GB
317	body	646	651	SKLADISTE	512GB
317	body	656	660	SKLADISTE	NVMe
319	body	28	55	CPU	AMD Ryzen 3 3250U, 2.60 GHz
319	body	62	81	RAM	8 GB DDR4, 2400 MHz
319	body	92	141	GPU	AMD Radeon Vega 3 Graphics, 2 GB deljene memorije
319	body	148	162	SKLADISTE	238 GB Samsung
320	body	284	289	CPU	Ryzen
320	body	468	485	CPU	AMD Ryzen 3 3200U
320	body	490	514	GPU	integrisanom Radeon Vega
320	body	538	547	RAM	8 GB DDR4
320	body	570	576	SKLADISTE	256 GB
321	body	170	178	CENA	6000 din
321	body	198	227	CPU	Intel Core i3 350M @ 2.27 GHz
321	body	231	240	RAM	4 GB DDR3
321	body	244	250	SKLADISTE	320 GB
321	body	264	281	GPU	Intel HD Graphics
322	body	81	84	CENA	40e
322	body	101	109	CENA	2000 din
329	body	42	75	CPU	AMD Phenom II X4 965 BlackEdition
329	body	80	104	RAM	8gb HyperX DDR3 Kingston
330	body	113	133	CPU	Intel Socket 775 LGA
330	body	135	173	CPU	Intel Celeron D420 /1, 6 GHz / 800 MHz
330	body	194	199	RAM	DDR 2
330	body	201	214	RAM	1 Gb PC2-5300
332	title	21	24	CPU	775
332	title	25	29	RAM	DDR2
332	body	146	162	CPU	Intel Core 2 Duo
332	body	164	188	CPU	Intel Core 2 Duo Extreme
332	body	190	207	CPU	Intel Core 2 Quad
332	body	225	235	CPU	Socket 775
332	body	352	356	RAM	DDR2
332	body	360	367	RAM	533 MHz
332	body	369	376	RAM	667 MHz
332	body	393	397	RAM	DDR2
332	body	422	426	RAM	4 GB
334	body	86	99	SKLADISTE	GEIL 2GB DDR2
334	body	126	150	CPU	Dual Core E5200 2.50 Ghz
337	body	42	55	CPU	Ryzen 3 3200G
340	body	51	82	CPU	AMD Athlon(tm) II X2 250, 3 ghz
343	title	0	4	RAM	DDR3
343	body	254	258	RAM	DDR4
343	body	259	263	RAM	DDR5
343	body	307	323	SKLADISTE	LEXAR NVME 256GB
343	body	355	361	CENA	3000.-
343	body	398	404	CENA	1500.-
343	body	406	411	SKLADISTE	LEXAR
343	body	412	416	SKLADISTE	NVME
343	body	422	440	SKLADISTE	256GB 100% 20 dana
343	body	447	453	CENA	8000.-
344	body	60	67	CENA	1999din
344	body	83	90	CENA	2499din
344	body	107	114	CENA	2999din
344	body	125	132	CENA	3499din
354	body	242	258	CENA	45.000-50.000rsd
391	body	394	406	CENA	10000 dinara
414	title	0	13	RAM	2x8gb IBM DD3
414	title	23	37	RAM	ECC registered
414	body	31	44	RAM	2x8gb IBM DD3
414	body	54	68	RAM	ECC Registered
414	body	124	138	RAM	ECC Registered
414	body	140	169	RAM	240-pin, PC3-10600R, 1333 MHz
414	body	180	195	RAM	1.5V, CL9, 2Rx4
415	title	9	13	RAM	ddr2
415	body	13	17	RAM	ddr2
415	body	45	48	RAM	256
415	body	49	52	RAM	512
415	body	53	56	RAM	1gb
415	body	59	62	RAM	2gb
416	title	0	26	RAM	Team Group 2gb 1333mhz cl9
417	title	13	30	RAM	4GB 1600MHz DDR3L
417	body	13	30	RAM	4GB 1600MHz DDR3L
420	title	0	9	RAM	Adata 4GB
420	body	0	4	RAM	DDR3
422	title	13	23	RAM	DDR3, 2 GB
422	body	19	26	RAM	Samsung
422	body	35	76	RAM	2GB 1066MHz DDR3 SO-DIMM M471B5673FH0-CF8
422	body	89	109	RAM	DDR3 200-Pin SO-DIMM
422	body	122	129	RAM	2048 MB
422	body	151	159	RAM	1066 MHz
422	body	174	175	RAM	7
423	title	25	43	RAM	2x4gb ddr3 1600Mhz
423	body	74	78	RAM	DDR3
423	body	91	95	RAM	8 GB
423	body	110	116	RAM	PLEXHD
423	body	118	143	RAM	PlexHD 2x4GB DDR3 1600Mhz
424	body	112	120	RAM	2x 256mb
424	body	140	147	CPU	lga 775
424	body	152	170	CPU	intel® pentium® xe
424	body	173	183	CPU	pentium® d
424	body	186	196	CPU	pentium® 4
424	body	199	209	CPU	celeron® d
424	body	213	226	CPU	fsb 1066* mhz
424	body	274	277	CPU	800
424	body	278	285	CPU	533 mhz
424	body	320	335	CPU	hyper-threading
424	body	359	378	CPU	untied overclocking
424	body	402	407	CPU	em64t
424	body	414	421	CPU	fsb1066
424	body	500	512	RAM	ddr400 cl2.5
424	body	603	619	RAM	dual channel ddr
424	body	641	653	RAM	2 x ddr dimm
424	body	672	678	RAM	ddr400
424	body	679	682	RAM	333
424	body	683	707	RAM	266 non-ecc, un-buffered
424	body	750	753	RAM	2gb
425	body	100	104	RAM	DDR1
425	body	105	109	RAM	DDR2
425	body	110	114	RAM	DDR3
425	body	115	119	RAM	DDR4
426	title	0	16	RAM	DDR2 667 800 MHz
426	title	19	37	RAM	DDR3 1333 1600 MHz
426	title	47	50	RAM	SOD
426	body	76	133	RAM	Samsung, Micron, Hynix, Kingston, Crucial, Nanya, Ramaxel
426	body	139	161	RAM	DDR2 512MB 533 667 MHz
426	body	162	169	CENA	150 din
426	body	171	187	RAM	DDR2 1GB 667 MHz
426	body	188	195	CENA	300 din
426	body	197	217	RAM	DDR2 2GB 667 800 MHz
426	body	218	225	CENA	800 din
426	body	227	244	RAM	DDR3 2GB 1333 MHz
426	body	245	252	CENA	600 din
426	body	254	284	RAM	DDR3 i DDR3L 4GB 1333 1600 MHz
426	body	285	293	CENA	1200 din
427	title	13	15	RAM	PC
427	title	16	19	RAM	PC2
427	title	20	23	RAM	PC3
427	title	24	29	RAM	512mb
427	title	31	34	RAM	1GB
427	title	36	39	RAM	2GB
427	title	41	44	RAM	4GB
427	body	111	118	RAM	Samsung
427	body	119	127	RAM	Kingston
427	body	144	149	RAM	512mb
427	body	151	157	CENA	400din
427	body	159	162	RAM	1gb
427	body	164	170	CENA	700din
427	body	172	175	RAM	2gb
427	body	177	184	CENA	1200din
427	body	186	189	RAM	4gb
427	body	191	198	CENA	1800din
427	body	204	219	RAM	DDR, DDR2, DDR3
428	title	13	29	RAM	1G DDR2 800 DIMM
430	title	0	16	RAM	Samsung DDR3 4GB
430	body	30	37	RAM	SAMSUNG
430	body	54	62	RAM	4GB DDR3
430	body	156	164	CENA	3500 din
430	body	193	201	CENA	3000 din
431	title	0	47	RAM	Corsair vengeance rgb 32gb (2 x 16gb) ddr4 dram
431	body	0	76	RAM	Corsair vengeance rgb 32gb (2 x 16gb) ddr4 dram 3333mhz (cmr32gx4m2c3333c16)
433	title	0	8	RAM	Kingston
433	title	13	21	RAM	4GB DDR3
433	body	0	34	RAM	4GB PC3L-12800 CL11 204-Pin SODIMM
435	title	0	18	RAM	Ddr3 4x1gb Samsung
435	body	0	8	RAM	1066 MHz
436	title	0	3	RAM	4GB
436	body	0	3	RAM	4GB
436	body	31	35	RAM	DDR3
437	title	0	3	RAM	8gb
437	title	8	12	RAM	ddr3
437	title	16	29	RAM	1600mhz 2x4gb
437	title	33	42	RAM	pc3-12800
437	body	18	21	RAM	8gb
437	body	88	92	RAM	16gb
437	body	368	382	SKLADISTE	194. 6667 dana
438	body	51	56	RAM	ADATA
438	body	63	76	RAM	Memory Expert
438	body	80	91	RAM	2x 1GB DDR2
438	body	113	119	RAM	667MHz
438	body	138	141	RAM	CL5
438	body	155	159	RAM	1.8V
438	body	161	166	RAM	ADATA
438	body	378	383	RAM	Adata
438	body	393	443	RAM	Memory Expert 2x1GB 667MHz DDR2 M20AD5G314170Q1C58
438	body	458	475	RAM	DDR2 240-Pin DIMM
438	body	489	498	RAM	2x1024 MB
438	body	522	529	RAM	667 MHz
438	body	545	546	RAM	5
439	body	62	66	RAM	DDR3
439	body	81	84	RAM	2GB
442	title	18	22	RAM	ddr3
442	body	28	76	RAM	DDR3 1600MHz 2GB Kingston HyperX, KHX1600C9D3/2G
443	title	0	32	RAM	Infineon 2Gb / 400Mhz ddr1 sdram
443	body	0	46	CPU	Infineon 512Mb / 400Mhz DDR1 SDRAM / set 4 kom
444	title	0	20	RAM	Hynix 4Gb. DDR3 1600
445	title	0	19	RAM	Kinston KCP421SS8/8
446	title	0	34	RAM	Corsair Dominator 4Gb DDR3 1600Mhz
446	body	0	37	RAM	Corsair CMD12GX3M6A1600C8 4Gb 1600Mhz
447	title	0	29	RAM	Hynix 2GB / 400Mhz DDR1 SDRAM
447	body	0	31	RAM	Hynix 512Mb / 400Mhz DDR1 SDRAM
448	title	21	38	RAM	4GB DDR4 2400 MHz
448	body	21	38	RAM	4GB DDR4 2400 MHz
449	title	14	30	RAM	3gb ddr3 1333mhz
449	body	37	45	RAM	ddr3 3gb
449	body	49	56	RAM	1333mhz
449	body	58	63	RAM	1x1gb
449	body	66	71	RAM	1x2gb
450	title	5	25	RAM	ddr3 8gb sodimm 1600
450	body	6	26	RAM	ddr3 8gb sodimm 1600
452	title	0	16	RAM	KingMax 4gb DDR2
452	title	21	25	RAM	1066
452	body	38	42	RAM	ddr2
453	title	13	24	RAM	2x 8gb ddr3
453	body	32	43	RAM	ddr3 x2 8gb
454	title	0	7	RAM	Samsung
454	title	27	35	RAM	DDR2 2Gb
454	body	34	38	RAM	DDR2
454	body	49	59	RAM	2gb sodim2
455	title	0	26	RAM	Ddr3 OCZ Special OPS 2x1Gb
455	body	12	23	CENA	1800 dinara
455	body	86	89	RAM	OCZ
455	body	124	128	RAM	DDR3
455	body	130	138	RAM	2 X 1 GB
455	body	147	151	RAM	2 gb
455	body	164	172	RAM	1333 Mhz
455	body	175	183	RAM	CL 9-9-9
455	body	185	190	RAM	1.7 V
455	body	192	211	RAM	Special OPS Edition
455	body	214	222	RAM	PC 10666
455	body	235	253	RAM	OCZ 3 SOE 1333 2GK
456	title	13	37	RAM	DDR1 Infineon 2 x 256 MB
456	body	12	22	CENA	600 dinara
456	body	34	37	RAM	dve
456	body	128	133	RAM	DDR 1
456	body	135	145	RAM	2 X 256 MB
456	body	149	157	RAM	INFINEON
456	body	168	171	RAM	dva
456	body	189	213	RAM	2x 256 Mb @400 Mhz / CL3
458	title	0	49	RAM	Corsair Ddr3 3 x 1 Gb 1333 Platinum Series Xtreme
458	body	12	23	CENA	2900 dinara
458	body	88	95	RAM	Corsair
458	body	97	112	RAM	Platinum series
458	body	263	267	RAM	DDR3
458	body	269	277	RAM	3 X 1 GB
458	body	286	290	RAM	3 gb
458	body	303	311	RAM	1333 Mhz
458	body	314	327	RAM	CL 9-9-9 - 24
458	body	329	334	RAM	1.5 V
458	body	337	343	RAM	ver2.1
458	body	356	376	RAM	CORSAIR TR3X3G1333C9
459	title	0	23	RAM	Hynix DDR2 - 1GB 800MHz
459	body	0	38	RAM	Hynix PC2-6400U-666-12 - 1GB - 800 MHz
459	body	78	91	RAM	1 komad - 1GB
459	body	94	101	CENA	300 din
459	body	103	117	RAM	2 komada - 2GB
459	body	120	127	CENA	550 din
459	body	129	141	RAM	4 komada 4GB
459	body	144	151	CENA	800 din
459	body	228	240	RAM	dual chanell
460	title	4	12	RAM	DDR3 2GB
460	body	21	25	RAM	DDR3
460	body	29	40	RAM	2GB 1333Mhz
460	body	46	79	RAM	Atermiter (Nanya) 2GB 1333Mhz CL9
460	body	84	117	RAM	Atermiter (Nanya) 2GB 1333Mhz CL9
460	body	122	147	RAM	Transcend 2GB 1333Mhz CL9
460	body	152	175	RAM	Patriot 2GB 1333Mhz CL9
461	title	9	14	RAM	DDR 3
461	title	21	50	RAM	Samsung 3GB 1Rx8 PC3-10600S-0
461	body	9	21	RAM	So-dimm DDR3
461	body	48	55	RAM	Samsung
461	body	59	88	RAM	3GB 1Rx8 PC3-10600S-09-10-ZZZ
461	body	99	107	RAM	1333 MHz
461	body	111	127	RAM	3072 Mb/1333 MHz
462	title	9	14	RAM	DDR 3
462	title	21	50	RAM	Micron 4Gb 2RX4 PC3-10600R-9-
462	body	9	23	RAM	serverska DDR3
462	body	36	42	RAM	Micron
462	body	46	73	RAM	4Gb 2RX4 PC3-10600R-9-10-JP
462	body	84	92	RAM	1333 MHz
462	body	96	112	RAM	4096 Mb/1333 MHz
463	title	13	23	RAM	4Gb(2x2Gb)
463	body	95	128	RAM	Patriot Sector 5 4Gb DDR3 (2x2Gb)
463	body	144	178	RAM	Corsair Vengeance 4Gb DDR3 (2x2Gb)
463	body	194	226	RAM	G-Skill Ripjaws 4Gb DDR3 (2x2Gb)
463	body	243	275	RAM	Kingston HyperX 4Gb DDR3 (2x2Gb)
463	body	291	327	RAM	Kingston HyperX blu 4Gb DDR3 (2x2Gb)
464	title	9	26	RAM	DDR4/4GB/ 2666Mhz
465	title	0	23	RAM	MicroMemory MMHP004-8GB
465	title	37	49	RAM	DDR4 2133 DK
465	body	50	73	RAM	MicroMemory MMHP004-8GB
465	body	87	100	RAM	DDR4 2133 MHz
465	body	114	118	RAM	8 GB
465	body	134	138	RAM	DDR4
465	body	148	156	RAM	2133 MHz
465	body	178	183	RAM	CL 16
465	body	195	197	RAM	Da
465	body	206	212	RAM	1.35 V
467	title	0	28	RAM	Corsair XMS2 4Gb DDR2 800MHz
467	body	21	49	RAM	Corsair XMS2 2Gb 800MHz ddr2
469	title	0	33	RAM	Samsung 4GB 1Rx8 PC4-2400T-SA1-11
469	body	0	33	RAM	Samsung 4GB 1Rx8 PC4-2400T-SA1-11
469	body	47	51	RAM	DDR4
470	title	0	20	RAM	Kingston KTT667D2/1G
470	title	44	47	RAM	1GB
470	body	11	15	RAM	1 GB
470	body	25	32	RAM	667 MHz
470	body	46	54	RAM	Kingston
470	body	61	73	RAM	SO-DIMM DDR2
470	body	75	95	RAM	Kingston KTT667D2/1G
470	body	97	100	RAM	1GB
470	body	124	128	RAM	DDR2
471	title	0	38	RAM	Ramaxel 4GB 2RX8 PC3-10600S-999HF DDR3
471	body	8	16	RAM	1333 MHz
471	body	29	33	RAM	4 GB
471	body	47	54	RAM	RAMAXEL
471	body	61	73	RAM	SO-DIMM DDR3
471	body	75	108	RAM	RAMAXEL 4GB 2RX8 PC3-10600S-999HF
471	body	110	114	RAM	DDR3
472	title	0	46	RAM	DDR4 16 Gb (4 x 4 Gb) 3200 Mhz XMP 2.0 G.SKILL
474	title	8	12	RAM	DDR4
475	title	0	42	RAM	Lenovo - SK Hynix 8GB DDR4 3200MHz SO-DIMM
475	body	0	34	RAM	Lenovo - SK Hynix 8GB DDR4 3200MHz
475	body	53	60	RAM	SO-DIMM
475	body	102	143	RAM	10 11 12 13 14 15 16 17 18 19 20 21 22 24
477	title	4	7	SKLADISTE	2Gb
477	body	10	13	SKLADISTE	2Gb
480	title	0	27	SKLADISTE	64GB. USB Flash, Ultra Slim
480	body	0	24	SKLADISTE	64GB. USB Flash, Ultra S
480	body	25	34	SKLADISTE	USB flash
481	title	10	25	SKLADISTE	Sata WD1600AAJS
481	title	35	40	SKLADISTE	160GB
481	body	11	15	SKLADISTE	SATA
481	body	16	26	SKLADISTE	WD1600AAJS
481	body	46	51	SKLADISTE	160gb
484	body	851	860	CENA	1.200 din
484	body	870	879	CENA	1.800 din
484	body	891	906	CENA	300–350 din/kom
485	title	0	26	SKLADISTE	HDD Western Digital 320 GB
485	body	0	26	SKLADISTE	HDD Western Digital 320 Gb
486	title	4	26	SKLADISTE	Hitachi 500GB 7200 RPM
486	body	4	26	SKLADISTE	Hitachi 500GB 7200 RPM
487	title	0	15	SKLADISTE	Samsung 860 EVO
487	title	20	37	SKLADISTE	2TB MZ-76E2TOB/EU
487	body	8	40	SKLADISTE	Samsung 860 EVO 2TBMZ-76E2TOB/EU
488	title	0	22	SKLADISTE	Fujitsu 100Gb Sata 2.5
488	body	11	20	SKLADISTE	sata 2.5'
488	body	69	73	SKLADISTE	100%
488	body	83	87	SKLADISTE	100%
489	title	0	30	SKLADISTE	250GB Samsung 970 EVO M.2 NVMe
489	title	35	48	SKLADISTE	3400/1500MB/s
489	body	16	31	SKLADISTE	Samsung M2 NVMe
489	body	439	446	SKLADISTE	Samsung
489	body	454	465	SKLADISTE	MZ-V7E250BW
489	body	506	511	SKLADISTE	250GB
489	body	525	528	SKLADISTE	M.2
489	body	530	536	SKLADISTE	M type
489	body	578	586	SKLADISTE	3400MB/s
489	body	602	610	SKLADISTE	1500MB/s
489	body	622	647	SKLADISTE	Samsung Phoenix (S4LR020)
489	body	674	690	SKLADISTE	1.5 Miliona sati
494	title	10	44	SKLADISTE	WD enterprise edition 500 gb 64 mb
494	body	88	96	CENA	6000 din
495	title	0	48	SKLADISTE	HDD 3.5 1TB WD10EURX WD AV-GP Green IntelliPower
495	body	13	15	SKLADISTE	WD
495	body	24	32	SKLADISTE	WD10EURX
495	body	39	56	SKLADISTE	Interni hard disk
495	body	71	92	SKLADISTE	Sata III (SATA 6Gb/s)
495	body	105	108	SKLADISTE	1TB
495	body	121	125	SKLADISTE	64MB
495	body	150	157	SKLADISTE	7200rpm
495	body	167	190	SKLADISTE	"3.5"" za desktop racunar"
495	body	192	213	SKLADISTE	hdd rack harddisk HDD
496	title	0	49	SKLADISTE	HDD 3.5 500GB WD5000AUDX WD AV-GP Green IntelliPo
496	body	13	15	SKLADISTE	WD
496	body	24	34	SKLADISTE	WD5000AUDX
496	body	68	71	SKLADISTE	HDD
496	body	86	94	SKLADISTE	Sata III
496	body	107	112	SKLADISTE	500GB
496	body	125	129	SKLADISTE	32MB
496	body	154	161	SKLADISTE	5400rpm
496	body	171	194	SKLADISTE	"3.5"" za desktop racunar"
498	title	0	15	SKLADISTE	Samsung EVO 850
498	title	20	34	SKLADISTE	500GB Sata III
498	body	11	26	SKLADISTE	samsung evo 850
498	body	47	52	SKLADISTE	500gb
498	body	88	92	SKLADISTE	100%
498	body	101	104	SKLADISTE	97%
498	body	149	160	SKLADISTE	do 540 mb/s
498	body	177	188	SKLADISTE	do 520 mb/s
498	body	190	211	SKLADISTE	samsung mgx kontroler
498	body	222	250	CENA	60 eura ili 7.200, oo dinara
499	title	0	8	SKLADISTE	Kingston
499	title	28	36	SKLADISTE	32-256GB
499	body	5	13	SKLADISTE	Kingston
499	body	27	35	SKLADISTE	32-256GB
499	body	233	237	SKLADISTE	32GB
499	body	239	249	CENA	950 dinara
499	body	251	255	SKLADISTE	64GB
499	body	257	268	CENA	1500 dinara
499	body	270	275	SKLADISTE	128GB
499	body	277	288	CENA	2900 dinara
499	body	290	295	SKLADISTE	256GB
499	body	297	308	CENA	5900 dinara
500	title	9	38	SKLADISTE	Seagate Barracuda 7200.7 80GB
500	body	19	40	SKLADISTE	Barracuda 7200.7 80GB
501	title	0	27	SKLADISTE	Western Digital Purple 4 TB
501	body	48	51	SKLADISTE	4TB
501	body	91	98	SKLADISTE	5400rpm
501	body	116	123	SKLADISTE	7200rpm
503	title	0	10	SKLADISTE	Usb 128 gb
503	body	0	3	SKLADISTE	Usb
503	body	14	19	SKLADISTE	128gb
506	title	24	46	SKLADISTE	DTE G2 120 gb Kingston
506	body	18	40	SKLADISTE	DTE G2 120 gb Kingston
507	title	0	7	SKLADISTE	Patriot
507	title	12	17	SKLADISTE	512GB
507	body	0	18	SKLADISTE	Patriot P210 512GB
508	title	0	47	SKLADISTE	Hitachi 80 GB Sata health 9/100 HTS721080G9SA00
508	body	0	15	SKLADISTE	HTS721080G9SA00
510	body	22	30	SKLADISTE	SAS/SATA
510	body	48	52	SKLADISTE	2.5`
510	body	55	59	SKLADISTE	"3.5"""
510	body	147	150	SKLADISTE	2.5
510	body	152	160	SKLADISTE	3.5 inča
510	body	161	169	SKLADISTE	SAS/SATA
511	title	0	36	SKLADISTE	Western Digital My passport 1TB 2, 5
511	body	0	36	SKLADISTE	Western Digital My passport 1TB 2, 5
512	title	0	25	SKLADISTE	Western Digital Green 3TB
512	body	0	25	SKLADISTE	Western Digital Green 3TB
513	title	0	22	SKLADISTE	64gb dtx/64gb Kingston
513	body	5	28	SKLADISTE	USB 3.2 Gen 1 (USB 3.0)
513	body	41	45	SKLADISTE	64GB
513	body	58	81	SKLADISTE	67.3 x 21.04 x 10.14 mm
513	body	89	93	SKLADISTE	crna
514	title	0	21	SKLADISTE	Samsung 870 EVO 500GB
515	title	20	47	SKLADISTE	WD 1TB WD10PURZ 64MB Purple
515	body	48	52	SKLADISTE	"3.5"""
515	body	71	74	SKLADISTE	1TB
515	body	87	95	SKLADISTE	SATA III
515	body	105	122	SKLADISTE	6 Gbps (600 MB/s)
515	body	138	142	SKLADISTE	64MB
515	body	168	206	SKLADISTE	IntelliPower (Promenljiv broj obrtaja)
517	body	89	102	SKLADISTE	WD 1200 120GB
517	body	105	113	CENA	1000 din
517	body	118	131	SKLADISTE	WD Blue 160GB
517	body	134	142	CENA	1200 din
517	body	147	170	SKLADISTE	Seagate Baraccuda 160GB
517	body	181	205	SKLADISTE	Sasmsung Baraccuda 160GB
517	body	208	216	CENA	1200 din
517	body	221	234	SKLADISTE	WD Blue 320GB
517	body	245	267	SKLADISTE	Hitachi Deskstar 320GB
517	body	278	292	SKLADISTE	WD Blue 500 GB
517	body	295	303	CENA	2000 din
517	body	308	321	SKLADISTE	Samsung 500GB
517	body	324	332	CENA	2000 din
517	body	337	359	SKLADISTE	Hitachi Deskstar 500GB
517	body	368	376	CENA	1200 din
517	body	382	401	SKLADISTE	WD Enterprise 500GB
517	body	411	419	CENA	3000 din
517	body	425	434	SKLADISTE	WD 640 GB
517	body	437	445	CENA	2500 din
517	body	451	462	SKLADISTE	WD Blue 1TB
517	body	465	473	CENA	3200 din
517	body	479	490	SKLADISTE	Toshiba 1TB
517	body	493	501	CENA	3200 din
517	body	507	518	SKLADISTE	Seagate 2TB
517	body	528	536	CENA	8000 din
518	title	0	21	SKLADISTE	Corsair MP600Core 2TB
518	title	26	30	SKLADISTE	NVMe
518	body	0	4	SKLADISTE	Nvme
519	title	0	13	SKLADISTE	USB 64 GB 3u1
519	title	23	29	SKLADISTE	Type C
519	body	0	19	SKLADISTE	USB 64GB 3u1 TYPE C
519	body	63	66	SKLADISTE	OTG
519	body	78	84	SKLADISTE	3 IN 1
519	body	98	104	SKLADISTE	Type C
519	body	137	141	SKLADISTE	64gb
519	body	143	158	SKLADISTE	usb 2.0 OTG usb
519	body	173	176	SKLADISTE	USB
519	body	186	191	SKLADISTE	64 GB
519	body	304	310	SKLADISTE	Type C
519	body	425	430	SKLADISTE	64 GB
520	title	0	1	SKLADISTE	4
520	title	8	11	SKLADISTE	3.5
520	title	38	42	SKLADISTE	80gb
520	title	46	50	SKLADISTE	pata
520	body	466	475	CENA	9-11 evra
525	title	0	27	SKLADISTE	320gb Sata Seagate Baracuda
525	body	0	5	SKLADISTE	320gb
525	body	7	11	SKLADISTE	Sata
525	body	13	20	SKLADISTE	Seagate
525	body	22	30	SKLADISTE	Baracuda
526	title	4	49	SKLADISTE	WD 1TB 2.5 Sata III 128MB 5.400 WD10SPZX Blue
526	body	242	290	SKLADISTE	"WD 1TB 2. 5"" SATA III 128MB 5. 400 WD10SPZX Blue"
526	body	316	323	SKLADISTE	WD Blue
526	body	395	400	SKLADISTE	"2. 5"""
526	body	419	422	SKLADISTE	1TB
526	body	435	443	SKLADISTE	SATA III
526	body	453	470	SKLADISTE	6 Gbps (600 MB/s)
526	body	486	491	SKLADISTE	128MB
526	body	517	526	SKLADISTE	5. 400rpm
526	body	536	543	SKLADISTE	WD Blue
527	title	0	6	SKLADISTE	Lenovo
527	title	7	10	SKLADISTE	USB
527	title	17	20	SKLADISTE	2TB
527	body	4	15	SKLADISTE	2 terabajta
528	title	0	50	SKLADISTE	WD 500GB Sata III 32M Cache 0 dana 100% WD5000AZLX
528	body	0	49	SKLADISTE	WD 500GB SATAIII 32M Cache 0 dana 100% WD5000AZLX
528	body	51	78	SKLADISTE	WD 500GB SATAIII 32MB Cache
528	body	85	96	SKLADISTE	0 dana 100%
529	title	9	22	SKLADISTE	sata 3 250 gb
530	title	4	22	SKLADISTE	10k WD Black 160GB
530	body	4	22	SKLADISTE	10k WD Black 160GB
530	body	49	58	SKLADISTE	10 000rpm
531	title	0	45	SKLADISTE	SanDisk Ultra Dual Drive USB Type-C 128gb G46
531	body	0	45	SKLADISTE	SanDisk Ultra Dual Drive USB Type-C 128gb G46
533	title	0	24	SKLADISTE	WD Blue WD1600AAJS 160GB
533	body	11	40	SKLADISTE	WD Blue WD1600AAJS 160GB sata
534	title	0	10	SKLADISTE	Xiaomi usb
534	body	28	45	SKLADISTE	Xiaomi USB sa 2TB
534	body	355	359	CENA	1500
534	body	428	442	SKLADISTE	Tip C &USB 3.1
534	body	458	460	SKLADISTE	9g
534	body	473	489	SKLADISTE	69 * 19 * 5,5 mm
534	body	503	506	SKLADISTE	2TB
534	body	515	522	SKLADISTE	Srebrna
534	body	541	580	SKLADISTE	Podržava sve tipove operativnih sistema
534	body	591	630	SKLADISTE	USB fleš + dodatak za ključeve + C ulaz
534	body	778	796	SKLADISTE	eksterno napajanje
534	body	816	850	SKLADISTE	portom tipa C i USB 3.1 konektorom
534	body	919	930	SKLADISTE	čip A klase
534	body	949	956	SKLADISTE	100.000
534	body	965	996	SKLADISTE	Solid State Storage - prenosivi
534	body	1100	1113	SKLADISTE	15m/s - 30m/s
535	title	0	15	SKLADISTE	USB HUB 4 ulaza
536	title	26	32	SKLADISTE	500 GB
536	body	47	53	SKLADISTE	500 GB
536	body	91	110	SKLADISTE	Seagate Laptop Thin
536	body	117	123	SKLADISTE	500 GB
536	body	124	145	SKLADISTE	Seagate Momentus Thin
536	body	152	158	SKLADISTE	500 GB
536	body	159	177	SKLADISTE	Toshiba MQ01ABF050
536	body	180	186	SKLADISTE	500 GB
536	body	194	205	CENA	2000 dinara
536	body	231	242	CENA	1000 dinara
537	body	9	12	SKLADISTE	1TB
537	body	15	18	SKLADISTE	2TB
537	body	26	29	SKLADISTE	1TB
537	body	30	41	CENA	3500 dinara
537	body	43	46	SKLADISTE	2TB
537	body	47	51	CENA	4000
537	body	575	587	SKLADISTE	Do 540MB/sec
538	title	0	17	SKLADISTE	PNY USB 3.1 128GB
539	title	10	28	SKLADISTE	Seagate 200 Gb Ata
539	body	12	23	CENA	3000 dinara
539	body	76	79	SKLADISTE	ATA
539	body	81	104	SKLADISTE	Maxtor 200 Gb Ultra Ata
539	body	114	127	SKLADISTE	7200 o. /min.
539	body	131	147	SKLADISTE	Barracuda 7200.7
539	body	149	159	SKLADISTE	ST3200021A
540	title	10	13	SKLADISTE	1TB
540	body	9	24	SKLADISTE	Western Digital
540	body	35	38	SKLADISTE	1TB
541	title	0	12	SKLADISTE	Corsair Gen4
542	title	14	18	SKLADISTE	64gb
542	body	18	36	SKLADISTE	KingstonDT100 64gb
543	title	14	44	SKLADISTE	500gb 3.5 Sata 100/100 Seagate
543	title	45	47	SKLADISTE	Wd
543	body	56	64	SKLADISTE	3.5 inca
543	body	66	70	SKLADISTE	sata
543	body	105	116	CENA	2000 dinara
543	body	184	191	SKLADISTE	100/100
543	body	199	230	SKLADISTE	Western Digital WD5000AAKX sata
543	body	243	272	SKLADISTE	Toshiba DT01ACA050 500GB sata
543	body	285	318	SKLADISTE	Seagate Barracuda 500GB 7.2K sata
543	body	330	340	SKLADISTE	ST500DM002
543	body	375	380	SKLADISTE	160GB
543	body	381	386	SKLADISTE	250GB
543	body	387	392	SKLADISTE	320GB
543	body	393	398	SKLADISTE	500GB
543	body	399	402	SKLADISTE	1TB
543	body	403	406	SKLADISTE	2TB
544	title	18	48	SKLADISTE	250gb 320gb 500gb 1TB 2.5 inca
544	body	18	27	SKLADISTE	2. 5 inca
544	body	147	166	SKLADISTE	Toshiba 1tb 100/100
544	body	178	189	SKLADISTE	121/12 dana
544	body	220	231	CENA	4000 dinara
544	body	233	252	SKLADISTE	Toshiba 1tb 100/100
544	body	264	272	SKLADISTE	3/9 dana
544	body	315	326	CENA	4000 dinara
544	body	328	346	SKLADISTE	HGST 320gb 100/100
544	body	358	367	SKLADISTE	3/18 dana
544	body	404	415	CENA	2000 dinara
544	body	417	430	SKLADISTE	Toshiba 500gb
544	body	440	447	SKLADISTE	100/100
544	body	459	478	SKLADISTE	100/12 i 73/17 dana
544	body	505	513	CENA	3000 din
544	body	515	536	SKLADISTE	Samsung 500gb 100/100
544	body	548	557	SKLADISTE	0/19 sati
544	body	586	597	CENA	3000 dinara
544	body	599	622	SKLADISTE	Fantec WD 250gb 100/100
544	body	634	645	SKLADISTE	391/23 dana
544	body	674	685	CENA	1800 dinara
545	title	19	22	SKLADISTE	2TB
549	title	0	30	SKLADISTE	Samsung SATA 160GB 7200RPM 8MB
549	title	37	38	SKLADISTE	0
549	body	0	12	SKLADISTE	Samsung SATA
549	body	40	45	SKLADISTE	160GB
549	body	53	84	SKLADISTE	HD161HJ, RPM 7200RPM, cache 8MB
549	body	98	99	SKLADISTE	0
550	title	10	34	SKLADISTE	500Gb Toshiba MQ01ABD050
550	body	18	23	SKLADISTE	500Gb
550	body	30	40	SKLADISTE	MQ01ABD050
551	title	4	17	SKLADISTE	Toshiba 500Gb
551	title	29	43	SKLADISTE	Sata3, 100/100
551	body	95	102	SKLADISTE	Toshiba
551	body	114	127	SKLADISTE	500Gb, SATA 3
551	body	154	161	SKLADISTE	100/100
551	body	168	170	SKLADISTE	BS
551	body	182	189	SKLADISTE	56 dana
552	title	0	25	SKLADISTE	Seagate Barracuda 2tb 3.5
552	title	36	49	SKLADISTE	7200RPM/256mb
552	body	49	53	SKLADISTE	sata
553	title	0	7	SKLADISTE	TOSHIBA
553	title	12	17	SKLADISTE	500Gb
553	body	0	7	SKLADISTE	TOSHIBA
553	body	12	17	SKLADISTE	500Gb
554	title	0	13	SKLADISTE	Silicon power
554	title	18	23	SKLADISTE	128GB
554	body	0	13	SKLADISTE	Silicon power
554	body	18	23	SKLADISTE	128GB
554	body	28	41	SKLADISTE	Silicon power
554	body	46	51	SKLADISTE	128GB
554	body	77	81	CENA	3600
554	body	89	102	SKLADISTE	Silicon power
554	body	107	128	SKLADISTE	128GB 100% 0 dana/18h
554	body	147	151	CENA	3500
554	body	159	172	SKLADISTE	Silicon power
554	body	177	196	SKLADISTE	128GB 100% 346 dana
554	body	202	206	CENA	2000
554	body	233	246	SKLADISTE	SILICON POWER
554	body	503	508	SKLADISTE	128GB
554	body	591	595	SKLADISTE	80GB
555	title	15	18	SKLADISTE	2TB
555	body	15	18	SKLADISTE	2TB
556	title	0	33	SKLADISTE	Crucial PCIe 3.0 P3 nvme M.2 2280
556	title	38	41	SKLADISTE	2TB
556	body	31	34	SKLADISTE	2TB
556	body	43	51	SKLADISTE	M.2 2280
556	body	63	71	SKLADISTE	PCIe 3.0
556	body	88	100	SKLADISTE	do 3500 MB/s
556	body	117	129	SKLADISTE	do 3000 MB/s
556	body	163	170	SKLADISTE	3D NAND
557	title	0	40	SKLADISTE	Toshiba 500GB Sata3 7200 Rpm, DTO1ACA050
557	body	0	40	SKLADISTE	Toshiba 500GB Sata3 7200 Rpm, DTO1ACA050
557	body	80	87	SKLADISTE	100/100
559	title	4	22	SKLADISTE	Sandisk 512GB 100%
559	body	13	26	SKLADISTE	Sandisk 512GB
559	body	29	33	SKLADISTE	100%
560	title	5	45	SKLADISTE	Toshiba HARD 1TB+HDD RACK LC POWER Hidra
560	body	19	65	SKLADISTE	Toshiba Hard 1TB 3. 5 sata + HDD Rack LC POWER
560	body	84	136	SKLADISTE	Toshiba Hard 1TB 3. 5 sata\n+ HDD Rack LC POWER HIDRA
560	body	223	234	SKLADISTE	oko 180MB/s
561	title	22	26	SKLADISTE	64GB
561	body	31	35	SKLADISTE	64GB
561	body	255	313	CPU	2.36 GHz hexa-core Apple Fusion (3× Hurricane + 3× Zephyr)
561	body	324	350	GPU	12-core PowerVR Series 7XT
561	body	370	374	SKLADISTE	64GB
561	body	390	400	RAM	4GB LPDDR4
562	body	570	579	CPU	Quad-core
562	body	586	589	RAM	1GB
562	body	605	609	SKLADISTE	16GB
563	body	225	238	CENA	preko 500 eur
564	body	248	251	RAM	1GB
564	body	263	270	CPU	1.30GHz
565	body	40	45	SKLADISTE	128GB
565	body	270	278	CENA	180 eura
565	body	283	296	CENA	21.000 dinara
567	title	22	26	SKLADISTE	16GB
567	body	283	287	SKLADISTE	16GB
567	body	290	300	RAM	2GB (DDR3)
567	body	354	362	SKLADISTE	do 128GB
568	body	192	196	SKLADISTE	16GB
568	body	335	339	CENA	250e
568	body	355	359	CENA	300e
570	body	55	60	SKLADISTE	64 GB
573	title	11	12	RAM	6
573	title	13	18	SKLADISTE	128GB
573	title	20	28	CPU	OctaCore
573	body	286	329	CPU	Unisoc T616 octa core (2*A75+6*A55), 2.0GHz
573	body	354	369	GPU	Mali G57 750MHz
573	body	378	381	RAM	6GB
573	body	418	427	SKLADISTE	128GB ROM
573	body	442	447	SKLADISTE	TF-SD
573	body	456	468	SKLADISTE	do 256GB max
573	body	1016	1018	SKLADISTE	TF
578	body	41	48	CPU	i7 vPro
579	title	24	25	RAM	8
579	title	26	31	SKLADISTE	128gb
579	body	24	25	RAM	8
579	body	26	31	SKLADISTE	128gb
580	title	29	35	SKLADISTE	128 gb
580	body	29	35	SKLADISTE	128 gb
581	title	37	41	SKLADISTE	64gb
581	body	37	41	SKLADISTE	64gb
582	title	38	43	SKLADISTE	128gb
582	body	39	44	SKLADISTE	128gb
582	body	267	277	CENA	oko 100din
584	title	38	43	SKLADISTE	128gb
584	body	41	46	SKLADISTE	128gb
584	body	269	279	CENA	oko 100din
585	title	27	31	SKLADISTE	32GB
585	body	21	25	SKLADISTE	32GB
587	title	20	22	CPU	M2
587	title	39	44	SKLADISTE	128gb
587	body	22	24	CPU	M2
587	body	41	46	SKLADISTE	128gb
588	title	26	28	CPU	M4
588	title	34	39	SKLADISTE	256gb
588	body	27	29	CPU	M4
588	body	35	40	SKLADISTE	256gb
590	title	25	29	SKLADISTE	32GB
590	body	25	29	SKLADISTE	64GB
590	body	80	84	SKLADISTE	64GB
590	body	342	346	SKLADISTE	64GB
593	body	239	249	CENA	20 000 din
594	body	209	218	CPU	Quad Core
594	body	306	311	SKLADISTE	512GB
594	body	315	318	RAM	2GB
594	body	368	372	SKLADISTE	32GB
596	title	20	24	SKLADISTE	32GB
597	body	235	238	CENA	80€
602	title	39	47	CPU	i5 4300u
602	body	10	62	CPU	Intel Core i5 4300U, 1.90GHz 3mb cache turbo 2.90GHz
602	body	74	82	RAM	4GB DDR3
602	body	95	106	SKLADISTE	128GB mSata
602	body	123	130	SKLADISTE	100/100
602	body	142	149	SKLADISTE	47 dana
602	body	172	196	GPU	Intel HD Graphics Family
613	title	18	23	SKLADISTE	32 GB
613	body	9	14	SKLADISTE	32 GB
614	body	204	218	CPU	Snapdragon 801
614	body	219	222	RAM	3gb
614	body	224	229	SKLADISTE	32 gb
615	title	14	18	SKLADISTE	64GB
615	body	25	29	SKLADISTE	64GB
617	body	79	83	RAM	6 GB
617	body	84	90	SKLADISTE	128 GB
620	body	45	50	SKLADISTE	64 GB
620	body	69	73	RAM	4 GB
623	body	935	943	CPU	MTK6261D
623	body	959	967	CPU	32+32bit
623	body	1069	1073	RAM	24MB
623	body	1081	1085	SKLADISTE	32MB
624	body	95	101	SKLADISTE	256 GB
625	body	53	57	SKLADISTE	64GB
626	title	10	15	SKLADISTE	512gb
626	body	38	43	SKLADISTE	512gb
628	body	744	751	SKLADISTE	do 32GB
629	body	70	74	CENA	2500
629	body	189	196	SKLADISTE	do 32GB
630	body	249	257	CENA	700 evra
632	body	94	98	SKLADISTE	64gb
634	body	61	64	RAM	6gb
634	body	69	73	SKLADISTE	64gb
637	body	309	313	RAM	32mb
637	body	326	329	SKLADISTE	8gb
638	body	808	812	RAM	32MB
638	body	844	850	SKLADISTE	do 8GB
640	title	18	23	SKLADISTE	256GB
640	body	18	23	SKLADISTE	256GB
641	title	12	13	RAM	6
641	title	14	19	SKLADISTE	128GB
641	body	12	13	RAM	6
641	body	14	19	SKLADISTE	128GB
642	title	12	16	SKLADISTE	64GB
642	body	12	16	SKLADISTE	64GB
643	title	28	32	SKLADISTE	64gb
643	body	10	14	SKLADISTE	64gb
644	title	21	22	RAM	8
644	title	23	28	SKLADISTE	256GB
644	body	21	22	RAM	8
644	body	23	28	SKLADISTE	256GB
645	title	20	25	SKLADISTE	256GB
645	body	20	25	SKLADISTE	256GB
646	title	12	17	SKLADISTE	128GB
646	body	12	17	SKLADISTE	128GB
647	title	13	18	SKLADISTE	32 GB
647	body	14	19	SKLADISTE	32 GB
648	title	15	19	SKLADISTE	64GB
648	body	153	157	SKLADISTE	64gb
649	title	9	13	SKLADISTE	64gb
652	title	10	14	SKLADISTE	64GB
652	body	16	20	SKLADISTE	64GB
654	title	15	19	SKLADISTE	64gb
654	body	26	30	SKLADISTE	64gb
657	title	14	19	SKLADISTE	128gb
657	body	323	328	SKLADISTE	128gb
658	body	315	319	SKLADISTE	64GB
659	body	317	321	SKLADISTE	64GB
661	title	14	19	SKLADISTE	128gb
661	body	322	327	SKLADISTE	128GB
662	body	317	321	SKLADISTE	64GB
666	body	253	262	CPU	Octa-core
666	body	402	406	RAM	3 Gb
666	body	426	431	SKLADISTE	32 Gb
666	body	471	479	SKLADISTE	do 512GB
667	title	19	20	RAM	8
667	title	21	24	SKLADISTE	128
667	body	50	51	RAM	8
667	body	52	57	SKLADISTE	128gb
667	body	288	289	RAM	8
667	body	290	295	SKLADISTE	128gb
667	body	311	315	CENA	235e
668	body	76	83	RAM	2Gb RAM
668	body	86	90	SKLADISTE	32Gb
670	title	15	19	SKLADISTE	32gb
670	body	23	27	SKLADISTE	32gb
677	title	10	14	SKLADISTE	64gb
678	body	14	19	SKLADISTE	128gb
679	title	14	20	SKLADISTE	256 Gb
679	body	62	68	SKLADISTE	256 GB
681	title	10	16	SKLADISTE	128 gb
681	body	26	32	SKLADISTE	128 gb
682	title	14	20	SKLADISTE	256 gb
683	title	10	16	SKLADISTE	128 gb
683	body	38	44	SKLADISTE	128 gb
684	title	10	15	SKLADISTE	256GB
684	body	10	16	SKLADISTE	256 gb
685	body	66	67	RAM	4
685	body	68	73	SKLADISTE	128gb
687	body	47	50	RAM	2GB
687	body	56	60	SKLADISTE	32GB
688	body	41	42	RAM	2
688	body	43	48	SKLADISTE	16 gb
689	title	14	19	SKLADISTE	128gb
689	body	21	26	SKLADISTE	128gb
690	title	16	21	SKLADISTE	128GB
690	body	22	27	SKLADISTE	128GB
690	body	639	643	CENA	190€
691	title	40	44	SKLADISTE	16GB
691	body	65	70	SKLADISTE	16 GB
693	title	16	20	RAM	12gb
693	title	21	26	SKLADISTE	256gb
695	title	19	23	RAM	12gb
695	title	24	30	SKLADISTE	256 gb
695	body	578	632	CPU	Octa-core (2x2.2 GHz Cortex-A76 &6x2.0 GHz Cortex-A55)
695	body	639	651	GPU	Mali-G57 MC2
695	body	693	698	SKLADISTE	256GB
695	body	699	703	RAM	12GB
696	body	82	85	RAM	6GB
696	body	86	91	SKLADISTE	64 GB
696	body	106	123	SKLADISTE	micro SD do 256GB
697	body	35	36	RAM	2
697	body	37	41	SKLADISTE	32gb
698	title	20	24	RAM	12+6
698	title	25	28	SKLADISTE	512
699	body	33	34	RAM	6
699	body	35	40	SKLADISTE	128gb
702	body	1492	1503	CENA	3450 Dinara
707	body	57	68	CENA	3300 Dinara
707	body	127	138	CENA	3700 Dinara
707	body	197	208	CENA	4100 Dinara
707	body	267	278	CENA	4300 Dinara
709	title	9	10	CPU	2
709	body	0	52	CPU	Product CollectionIntel® Celeron® Processor G Series
709	body	133	138	CPU	G4930
709	body	184	189	CPU	14 nm
709	body	500	501	CPU	2
709	body	515	516	CPU	2
709	body	542	550	CPU	3.20 GHz
709	body	557	580	CPU	2 MB Intel® Smart Cache
709	body	591	597	CPU	8 GT/s
709	body	602	606	CPU	54 W
709	body	632	658	CPU	Embedded Options Available
709	body	745	750	CPU	64 GB
709	body	764	773	CPU	DDR4-2400
709	body	799	800	CPU	2
709	body	801	821	CPU	ECC Memory Supported
709	body	868	891	GPU	Intel® UHD Graphics 610
709	body	916	923	GPU	350 MHz
709	body	955	963	GPU	1.05 GHz
709	body	990	995	GPU	64 GB
709	body	996	1006	GPU	4K Support
709	body	1043	1057	GPU	4096x2304@24Hz
709	body	1079	1093	GPU	4096x2304@60Hz
709	body	1140	1154	GPU	4096x2304@60Hz
709	body	1155	1174	GPU	DirectX* Support 12
709	body	1175	1194	GPU	OpenGL* Support 4.5
709	body	1195	1218	GPU	Intel® Quick Sync Video
709	body	1223	1250	GPU	Intel® InTru™ 3D Technology
709	body	1255	1287	GPU	Intel® Clear Video HD Technology
709	body	1292	1321	GPU	Intel® Clear Video Technology
709	body	1351	1352	GPU	3
709	body	1406	1430	CPU	PCI Express Revision 3.0
709	body	1460	1484	CPU	Up to 1x16, 2x8, 1x8+2x4
709	body	1512	1514	CPU	16
709	body	1556	1565	CPU	FCLGA1151
709	body	1620	1635	CPU	PCG 2015C (65W)
709	body	1646	1652	CPU	100° C
709	body	1665	1680	CPU	37.5mm x 37.5mm
709	body	1703	1724	CPU	Intel® Optane™ Memory
709	body	1741	1770	CPU	Intel® Turbo Boost Technology
709	body	1776	1808	CPU	Intel vPro® Platform Eligibility
709	body	1814	1847	CPU	Intel® Hyper-Threading Technology
709	body	1853	1892	CPU	Intel® Virtualization Technology (VT-x)
709	body	1899	1955	CPU	Intel® Virtualization Technology for Directed I/O (VT-d)
709	body	1962	2005	CPU	Intel® VT-x with Extended Page Tables (EPT)
709	body	2012	2059	CPU	Intel® Transactional Synchronization Extensions
709	body	2063	2072	CPU	Intel® 64
709	body	2095	2101	CPU	64-bit
709	body	2129	2157	CPU	Intel® SSE4.1, Intel® SSE4.2
709	body	2158	2169	CPU	Idle States
709	body	2174	2210	CPU	Enhanced Intel SpeedStep® Technology
709	body	2215	2246	CPU	Thermal Monitoring Technologies
709	body	2251	2288	CPU	Intel® Identity Protection Technology
709	body	2295	2338	CPU	Intel® Stable Image Platform Program (SIPP)
709	body	2364	2391	CPU	Intel® AES New Instructions
709	body	2396	2406	CPU	Secure Key
709	body	2411	2456	CPU	Intel® Software Guard Extensions (Intel® SGX)
709	body	2476	2524	CPU	Intel® Memory Protection Extensions (Intel® MPX)
709	body	2529	2547	CPU	Intel® OS GuardYes
709	body	2548	2583	CPU	Intel® Trusted Execution Technology
709	body	2589	2608	CPU	Execute Disable Bit
709	body	2615	2632	CPU	Intel® Boot Guard
710	title	13	23	CPU	i3 - 2350M
710	body	33	47	CPU	Intel i3-2350M
711	title	13	27	CPU	Intel i5-3320M
711	body	40	54	CPU	Intel i5-3320M
712	title	9	27	CPU	CPU Intel i5-2410M
712	body	40	48	CPU	i5-2410m
713	title	0	10	CPU	INTEL Core
713	title	20	60	CPU	CPU s1200 i7-11700K 8-Core 3.60GHz 5.00G
713	body	46	55	CPU	i7 11700K
713	body	68	89	CPU	1200 (11. generacija)
713	body	104	130	CPU	Base 3.6 GHz Turbo 5.0 GHz
713	body	155	156	CPU	8
713	body	181	183	CPU	16
713	body	205	209	CPU	16MB
713	body	231	235	CPU	14nm
713	body	243	247	CPU	125W
713	body	292	315	CPU	Intel® UHD Graphics 750
713	body	347	360	CPU	DDR4-3200 MHz
713	body	393	399	CPU	128 GB
715	title	0	10	CPU	INTEL Core
715	title	24	59	CPU	s1700 i7-12700K 12-cores 3.6GHz BOX
715	body	49	70	CPU	1700 (12. generacija)
715	body	85	111	CPU	Base 2.7 GHz Turbo 5.0 GHz
715	body	136	138	CPU	12
715	body	163	165	CPU	20
715	body	187	191	CPU	25MB
715	body	213	217	CPU	14nm
715	body	225	229	CPU	190W
715	body	274	297	CPU	Intel® UHD Graphics 770
715	body	329	358	CPU	DDR4-3200 MHz / DDR5-4800 MHz
715	body	391	397	CPU	128 GB
716	title	0	10	CPU	INTEL Core
716	title	24	59	CPU	s1200 i9-11900K 8 Core 3.5GHz 5.3GH
716	body	46	55	CPU	i9 11900K
716	body	68	89	CPU	1200 (11. generacija)
716	body	104	130	CPU	Base 3.5 GHz Turbo 5.3 GHz
716	body	155	156	CPU	8
716	body	181	183	CPU	16
716	body	205	209	CPU	16MB
716	body	231	235	CPU	14nm
716	body	243	247	CPU	125W
716	body	292	315	CPU	Intel® UHD Graphics 750
716	body	347	360	CPU	DDR4-3200 MHz
716	body	393	398	CPU	128GB
717	title	17	54	CPU	AM4 Ryzen 3 2200G 3.7GHz Wraith C.65W
717	body	55	63	CPU	AMD® AM4
717	body	81	93	CPU	AMD® Ryzen 3
717	body	110	111	CPU	4
717	body	123	124	CPU	4
717	body	132	135	CPU	65W
717	body	157	163	CPU	3.5GHz
717	body	185	191	CPU	3.7GHz
717	body	211	214	CPU	2MB
717	body	234	237	CPU	4MB
717	body	274	287	GPU	Radeon Vega 8
719	title	0	3	CPU	AMD
719	title	17	54	CPU	AM4 Ryzen 5 4600G 6C/12T 3.70-4.20GHz
719	body	51	54	CPU	AMD
719	body	72	81	CPU	AMD Ryzen
719	body	104	107	CPU	AM4
719	body	124	125	CPU	6
719	body	142	144	CPU	12
719	body	161	168	CPU	3.7 GHz
719	body	194	201	CPU	4.2 GHz
719	body	218	222	CPU	7 nm
719	body	246	248	CPU	65
719	body	280	299	CPU	AMD Radeon Graphics
719	body	357	361	CPU	Siva
720	title	0	3	CPU	AMD
720	title	17	57	CPU	AM5 Ryzen 5 7600 6C/12T 3.80-5.10GHz MPK
720	body	51	59	CPU	AMD® AM5
720	body	78	90	CPU	AMD® Ryzen 5
720	body	108	109	CPU	6
720	body	122	124	CPU	12
720	body	148	152	CPU	5 nm
720	body	161	164	CPU	65W
720	body	187	193	CPU	3.8GHz
720	body	216	222	CPU	5.1GHz
720	body	243	246	CPU	6MB
720	body	267	271	CPU	32MB
720	body	306	321	CPU	Radeon Graphics
721	title	13	27	CPU	Intel i5-3210M
721	body	40	54	CPU	Intel i5-3210M
722	title	14	17	CPU	AMD
722	title	19	24	CPU	Intel
722	title	26	28	CPU	i5
722	title	30	32	CPU	i7
722	title	34	40	CPU	Athlon
722	title	41	48	CPU	Semprom
722	title	49	53	CPU	Xeon
722	body	25	28	CPU	AMD
722	body	29	34	CPU	Intel
722	body	35	37	CPU	i5
722	body	38	40	CPU	i7
722	body	41	47	CPU	Athlon
722	body	48	55	CPU	Semprom
722	body	56	60	CPU	Xeon
722	body	74	117	CPU	Intel Core 2 Duo T5550  socket  P     SLA4E
722	body	118	162	CPU	Intel Core 2 Duo T5870  socket  P      SLAZR
722	body	163	208	CPU	Intel Core 2 Duo T6670  socket   P      SLGLK
722	body	209	255	CPU	Intel Xeon E5520    socket FCLGA1366     SLBFD
722	body	256	307	CPU	Intel Xeon E5520    socket 1366               SLBFD
722	body	308	353	CPU	Intel Xeon X5650   socket FCLGA1366     SLBV3
722	body	354	405	CPU	Intel Xeon L5630    socket 1366               SLBVD
722	body	406	457	CPU	Intel Xeon L5630    socket 1366               SLBVD
722	body	459	503	CPU	Intel Xeon    E5345   socket 771       SLAC5
722	body	504	547	CPU	Intel Xeon    E5345   socket 771      SLAC5
722	body	548	592	CPU	Intel Xeon    E5420   socket 771       SLBBL
722	body	593	635	CPU	Intel Xeon    E5420   socket LGA771  SLBBL
722	body	636	699	CPU	AMD Phenom II X2  550     socket AM3              HDZ550WFK2DGI
722	body	701	755	CPU	Intel Core i5-4310M      socket G3, rPGA946B     SR1L2
722	body	757	810	CPU	Intel Core i7-4712MQ   socket G3, rPGA946B      SR1PS
722	body	811	866	CPU	Intel Core i3-350M        socket G1, rPGA988A     SLBPK
722	body	867	921	CPU	Intel Core i5-3210M      socket G2, rPGA988B     SROMZ
722	body	922	984	CPU	Intel Core i3-3110M      socket G2                       SR0N1
722	body	986	1040	CPU	Intel Core i5-2400        socket 1155, LGA1155   SR00Q
722	body	1041	1096	CPU	Intel Xeon E5-2609 v3  socket 2011-3, LGA2011-3   SR1YC
722	body	1097	1152	CPU	Intel Core 2 Duo Q6600  socket  LGA775            SLACR
722	body	1153	1212	CPU	Intel Core 2 DUO E8400  socket 775                    SLAPL
722	body	1214	1271	CPU	Intel Core i5-2430M       socket PPGA988            SR04W
722	body	1273	1329	CPU	Intel Pentium G3220      socket  LGA 1150          SR1CG
724	title	34	36	CPU	i3
724	title	38	40	CPU	i5
724	title	42	44	CPU	i7
724	title	47	55	CPU	6-14 gen
724	body	658	671	CPU	Intel i7 8700
724	body	673	683	RAM	16 Gb DDR4
724	body	685	688	SKLADISTE	512
724	body	693	697	SKLADISTE	NVMe
724	body	750	754	CENA	250e
724	body	779	793	CPU	Intel i3 6100t
724	body	795	804	RAM	8 Gb DDR4
724	body	806	809	SKLADISTE	120
724	body	840	843	CENA	70e
724	body	861	875	CPU	Intel i3 7100t
724	body	877	886	RAM	8 Gb DDR4
724	body	888	891	SKLADISTE	120
724	body	922	924	CENA	80
724	body	948	963	CPU	Intel i5 10400t
724	body	965	975	RAM	16 Gb DDR4
724	body	977	980	SKLADISTE	512
724	body	985	989	SKLADISTE	NVMe
724	body	1042	1046	CENA	250e
724	body	1070	1085	CPU	Intel i5 12400t
724	body	1087	1097	RAM	16 Gb DDR4
724	body	1099	1102	SKLADISTE	512
724	body	1107	1111	SKLADISTE	NVMe
724	body	1164	1168	CENA	330e
724	body	1192	1207	CPU	Intel i5 13500t
724	body	1209	1219	RAM	16 Gb DDR4
724	body	1221	1224	SKLADISTE	512
724	body	1229	1233	SKLADISTE	NVMe
724	body	1286	1290	CENA	380e
724	body	1318	1332	CPU	Intel i3 6100t
724	body	1334	1343	RAM	8 Gb DDR4
724	body	1345	1348	SKLADISTE	120
724	body	1399	1401	CENA	70
724	body	1422	1437	CPU	Intel i5 10500t
724	body	1439	1449	RAM	16 Gb DDR4
724	body	1451	1454	SKLADISTE	512
724	body	1459	1463	SKLADISTE	NVMe
724	body	1516	1519	CENA	240
724	body	1540	1554	CPU	Intel i3 10100
724	body	1556	1566	RAM	16 Gb DDR4
724	body	1568	1571	SKLADISTE	256
724	body	1576	1580	SKLADISTE	NVMe
724	body	1652	1655	CENA	200
724	body	1703	1722	CPU	Intel Celeron J4005
724	body	1724	1733	RAM	8 Gb DDR4
724	body	1735	1738	SKLADISTE	128
724	body	1781	1784	CENA	60e
724	body	1801	1815	CPU	Intel i3 7100U
724	body	1817	1826	RAM	8 Gb DDR4
724	body	1828	1831	SKLADISTE	128
724	body	1879	1882	CENA	70e
724	body	1903	1917	CPU	Intel i7 8559U
724	body	1919	1929	RAM	16 Gb DDR4
724	body	1931	1934	SKLADISTE	512
724	body	1988	1992	CENA	200e
724	body	2015	2030	CPU	Intel i3-1115G4
724	body	2032	2042	RAM	16 Gb DDR4
724	body	2044	2047	SKLADISTE	256
724	body	2101	2105	CENA	200e
724	body	2120	2130	CPU	Intel N150
724	body	2132	2141	RAM	8 Gb DDR5
724	body	2143	2146	SKLADISTE	256
724	body	2207	2211	CENA	200e
724	body	2232	2247	CPU	Intel i5 10210u
724	body	2249	2259	RAM	16 Gb DDR4
724	body	2261	2264	SKLADISTE	512
724	body	2318	2322	CENA	220e
724	body	2418	2433	CPU	Intel i5 6440EQ
724	body	2437	2446	RAM	8 GB DDR4
724	body	2449	2461	SKLADISTE	2x128 GB M.2
724	body	2517	2521	CENA	250e
725	title	24	50	CPU	Intel i3-1115G4 2C 4.1 GHz
725	body	26	52	CPU	Intel i3-1115G4 2C 4.1 GHz
725	body	53	57	RAM	DDR4
725	body	197	210	CPU	Intel Core i3
725	body	222	228	CPU	1115G4
725	body	257	267	CPU	2 (4 niti)
725	body	294	311	CPU	2.1 GHz (4.1 GHz)
725	body	330	334	RAM	DDR4
725	body	336	360	RAM	maksimalno podržano 16GB
725	body	374	393	GPU	Intel® UHD Graphics
725	body	398	424	CPU	10th Gen Intel® Processors
725	body	447	455	SKLADISTE	m.2 NVMe
725	body	466	470	SKLADISTE	"2.5"""
727	title	8	25	CPU	AMD Ryzen 7 5700G
727	title	28	37	RAM	16GB DDR4
727	title	44	60	GPU	AMD Radeon RX 67
727	body	344	361	CPU	AMD Ryzen 7 5700G
727	body	364	373	RAM	16GB DDR4
727	body	380	401	GPU	AMD Radeon RX 6700 XT
727	body	428	445	CPU	AMD Ryzen 7 5700G
727	body	501	527	GPU	AMD Radeon RX 6700 XT 12GB
727	body	542	589	RAM	Corsair Vengeance LPX DDR4 16GB (2x8GB) 3600MHz
727	body	595	623	SKLADISTE	Samsung 980 Pro 1TB NVMe M.2
729	title	8	25	CPU	AMD Ryzen 9 5900X
729	title	28	37	RAM	32GB DDR4
729	title	44	60	GPU	AMD Radeon RX 79
729	body	344	361	CPU	AMD Ryzen 9 5900X
729	body	364	373	RAM	32GB DDR4
729	body	380	401	GPU	AMD Radeon RX 7900 XT
729	body	429	446	CPU	AMD Ryzen 9 5900X
729	body	513	539	GPU	AMD Radeon RX 7900 XT 20GB
729	body	555	603	RAM	Corsair Vengeance RGB DDR4 32GB (2x16GB) 3600MHz
729	body	610	638	SKLADISTE	Samsung 980 Pro 1TB NVMe M.2
730	title	10	17	CPU	I5 8400
730	title	18	26	RAM	8GB DDR4
730	title	31	36	SKLADISTE	256GB
730	body	738	759	CPU	Intel i5 8400 (6C/6T)
730	body	809	820	RAM	8GB 3200MHz
730	body	830	835	SKLADISTE	256GB
730	body	862	870	GPU	Intel HD
732	title	18	29	CPU	Ryzen 8500G
732	title	30	39	RAM	16GB ddr5
732	title	40	48	GPU	Rtx 2060
732	body	142	188	CPU	AM5 AMD Ryzen 5 8500G 6/12 cores 3.5GHz 5.0GHz
732	body	203	206	CPU	AM5
732	body	221	238	RAM	DDR5 16GB 4800MHz
732	body	243	256	SKLADISTE	250GB Crucial
732	body	257	265	GPU	Rtx 2060
733	title	18	29	CPU	Ryzen 8500G
733	title	30	39	RAM	16GB ddr5
733	title	40	48	GPU	Rtx 3080
733	body	142	199	CPU	AM5 AMD Ryzen 5 8500G 6/12 cores 3.5GHz 5.0GHz Box Wraith
733	body	221	238	RAM	DDR5 16GB 4800MHz
733	body	243	256	SKLADISTE	250GB Crucial
733	body	257	265	GPU	Rtx 3080
734	title	18	31	CPU	Ryzen 5 8600G
734	title	32	42	RAM	16 GB ddr5
734	title	43	51	GPU	Rtx 2060
734	body	142	188	CPU	AM5 AMD Ryzen 5 8600G 6/12 cores 3.5GHz 5.0GHz
734	body	203	206	CPU	AM5
734	body	221	238	RAM	DDR5 16GB 4800MHz
734	body	243	256	SKLADISTE	250GB Crucial
734	body	257	265	GPU	Rtx 2060
735	title	18	32	CPU	Intel I3-10100
735	title	33	42	RAM	16Gb ddr4
735	title	43	51	GPU	Gtx 1060
735	body	141	187	CPU	INTEL Core i3-10100 3.60GHz LGA-1200 BOX Intel
735	body	232	241	RAM	16GB DDR4
735	body	252	261	SKLADISTE	512GB SSD
735	body	284	292	GPU	Gtx 1060
736	title	18	32	CPU	Intel I3-10100
736	title	33	42	RAM	16Gb ddr4
736	title	43	51	GPU	Rtx 3080
736	body	141	187	CPU	INTEL Core i3-10100 3.60GHz LGA-1200 BOX Intel
736	body	232	241	RAM	16GB DDR4
736	body	252	261	SKLADISTE	512GB SSD
736	body	284	292	GPU	Rtx 3080
737	title	18	32	CPU	Intel I3-10100
737	title	33	42	RAM	16Gb ddr4
737	title	43	51	GPU	Rx6900xt
737	body	141	187	CPU	INTEL Core i3-10100 3.60GHz LGA-1200 BOX Intel
737	body	232	241	RAM	16GB DDR4
737	body	252	261	SKLADISTE	512GB SSD
737	body	284	292	GPU	Rx6900xt
739	title	18	27	CPU	I5-13400F
739	title	28	32	RAM	16gb
739	title	37	41	RAM	ddr4
739	title	42	49	GPU	Rx 6600
739	body	141	169	CPU	INTEL Core i5-13400F 2.50GHz
739	body	196	205	RAM	16GB DDR4
739	body	215	220	SKLADISTE	512GB
739	body	246	253	GPU	Rx 6600
740	title	18	27	CPU	I5-13400F
740	title	28	32	RAM	16gb
740	title	37	41	RAM	ddr4
740	title	42	50	GPU	Rtx 4070
740	body	141	169	CPU	INTEL Core i5-13400F 2.50GHz
740	body	196	205	RAM	16GB DDR4
740	body	215	220	SKLADISTE	512GB
740	body	246	254	GPU	Rtx 4070
741	title	16	26	CPU	i7-13700KF
741	title	27	31	RAM	32GB
741	title	32	35	SKLADISTE	1TB
741	title	36	43	GPU	RTX4070
741	body	1016	1029	CPU	Intel Core i7
741	body	1039	1049	CPU	i7-13700KF
741	body	1076	1078	CPU	16
741	body	1103	1109	CPU	2.5GHz
741	body	1142	1152	CPU	Intel 1700
741	body	1249	1253	RAM	32GB
741	body	1270	1274	RAM	DDR4
741	body	1298	1306	RAM	3.200MHz
741	body	1316	1344	RAM	2x KF432C16BB1/16 Fury Beast
741	body	1377	1395	GPU	GV-N4070WF2OC-12GD
741	body	1407	1413	GPU	nVidia
741	body	1435	1443	GPU	RTX 4070
741	body	1465	1469	GPU	12GB
741	body	1486	1491	GPU	GDDR6
741	body	1545	1548	SKLADISTE	1TB
741	body	1562	1586	SKLADISTE	M.2 NVMe SNV3S/1000G NV3
741	body	1604	1613	SKLADISTE	PCIe NVMe
742	title	18	31	CPU	Ryzen 5 8600G
742	title	32	42	RAM	32 GB ddr5
742	title	43	51	GPU	Rtx 4070
742	body	142	188	CPU	AM5 AMD Ryzen 5 8600G 6/12 cores 3.5GHz 5.0GHz
742	body	203	206	CPU	AM5
742	body	221	238	RAM	DDR5 32GB 4800MHz
742	body	243	256	SKLADISTE	250GB Crucial
742	body	257	265	GPU	Rtx 4070
744	title	18	31	CPU	Ryzen 5 8600G
744	title	32	42	RAM	32 GB ddr5
744	title	43	51	GPU	Rtx 3080
744	body	142	199	CPU	AM5 AMD Ryzen 5 8600G 6/12 cores 3.5GHz 5.0GHz Box Wraith
744	body	221	238	RAM	DDR5 32GB 4800MHz
744	body	243	256	SKLADISTE	250GB Crucial
744	body	257	265	GPU	Rtx 3080
745	title	18	31	CPU	Ryzen 5 8600G
745	title	32	42	RAM	32 GB ddr5
745	title	43	51	GPU	Rtx 3070
745	body	142	199	CPU	AM5 AMD Ryzen 5 8600G 6/12 cores 3.5GHz 5.0GHz Box Wraith
745	body	221	238	RAM	DDR5 32GB 4800MHz
745	body	243	256	SKLADISTE	250GB Crucial
745	body	257	265	GPU	Rtx 3070
746	title	35	60	CPU	AMD Ryzen 7 5700U 1.8 GHz
746	body	618	628	GPU	AMD Radeon
746	body	682	687	CPU	5700U
746	body	768	769	CPU	8
746	body	846	863	CPU	1.8 GHz (4.3 GHz)
746	body	928	936	RAM	3.200MHz
746	body	1015	1027	RAM	SO-DIMM DDR4
746	body	1036	1043	CPU	12MB L3
746	body	1154	1165	CPU	AMD Ryzen 7
746	body	1187	1191	RAM	64GB
746	body	1222	1224	CPU	16
746	body	1239	1246	GPU	Deljena
746	body	1335	1355	SKLADISTE	M.2 2280 PCIe 3.0 x4
746	body	1370	1371	RAM	2
747	title	15	24	CPU	i5-10400F
747	title	27	31	RAM	16GB
747	title	38	48	GPU	RX 580 8GB
747	title	51	60	SKLADISTE	NVMe 512G
747	body	122	130	CPU	Intel i5
747	body	142	152	GPU	RX 580 8GB
747	body	169	173	SKLADISTE	NVMe
747	body	516	536	CPU	Intel Core i5-10400F
747	body	541	566	CPU	6 jezgara / 12 thread-ova
747	body	571	597	CPU	2.9 GHz (Turbo do 4.3 GHz)
747	body	676	683	CPU	LGA1200
747	body	704	721	RAM	16GB DDR4 (2×8GB)
747	body	726	734	RAM	3200 MHz
747	body	755	773	GPU	AFOX Radeon RX 580
747	body	778	787	GPU	8GB GDDR5
747	body	838	852	SKLADISTE	M.2 NVMe 512GB
747	body	855	867	SKLADISTE	Kingfast F8N
747	body	1642	1644	CPU	i5
747	body	1655	1668	CPU	12 thread-ova
747	body	1672	1682	GPU	RX 580 8GB
747	body	1712	1716	SKLADISTE	NVMe
747	body	1723	1727	RAM	16GB
748	title	14	25	CPU	AI 9 HX 370
748	title	26	30	RAM	32GB
748	title	31	34	SKLADISTE	1TB
750	body	610	628	CPU	Intel Core i5 4570
750	body	631	635	RAM	16GB
750	body	638	643	SKLADISTE	256GB
750	body	650	655	SKLADISTE	500GB
750	body	662	672	GPU	RX 570 4GB
750	body	689	693	CENA	245€
750	body	698	716	CPU	Intel Core i5 4570
750	body	719	723	RAM	16GB
750	body	726	731	SKLADISTE	256GB
750	body	738	743	SKLADISTE	500GB
750	body	750	760	GPU	RX 570 8GB
750	body	777	781	CENA	290€
750	body	785	803	CPU	Intel Core i5 6400
750	body	806	810	RAM	16GB
750	body	813	818	SKLADISTE	256GB
750	body	825	831	SKLADISTE	500 GB
750	body	838	848	GPU	RX 580 8GB
750	body	865	869	CENA	340€
750	body	873	893	CPU	Intel Core i9 10900K
750	body	896	904	RAM	16GB RGB
750	body	907	912	SKLADISTE	512GB
750	body	919	931	GPU	RTX 3050 8GB
750	body	948	952	CENA	740€
750	body	956	972	CPU	AMD Ryzen 7 5700
750	body	975	979	RAM	16GB
750	body	982	987	SKLADISTE	512GB
750	body	994	1012	GPU	RTX 3060 8GB GDDR6
750	body	1029	1033	CENA	750€
750	body	1037	1056	CPU	Intel Core i5 8600k
750	body	1059	1063	RAM	16GB
750	body	1066	1071	SKLADISTE	512GB
750	body	1078	1096	GPU	GTX 1070 8GB GDDR5
750	body	1113	1117	CENA	440€
750	body	1121	1137	CPU	AMD Ryzen 5 4500
750	body	1140	1144	RAM	16GB
750	body	1147	1152	SKLADISTE	256GB
750	body	1159	1169	GPU	RX 580 8GB
750	body	1186	1190	CENA	440€
750	body	1194	1210	CPU	AMD Ryzen 7 5700
750	body	1213	1217	RAM	16GB
750	body	1220	1229	SKLADISTE	512GB m.2
750	body	1232	1245	GPU	RTX 2060 12GB
750	body	1262	1266	CENA	800€
750	body	1270	1288	CPU	Intel Core i5 8500
750	body	1291	1295	RAM	16GB
750	body	1298	1303	SKLADISTE	256GB
750	body	1310	1326	GPU	RX 580 8GB GDDR5
750	body	1343	1347	CENA	400€
750	body	1352	1368	CPU	AMD Ryzen 5 5500
750	body	1371	1375	RAM	16GB
750	body	1378	1383	SKLADISTE	256GB
750	body	1390	1408	GPU	GTX 1070 8GB GDDR5
750	body	1423	1427	CENA	530€
750	body	1432	1448	CPU	AMD Ryzen 5 3600
750	body	1451	1455	RAM	16GB
750	body	1458	1463	SKLADISTE	256GB
750	body	1470	1488	GPU	GTX 1070 8GB GDDR5
750	body	1505	1509	CENA	490€
750	body	1514	1530	CPU	AMD Ryzen 7 5700
750	body	1533	1537	RAM	16GB
750	body	1540	1545	SKLADISTE	256GB
750	body	1552	1565	GPU	RX 5700XT 8GB
750	body	1582	1586	CENA	660€
750	body	1591	1607	CPU	AMD Ryzen 7 5700
750	body	1610	1614	RAM	16GB
750	body	1617	1622	SKLADISTE	256GB
750	body	1629	1642	GPU	RTX 3060 12GB
750	body	1659	1663	CENA	730€
752	body	58	80	CPU	sestu generaciju Intel
752	body	307	320	CPU	PentiumG 4400
752	body	321	329	RAM	4GB DDR4
752	body	330	338	SKLADISTE	128GB m2
752	body	342	345	CENA	75e
752	body	350	353	CENA	60e
752	body	372	379	CPU	i3-6100
752	body	380	388	RAM	8GB DDR4
752	body	389	397	SKLADISTE	128GB m2
752	body	401	405	CENA	100e
752	body	410	413	CENA	85e
752	body	432	438	CPU	5-6400
752	body	439	447	RAM	8GB DDR4
752	body	448	456	SKLADISTE	256GB m2
752	body	460	464	CENA	130e
752	body	469	473	CENA	110e
752	body	548	559	GPU	integrisanu
752	body	580	583	GPU	DVI
752	body	586	599	GPU	2 DisplayPort
753	body	74	106	CPU	i5-8279U 2.4Ghz up to 4.1Ghz 6MB
753	body	121	130	RAM	16gb ddr4
753	body	140	154	SKLADISTE	Kingston 256gb
753	body	168	190	GPU	Intel Iris Graphic 655
753	body	400	404	CENA	180e
753	body	434	469	CPU	i5-10210U 1.60Ghz up to 4.20Ghz 6MB
753	body	484	492	RAM	8gb ddr4
753	body	502	515	SKLADISTE	Sandisk 256gb
753	body	529	538	GPU	Intel UHD
753	body	668	672	CENA	180e
753	body	701	735	CPU	i7-7567U 3.50Ghz up to 4.00Ghz 4MB
753	body	750	759	RAM	16gb ddr4
753	body	769	778	SKLADISTE	WDC 240gb
753	body	792	815	GPU	Intel Iris Graphics 650
753	body	979	983	CENA	180e
753	body	1012	1045	CPU	i7-8559 2.70Ghz up to 4.50Ghz 8MB
753	body	1060	1068	RAM	8gb ddr4
753	body	1078	1091	SKLADISTE	SanDisk 240gb
753	body	1105	1128	GPU	Intel Iris Graphics 655
753	body	1276	1280	CENA	170e
753	body	1317	1350	CPU	i7-8559 2.70Ghz up to 4.50Ghz 8MB
753	body	1365	1374	RAM	16gb ddr4
753	body	1384	1405	SKLADISTE	Samsung Pro 850 256gb
753	body	1419	1442	GPU	Intel Iris Graphics 655
753	body	1577	1581	CENA	200e
753	body	1642	1688	CPU	Intel Celelron J3455 1.50Ghz up to 2.30Ghz 2MB
753	body	1703	1711	RAM	8gb ddr3
753	body	1721	1734	SKLADISTE	Sandisk 240gb
753	body	1748	1759	GPU	Intel HD500
753	body	1906	1910	CENA	100e
753	body	1951	1971	CPU	i3-7100U 2.40Ghz 3MB
753	body	1986	1994	RAM	8gb ddr4
753	body	2004	2014	SKLADISTE	128gb nvme
753	body	2030	2035	SKLADISTE	500gb
753	body	2050	2062	GPU	Intel HD 620
753	body	2221	2225	CENA	110e
754	title	14	25	CPU	Ai 9 Hx 370
754	title	26	30	RAM	32gb
754	title	31	34	SKLADISTE	1tb
754	body	353	364	CPU	AI 9 HX 370
754	body	365	369	RAM	32GB
754	body	370	373	SKLADISTE	1TB
754	body	462	491	CPU	AMD Ryzen AI 9 HX 370 2.00GHz
754	body	504	518	CPU	AMD Ryzen AI 9
754	body	533	537	RAM	32GB
754	body	552	575	RAM	Notebook DDR5 (SO-DIMM)
754	body	593	608	GPU	AMD RadeOn 890M
754	body	622	625	SKLADISTE	0GB
754	body	638	644	SKLADISTE	1000GB
755	title	30	47	CPU	Ryzen AI 9 HX 470
756	body	62	79	CPU	ryzen 3 1200 quad
756	body	90	108	GPU	Radeon RX 560 4 GB
756	body	114	118	RAM	8 GB
756	body	125	131	SKLADISTE	120 GB
758	body	404	425	GPU	Gigabyte GTX 1060 6gb
758	body	436	476	CPU	i3 9100f 4 cores / 4 threads 3.6/4.2 ghz
758	body	482	501	RAM	16gb ddr4 ( 4x4gb )
758	body	583	588	SKLADISTE	120GB
758	body	605	610	SKLADISTE	500GB
759	title	5	28	GPU	AMD Radeo RX 9070 XT OC
759	body	150	174	GPU	AMD RDNA 4 (Navi 48 XTX)
759	body	208	213	GPU	4,096
759	body	233	239	GPU	64 CUs
759	body	251	275	GPU	3rd Gen Ray Accelerators
759	body	277	300	GPU	2nd Gen AI Accelerators
759	body	323	326	GPU	128
759	body	347	351	GPU	64MB
759	body	371	390	GPU	PCI-Express 5.0 x16
759	body	441	450	GPU	1,660 MHz
759	body	467	482	GPU	Up to 2,460 MHz
759	body	500	515	GPU	Up to 3,010 MHz
759	body	541	551	GPU	16GB GDDR6
759	body	574	581	GPU	256-bit
759	body	600	607	GPU	20 Gbps
759	body	691	700	GPU	317 Watts
759	body	723	743	GPU	2x 8-pin PCIe cables
759	body	808	859	GPU	320 mm (Length) x 120 mm (Height) x 61.6 mm (Width)
759	body	877	885	GPU	3.1-slot
759	body	928	952	GPU	Tri-X Cooling Technology
759	body	1098	1113	GPU	Up to 4 screens
759	body	1131	1138	GPU	2x HDMI
759	body	1140	1159	GPU	2x DisplayPort 2.1a
759	body	1180	1194	GPU	7680×4320 (8K)
760	body	149	159	CENA	890 dinara
760	body	188	198	CENA	990 dinara
760	body	228	239	CENA	1390 dinara
761	title	0	16	GPU	NVIDIA Tesla K80
761	body	11	27	GPU	NVIDIA Tesla K80
761	body	177	186	GPU	Tesla K80
761	body	194	206	GPU	NVIDIA Tesla
761	body	323	339	GPU	NVIDIA Tesla K80
761	body	358	362	GPU	Dual
761	body	368	377	GPU	dva GK210
761	body	393	397	GPU	CUDA
761	body	406	436	GPU	4,992 (2 x 2,496 CUDA jezgara)
761	body	451	462	GPU	24 GB GDDR5
761	body	464	469	GPU	12 GB
761	body	505	516	GPU	Do 480 GB/s
761	body	534	544	GPU	Do 875 MHz
761	body	560	579	GPU	PCI Express 3.0 x16
761	body	595	604	GPU	300 W TDP
761	body	619	626	GPU	Pasivno
761	body	833	844	GPU	24 GB GDDR5
761	body	899	903	GPU	CUDA
761	body	960	964	GPU	CUDA
761	body	1326	1335	GPU	Tesla K80
761	body	1387	1404	GPU	HDMI, DisplayPort
762	title	15	59	GPU	PCI-E Gigabyte GeForce RTX 3060 WindForce OC
762	body	5	28	GPU	Nvidia GeForce RTX 3060
762	body	51	57	GPU	192bit
762	body	79	83	GPU	12GB
762	body	100	105	GPU	GDDR6
762	body	117	132	GPU	PCI Express 4.0
762	body	153	159	GPU	Nvidia
762	body	177	186	GPU	15000 MHz
762	body	199	207	GPU	1792 MHz
762	body	227	235	GPU	1777 MHz
762	body	254	258	GPU	3584
762	body	272	279	GPU	Aktivno
762	body	292	325	GPU	2 x DisplayPort 1.4a 2 x HDMI 2.1
762	body	394	398	GPU	550W
762	body	422	430	GPU	8-pin x1
762	body	439	469	GPU	DirectX 12 Ultimate OpenGL 4.6
762	body	867	876	CENA	39000 DIN
765	title	19	40	GPU	Nvidia Tesla M60 DDR5
766	title	15	60	GPU	Gigabyte GeForce RTX 5050 WINDFORCE GV-N5050W
766	body	606	623	GPU	GeForce RTX™ 5050
766	body	642	681	GPU	2587 MHz (Referentna kartica: 2572 MHz)
766	body	695	699	GPU	2560
766	body	714	721	GPU	20 Gbps
766	body	740	744	GPU	8 GB
766	body	758	763	GPU	GDDR6
766	body	791	798	GPU	128 bit
766	body	818	827	GPU	PCI-E 5.0
766	body	860	871	GPU	7680 × 4320
766	body	898	899	GPU	4
766	body	918	945	GPU	D=199 mm, Š=116 mm, V=40 mm
766	body	957	994	GPU	ATX\nDirectX\nDirectX 12 API\nOpenGL\n4.6
766	body	1017	1021	GPU	550W
766	body	1044	1053	GPU	8 Pin × 1
766	body	1061	1096	GPU	DisplayPort 2.1b × 2, HDMI 2.1b × 2
767	title	15	55	GPU	Biostar RX550 4GB GDDR5 128bit DVIDPHDMI
767	body	595	607	GPU	Radeon RX550
767	body	627	630	GPU	512
767	body	644	657	GPU	1100/1183 MHz
767	body	672	677	GPU	GDDR5
767	body	697	701	GPU	4 GB
767	body	725	732	GPU	128-bit
767	body	753	762	GPU	PCI-e 3.0
767	body	774	803	GPU	1x DVI\n1x DisplayPort\n1x HDMI
767	body	834	838	GPU	400W
768	title	15	59	GPU	Zotac Gaming Geforce RTX 5080 Solid Core 16G
768	body	592	615	GPU	NVIDIA GeForce RTX 5080
768	body	628	634	GPU	10,752
768	body	650	661	GPU	16 GB GDDR7
768	body	691	700	GPU	256-bitna
768	body	732	740	GPU	2617 MHz
768	body	755	762	GPU	30 Gbps
768	body	771	775	GPU	1801
768	body	788	807	GPU	PCI Express 5.0 x16
768	body	821	841	GPU	3 x DisplayPort 2.1b
768	body	845	851	GPU	UHBR20
768	body	853	864	GPU	do 4K 480Hz
768	body	869	877	GPU	8K 165Hz
768	body	881	884	GPU	DSC
768	body	886	895	GPU	1 x HDMI®
768	body	915	927	GPU	4K 480Hz HDR
768	body	932	944	GPU	8K 120Hz HDR
768	body	948	951	GPU	DSC
768	body	955	965	GPU	Gaming VRR
768	body	972	981	GPU	HDMI 2.1b
768	body	1010	1021	GPU	Verzija 2.3
768	body	1044	1060	GPU	Do četiri ekrana
768	body	1083	1087	GPU	850W
768	body	1107	1111	GPU	360W
768	body	1207	1218	GPU	1 x 12v-2x6
768	body	1236	1266	GPU	Microsoft DirectX® 12 Ultimate
768	body	1274	1285	GPU	Verzija 4.6
768	body	1295	1307	GPU	IceStorm 3.0
768	body	1323	1332	GPU	2.5 slota
768	body	1345	1349	GPU	Nema
768	body	1378	1388	GPU	Windows 11
768	body	1391	1452	GPU	Windows 10 64-bit (verzija 1809 iz novembra 2018. ili novija)
768	body	1471	1522	GPU	"303.5 mm x 115.8 mm x 55.7 mm / 11.9"" x 4.6"" x 2.2"""
768	body	1562	1580	GPU	3 x 8-pin u 16-pin
771	title	15	58	GPU	Biostar RTX 3060 GDDR6 12GB 192bit 3XDPHDMI
771	body	594	610	GPU	GeForce RTX 3060
771	body	624	629	GPU	GDDR6
771	body	648	653	GPU	12 GB
771	body	676	683	GPU	192-bit
771	body	694	711	GPU	Support PCI-E 4.0
771	body	730	731	GPU	1
771	body	752	753	GPU	3
771	body	764	777	GPU	242*130*44 mm
771	body	830	843	GPU	4712960686915
772	title	15	59	GPU	Gigabyte AORUS GeForce RTX 5090 AORUS STEALT
772	body	594	647	GPU	Gigabyte AORUS GeForce RTX 5090 STEALTH ICE 32G GDDR7
772	body	674	695	GPU	GeForce RTX 50-Series
772	body	706	722	GPU	GeForce RTX 5090
772	body	743	758	GPU	PCI Express 5.0
772	body	774	781	GPU	2655MHz
772	body	799	806	GPU	2407MHz
772	body	823	828	GPU	21760
772	body	847	851	GPU	32GB
772	body	865	870	GPU	GDDR7
772	body	887	894	GPU	28 Gbps
772	body	917	924	GPU	512-bit
772	body	932	941	GPU	1676 TOPS
772	body	953	966	GPU	1 x HDMI 2.1b
772	body	985	1004	GPU	3x DisplayPort 2.1b
772	body	1016	1025	GPU	7680x4320
772	body	1026	1038	GPU	Multi-view 4
772	body	1039	1049	GPU	DirectX\n12
772	body	1050	1060	GPU	OpenGL\n4.6
772	body	1071	1075	GPU	575W
772	body	1089	1099	GPU	1 x 16-pin
772	body	1128	1140	GPU	360x150x75mm
773	title	21	60	GPU	Biostar RTX 3060 GDDR6 12GB 192bit 3XDP
773	body	15	61	GPU	Biostar RTX 3060 GDDR6 12GB 192bit 3XDP / HDMI
773	body	110	154	GPU	Biostar RTX 3060 GDDR6 12GB 192bit 3XDP/HDMI
773	body	174	180	GPU	nVidia
773	body	335	351	GPU	GeForce RTX 3060
773	body	370	375	GPU	GDDR6
773	body	399	404	GPU	12 GB
773	body	432	439	GPU	192-bit
773	body	463	472	GPU	PCI-E 4.0
773	body	496	497	GPU	1
773	body	523	524	GPU	3
773	body	540	553	GPU	242*130*44 mm
774	body	922	926	CENA	1199
775	title	15	60	GPU	gigabyte RTX 5070 Ti EAGLE OC ICE SFF 16GB GV
776	title	15	59	GPU	Gigabyte GeForce RTX 5070 Eagle OC ICE GDDR7
777	title	15	60	GPU	GIGABYTE RTX 5090AORUS XTREME WATERFORCE WB 3
777	body	9	68	GPU	Gigabyte AORUS GeForce RTX 5090 XTREME WATERFORCE 32G GDDR7
777	body	98	119	GPU	GeForce RTX 50-Series
777	body	133	149	GPU	GeForce RTX 5090
777	body	173	188	GPU	PCI Express 5.0
777	body	207	214	GPU	2655MHz
777	body	232	239	GPU	2407MHz
777	body	259	264	GPU	21760
777	body	286	290	GPU	32GB
777	body	307	312	GPU	GDDR7
777	body	332	339	GPU	28 Gbps
777	body	365	372	GPU	512-bit
777	body	387	399	GPU	1 x HDMI 2.1
777	body	421	439	GPU	3x DisplayPort 2.1
777	body	454	463	GPU	7680x4320
777	body	463	475	GPU	Multi-view 4
777	body	487	489	GPU	12
777	body	500	503	GPU	4.6
777	body	517	521	GPU	575W
777	body	538	548	GPU	1 x 16-pin
777	body	562	569	GPU	Aktivno
777	body	583	595	GPU	245x146x36mm
777	body	645	671	GPU	1x 12V-2x6 to 4x PCIe 8pin
780	body	0	22	GPU	RTX 3060 12gb 192 bita
783	title	15	38	GPU	Asus Strix Gtx 1070 8gb
783	body	18	45	GPU	ASUS ROG Strix GTX 1070 8GB
783	body	295	302	GPU	asus-ov
783	body	312	325	GPU	3 ventilatora
784	body	15	31	GPU	RX 570 4 GB VRAM
786	title	0	38	GPU	MSI GeForce RTX 5080 16G INSPIRE 3X OC
786	body	0	38	GPU	MSI GeForce RTX 5080 16G INSPIRE 3X OC
786	body	90	96	GPU	nVidia
786	body	106	120	GPU	nVidia GeForce
786	body	128	144	GPU	GeForce RTX 5080
786	body	165	168	GPU	MSI
786	body	177	187	GPU	INSPIRE 3X
786	body	202	211	GPU	Blackwell
786	body	231	236	GPU	10752
786	body	249	261	GPU	oko 2.295MHz
786	body	269	287	GPU	do oko 2.640MHz OC
786	body	317	321	GPU	16GB
786	body	343	349	GPU	256bit
786	body	364	369	GPU	GDDR7
786	body	387	393	GPU	30Gbps
786	body	419	426	GPU	960GB/s
786	body	471	472	GPU	3
786	body	497	516	GPU	3x DisplayPort 2.1b
786	body	542	543	GPU	1
786	body	561	573	GPU	1x HDMI 2.1b
786	body	603	620	GPU	1x16pin (12V-2x6)
786	body	649	668	GPU	PCI-Express 5.0 x16
786	body	687	701	GPU	3x ventilatora
786	body	719	741	GPU	STORMFORCE Fan Cooling
786	body	764	774	GPU	OpenGL 4.6
786	body	776	805	GPU	Microsoft DirectX 12 Ultimate
786	body	807	820	GPU	nVidia DLSS 4
786	body	822	833	GPU	Ray Tracing
786	body	835	850	GPU	nVidia Reflex 2
786	body	852	856	GPU	CUDA
786	body	905	918	GPU	7.680 x 4.320
786	body	940	953	GPU	do 4 monitora
786	body	1024	1048	GPU	oko 288mm x 112mm x 50mm
787	title	0	39	GPU	MSI GeForce RTX 5060 Ti 8G VENTUS 3X OC
787	body	0	39	GPU	MSI GeForce RTX 5060 Ti 8G VENTUS 3X OC
787	body	91	97	GPU	nVidia
787	body	107	121	GPU	nVidia GeForce
787	body	129	148	GPU	GeForce RTX 5060 Ti
787	body	169	172	GPU	MSI
787	body	187	196	GPU	Blackwell
787	body	216	220	GPU	4608
787	body	233	245	GPU	oko 2.407MHz
787	body	253	271	GPU	do oko 2.572MHz OC
787	body	301	304	GPU	8GB
787	body	326	332	GPU	128bit
787	body	347	352	GPU	GDDR7
787	body	370	376	GPU	28Gbps
787	body	402	409	GPU	448GB/s
787	body	454	455	GPU	3
787	body	480	499	GPU	3x DisplayPort 2.1b
787	body	525	526	GPU	1
787	body	544	556	GPU	1x HDMI 2.1b
787	body	586	592	GPU	1x8pin
787	body	621	639	GPU	PCI-Express 5.0 x8
787	body	658	672	GPU	3x ventilatora
787	body	690	715	GPU	VENTUS Triple Fan Cooling
787	body	738	748	GPU	OpenGL 4.6
787	body	750	779	GPU	Microsoft DirectX 12 Ultimate
787	body	781	794	GPU	nVidia DLSS 4
787	body	796	807	GPU	Ray Tracing
787	body	809	822	GPU	nVidia Reflex
787	body	824	828	GPU	CUDA
787	body	877	890	GPU	7.680 x 4.320
787	body	912	925	GPU	do 4 monitora
787	body	982	1006	GPU	oko 303mm x 121mm x 49mm
788	title	0	45	GPU	MSI GeForce RTX 5070 12G GAMING TRIO OC WHITE
788	body	0	45	GPU	MSI GeForce RTX 5070 12G GAMING TRIO OC WHITE
788	body	97	103	GPU	nVidia
788	body	113	127	GPU	nVidia GeForce
788	body	135	151	GPU	GeForce RTX 5070
788	body	172	175	GPU	MSI
788	body	184	195	GPU	GAMING TRIO
788	body	210	219	GPU	Blackwell
788	body	239	243	GPU	6144
788	body	256	295	GPU	oko 2.325MHz (boost do oko 2.610MHz OC)
788	body	324	328	GPU	12GB
788	body	350	356	GPU	192bit
788	body	371	376	GPU	GDDR7
788	body	394	400	GPU	28Gbps
788	body	426	433	GPU	672GB/s
788	body	478	479	GPU	3
788	body	504	523	GPU	3x DisplayPort 2.1b
788	body	549	550	GPU	1
788	body	568	580	GPU	1x HDMI 2.1b
788	body	610	627	GPU	1x16pin (12V-2x6)
788	body	656	675	GPU	PCI-Express 5.0 x16
788	body	694	708	GPU	3x ventilatora
788	body	726	752	GPU	TRI FROZR 4 Thermal Design
788	body	775	867	GPU	OpenGL 4.6, Microsoft DirectX 12 Ultimate, nVidia DLSS 4, Ray Tracing, nVidia Reflex 2, CUDA
788	body	916	929	GPU	7.680 x 4.320
788	body	951	964	GPU	do 4 monitora
788	body	965	975	GPU	Zero Frozr
788	body	1041	1065	GPU	oko 338mm x 140mm x 50mm
788	body	1074	1084	GPU	Pun format
789	body	682	688	CPU	AMD-ov
789	body	716	724	RAM	8GB DDR5
789	body	1094	1100	CPU	AMD-OV
789	body	1110	1134	CPU	RYZEN 3 SEDME GENERACIJE
789	body	1138	1155	CPU	8 LOGIČKIH JEZGRA
789	body	1159	1171	CPU	RADNOM TAKTU
789	body	1179	1186	CPU	4.10GHz
789	body	1198	1201	CPU	4MB
789	body	1263	1272	SKLADISTE	NVMe DISK
789	body	1304	1309	SKLADISTE	512GB
789	body	1324	1332	GPU	8GB DDR5
789	body	2858	2937	CPU	AMD® Quad-Core™ Ryzen 3-7320 8 X 4.10GHz, Hyper-Threading, 4MB AMD® Smart Cache
789	body	2948	2970	RAM	8GB DDR5 5500MHz SDRAM
789	body	2982	3004	SKLADISTE	512GB Kioxia NVMe PCIe
789	body	3015	3026	SKLADISTE	100% / 100%
789	body	3125	3157	GPU	ATI AMD Radeon Vega Graphics 2GB
790	title	17	26	CPU	i7-1165G7
790	title	27	36	RAM	16GB DDR4
790	title	37	47	SKLADISTE	512GB NVMe
790	title	48	53	SKLADISTE	500GB
790	body	213	219	CPU	Intel®
790	body	763	775	CPU	Intel® Core™
790	body	1243	1254	CPU	INTEL-OV i7
790	body	1264	1285	CPU	JEDANAESTE GENERACIJE
790	body	1289	1306	CPU	8 LOGIČKIH JEZGRA
790	body	1330	1337	CPU	4.70GHz
790	body	1351	1368	CPU	12MB KEŠ MEMORIJE
790	body	1466	1470	SKLADISTE	NVME
790	body	1508	1513	SKLADISTE	256GB
790	body	1549	1554	SKLADISTE	500GB
790	body	1591	1602	RAM	16GB - DDR4
790	body	2418	2429	CPU	INTEL-ov i7
790	body	2439	2460	CPU	JEDANAESTE GENERACIJE
790	body	2984	2989	SKLADISTE	512GB
790	body	2996	3001	SKLADISTE	500GB
790	body	3299	3381	CPU	Intel® Quad-Core™ i7-1165G7 12 X 4.70GHz, Hyper-Threading, 12MB Intel® Smart Cache
790	body	3392	3425	RAM	16GB DDR4 2400MHz SDRAM (2 x 8GB)
790	body	3427	3442	RAM	Maksimalno 32GB
790	body	3455	3466	SKLADISTE	512GB INTEL
790	body	3471	3480	SKLADISTE	PCIe NVMe
790	body	3493	3502	SKLADISTE	500GB WDC
790	body	3507	3515	SKLADISTE	SATA III
790	body	3608	3637	GPU	Intel Iris Xe Graphics do 3GB
791	title	23	27	SKLADISTE	NVME
791	body	389	428	CPU	Intel i5-6300U 4x2.40GHz Turbo 4x3.0GHz
791	body	471	479	RAM	8GB DDR4
791	body	521	526	SKLADISTE	256GB
791	body	531	543	SKLADISTE	NVME Samsung
791	body	582	603	GPU	Intel HD Graphics 520
792	body	110	119	CPU	dual core
792	body	121	130	CPU	quad core
792	body	132	134	CPU	i3
792	body	136	138	CPU	i5
792	body	140	142	CPU	i7
793	title	19	34	CPU	i7-9850H 6c/12t
793	title	36	40	RAM	16GB
793	title	42	52	SKLADISTE	NVMe 512GB
793	title	54	59	GPU	mx150
793	body	204	219	CPU	i7-9850H 6c/12t
793	body	221	225	RAM	16GB
793	body	227	237	SKLADISTE	NVMe 512GB
793	body	239	260	GPU	nVidia mx150 2GB DDR5
793	body	377	412	CPU	Intel Core\ni7-9850H Six Core 2.6GHz
793	body	430	438	CPU	4.60 GHz
793	body	448	457	RAM	16GB DDR4
793	body	458	481	GPU	Intel®\nUHD Graphics 630
793	body	484	522	GPU	nVidia mx150 2GB DDR5\n(GTX1050 mobile)
793	body	523	540	SKLADISTE	Micron\n512GB NVMe
794	body	347	356	CPU	i5-1035G1
794	body	358	362	RAM	16GB
794	body	365	370	SKLADISTE	256GB
794	body	377	381	CENA	250€
794	body	407	415	CPU	i7-8665U
794	body	418	422	RAM	16GB
794	body	425	430	SKLADISTE	512GB
794	body	437	441	CENA	270€
794	body	464	473	CPU	i5-1135G7
794	body	476	480	RAM	16GB
794	body	483	488	SKLADISTE	512GB
794	body	495	499	CENA	300€
794	body	568	572	RAM	16GB
794	body	573	576	SKLADISTE	1TB
794	body	588	592	CENA	750€
794	body	618	633	CPU	intel i5-10210U
794	body	634	638	RAM	16GB
794	body	643	648	SKLADISTE	512GB
794	body	654	659	CENA	300 €
794	body	696	698	CPU	i5
794	body	699	703	RAM	16gb
794	body	720	725	CENA	250 €
794	body	752	760	CPU	i5-1345U
794	body	761	765	RAM	16GB
794	body	766	771	SKLADISTE	256GB
794	body	788	793	CENA	350 €
794	body	819	827	CPU	i5-1235U
794	body	828	832	RAM	16GB
794	body	833	838	SKLADISTE	256GB
794	body	855	860	CENA	300 €
794	body	887	895	CPU	i5-1345U
794	body	896	900	RAM	16GB
794	body	901	906	SKLADISTE	256GB
794	body	923	928	CENA	350 €
794	body	955	963	CPU	i5-1345U
794	body	964	968	RAM	16GB
794	body	969	974	SKLADISTE	256GB
794	body	991	996	CENA	350 €
794	body	1023	1031	CPU	i5-1345U
794	body	1032	1036	RAM	16GB
794	body	1037	1042	SKLADISTE	256GB
794	body	1059	1064	CENA	350 €
794	body	1091	1099	CPU	i5-8265u
794	body	1100	1104	RAM	16gb
794	body	1105	1109	SKLADISTE	512g
794	body	1115	1120	CENA	300 €
794	body	1146	1160	CPU	i7-1185G7 3ghz
794	body	1161	1165	RAM	32gb
794	body	1170	1180	SKLADISTE	512gb nvme
794	body	1182	1187	CENA	600 €
794	body	1213	1221	CPU	i5-1235U
794	body	1222	1226	RAM	16Gb
794	body	1231	1241	SKLADISTE	512gb nvme
794	body	1243	1249	CENA	50,000
794	body	1275	1290	CPU	intel i5-10210U
794	body	1291	1295	RAM	16GB
794	body	1300	1305	SKLADISTE	256GB
794	body	1311	1316	CENA	300 €
794	body	1348	1357	CPU	i5-10310u
794	body	1358	1362	RAM	16GB
794	body	1363	1368	SKLADISTE	256GB
794	body	1375	1380	CENA	300 €
794	body	1428	1437	CPU	i7-1165G7
794	body	1438	1442	RAM	32GB
794	body	1444	1449	CENA	400 €
794	body	1476	1484	CPU	i7-8550U
794	body	1485	1489	RAM	16gb
794	body	1490	1495	SKLADISTE	512gb
794	body	1509	1514	CENA	300 €
794	body	1540	1548	CPU	i5-1235U
794	body	1549	1553	RAM	32Gb
794	body	1558	1568	SKLADISTE	512gb nvme
794	body	1570	1575	CENA	500 €
794	body	1602	1610	CPU	i5-10310
794	body	1611	1620	RAM	16gb ddr4
794	body	1621	1631	SKLADISTE	256gb nvme
794	body	1633	1638	CENA	300 €
794	body	1662	1676	CPU	intel i7-1265U
794	body	1677	1681	RAM	32GB
794	body	1686	1691	SKLADISTE	512GB
794	body	1697	1702	CENA	600 €
794	body	1743	1751	CPU	i7-10610
794	body	1752	1756	RAM	32gb
794	body	1757	1762	SKLADISTE	512gb
794	body	1764	1769	CENA	450 €
794	body	1795	1797	CPU	i5
794	body	1798	1802	RAM	12gb
794	body	1807	1812	SKLADISTE	512gb
794	body	1818	1823	CENA	250 €
794	body	1851	1865	CPU	i7-1185G7 3Ghz
794	body	1866	1870	RAM	32GB
794	body	1871	1881	SKLADISTE	512GB NVMe
794	body	1883	1888	CENA	650 €
795	title	35	43	CPU	i5 8200U
795	title	44	52	RAM	8Gb Ddr4
795	body	93	96	GPU	Uhd
795	body	98	105	CPU	Intelov
795	body	115	123	CPU	i5 8200U
795	body	125	128	RAM	8Gb
795	body	142	146	RAM	Ddr4
795	body	194	199	SKLADISTE	250Gb
797	title	8	21	CPU	intel i5 4gen
797	title	22	23	RAM	8
797	body	226	239	CPU	intel i5 4gen
797	body	242	247	CPU	4200m
797	body	262	265	RAM	8gb
797	body	328	345	SKLADISTE	Samsung Evo 128gb
797	body	348	353	SKLADISTE	750gb
797	body	390	402	GPU	intel HD4600
797	body	403	425	GPU	Nvidia GeForce Gt 750m
798	body	50	102	CPU	AMD A6-9220e Radeon R4,5 Compute cores 2C+3G 1.60ghz
798	body	108	111	RAM	4gb
798	body	117	121	SKLADISTE	64GB
798	body	131	144	GPU	AMD Radeon R4
798	body	213	217	CENA	120€
798	body	219	228	CENA	14 160din
799	title	11	19	CPU	i7 8750H
799	title	20	24	RAM	16gb
799	title	25	39	SKLADISTE	256gb nvme+1tb
799	title	40	47	GPU	uhd 630
799	body	20	28	CPU	i7 8750H
799	body	148	175	CPU	Intel Core i7 8. generacije
799	body	314	320	GPU	NVIDIA
799	body	461	496	CPU	Intel Core i7 8750H (8. generacija)
799	body	507	520	CPU	šestojezgarni
799	body	533	552	CPU	12 logičkih jezgara
799	body	559	567	CPU	H-serija
799	body	676	687	CPU	Turbo Boost
799	body	739	748	RAM	16GB DDR4
799	body	850	853	SKLADISTE	1TB
799	body	860	870	SKLADISTE	256GB NVMe
799	body	881	885	SKLADISTE	NVMe
799	body	947	950	SKLADISTE	1TB
799	body	1024	1046	GPU	Intel UHD Graphics 630
799	body	1165	1180	GPU	NVIDIA GTX 1050
799	body	2059	2070	CPU	6-jezgarnom
799	body	2198	2202	CENA	240€
799	body	2234	2240	GPU	NVIDIA
800	body	372	384	CENA	od 60-80 EUR
802	body	580	582	CPU	i5
802	body	584	586	CPU	i7
802	body	588	591	RAM	8GB
802	body	593	597	RAM	16GB
802	body	599	603	RAM	32GB
803	body	20	47	CPU	intel core i5-8265U 1.65ghz
803	body	58	66	RAM	8gb ddr4
803	body	78	83	SKLADISTE	128gb
803	body	97	110	GPU	intel UHD 620
803	body	199	201	SKLADISTE	sd
803	body	406	422	CENA	160€ (18.880din)
804	title	14	28	CPU	INTEL-i7-9850H
804	title	29	38	RAM	32GB DDR4
804	title	39	42	SKLADISTE	512
804	body	21	35	CPU	Intel i7-9850H
804	body	38	48	RAM	32 GB DDR4
804	body	55	66	SKLADISTE	Nvme 512 GB
804	body	214	228	CPU	Intel i7-9850H
804	body	240	242	SKLADISTE	32
804	body	243	259	SKLADISTE	GB DDR4 memorije
804	body	271	278	SKLADISTE	M2 NVME
804	body	282	288	SKLADISTE	512\nGB
804	body	381	400	CPU	Intel Core i7-9850H
804	body	402	407	CPU	Intel
804	body	412	415	CPU	9th
804	body	427	437	SKLADISTE	32 GB DDR4
804	body	449	452	SKLADISTE	512
804	body	453	455	SKLADISTE	GB
804	body	458	469	SKLADISTE	SSD M2 Nvme
804	body	479	501	GPU	INTEL UHD Graphics 630
805	body	242	257	CPU	Intel i5-1035G1
805	body	258	267	RAM	8 GB DDR4
805	body	268	274	SKLADISTE	512 GB
805	body	279	283	SKLADISTE	NVMe
805	body	301	310	GPU	Intel UHD
805	body	382	398	CENA	250€ (29.500din)
808	title	10	22	CPU	i7 10-te gen
808	title	24	33	RAM	32gb DDR4
808	title	34	42	SKLADISTE	512 NVMe
808	body	918	933	CPU	Intel® Core™ i7
808	body	950	959	CPU	i7-10750H
808	body	983	984	CPU	6
808	body	1014	1016	CPU	12
808	body	1038	1055	CPU	2.6 GHz (5.0 GHz)
808	body	1079	1102	CPU	12MB Intel® Smart cache
808	body	1110	1114	CPU	14nm
808	body	1130	1139	RAM	32GB DDR4
808	body	1160	1168	RAM	2.933MHz
808	body	1204	1229	RAM	Maksimalno podržano 128GB
808	body	1238	1259	GPU	nVidia® Quadro® T1000
808	body	1287	1290	GPU	4GB
808	body	1313	1318	GPU	GDDR6
808	body	1323	1329	SKLADISTE	512 GB
808	body	1344	1352	SKLADISTE	M.2 NVMe
808	body	1366	1378	SKLADISTE	3 x M.2 NVMe
808	body	1805	1807	SKLADISTE	SD
809	body	68	82	CENA	80 do 300 evra
809	body	122	139	CPU	i5 jedanaesta gen
809	body	140	145	RAM	16 gb
809	body	155	161	SKLADISTE	256 gb
809	body	163	171	CENA	300 evra
809	body	197	208	CPU	i7 osma gen
809	body	209	214	RAM	16 gb
809	body	220	223	SKLADISTE	256
809	body	229	237	CENA	300 evra
809	body	262	279	CPU	i3 jedanaesta gen
809	body	280	284	RAM	8 gb
809	body	290	293	SKLADISTE	256
809	body	299	307	CENA	280 evra
809	body	332	343	CPU	i5 osma gen
809	body	344	348	RAM	8 gb
809	body	354	357	SKLADISTE	256
809	body	363	371	CENA	180 evra
809	body	395	406	CPU	i5 osma gen
809	body	407	411	RAM	8 gb
809	body	416	419	SKLADISTE	256
809	body	425	433	CENA	170 evra
809	body	455	466	CPU	i5 osma gen
809	body	467	471	RAM	8 gb
809	body	476	479	SKLADISTE	256
809	body	485	493	CENA	210 evra
809	body	517	528	CPU	i5 osma gen
809	body	529	533	RAM	8 gb
809	body	538	541	SKLADISTE	256
809	body	547	555	CENA	220 evra
809	body	579	592	CPU	i5 deseta gen
809	body	593	597	RAM	8 gb
809	body	602	605	SKLADISTE	256
809	body	611	619	CENA	300 evra
809	body	638	652	CPU	i5 cetvrta gen
809	body	653	657	RAM	6 gb
809	body	662	668	SKLADISTE	500 gb
809	body	674	682	CENA	120 evra
809	body	715	733	CPU	i3 jedanajesta gen
809	body	734	738	RAM	8 gb
809	body	743	746	SKLADISTE	256
809	body	752	760	CENA	280 evra
809	body	769	771	CPU	i7
809	body	772	776	RAM	4 gb
809	body	781	787	SKLADISTE	500 gb
809	body	793	801	CENA	100 evra
809	body	809	816	CENA	80 evra
809	body	822	830	CENA	150 evra
810	body	65	83	CENA	od 100e pa do 800e
811	title	19	27	RAM	16(32)gb
811	title	29	45	SKLADISTE	Samsung NVMe 980
811	body	28	36	CENA	~150-eur
811	body	215	263	CPU	Intel i5 10310U 1.7-2.21Ghz [2x4-8 logical core]
811	body	265	269	RAM	16GB
811	body	276	294	SKLADISTE	500Gb nvme Samsung
811	body	472	485	CPU	10 generacije
811	body	749	803	CPU	Intel i5 10210U 6 MB Intel® Smart Cache  up to 4.2 GHz
811	body	817	826	RAM	16GB DDR4
811	body	829	833	RAM	16gb
811	body	854	868	SKLADISTE	500Gb nvme M.2
811	body	886	893	SKLADISTE	Samsung
811	body	1209	1219	CENA	26.400-rsd
812	title	21	29	CPU	i7-8665U
812	title	30	39	RAM	16GB DDR4
812	title	40	45	SKLADISTE	512GB
812	title	50	54	SKLADISTE	nvme
812	body	990	1014	CPU	Intel i7-8665U @ 2.1 ghz
812	body	1037	1046	RAM	16GB DDR4
812	body	1077	1082	SKLADISTE	512GB
812	body	1150	1163	GPU	Intel UHD 620
813	title	56	59	CPU	I 9
813	body	48	60	CPU	I 9-13 900 H
813	body	63	68	RAM	16 Gb
813	body	71	75	SKLADISTE	1 Tb
813	body	278	291	CPU	Intel Core i9
813	body	309	318	CPU	i9-13900H
813	body	343	345	CPU	14
813	body	376	378	CPU	20
813	body	401	418	CPU	2.6 GHz (5.4 GHz)
813	body	443	450	CPU	24MB L3
813	body	459	463	CPU	10nm
813	body	490	494	RAM	16GB
813	body	509	515	RAM	LPDDR5
813	body	560	563	SKLADISTE	1TB
813	body	579	592	SKLADISTE	M.2 PCIe NVMe
813	body	609	631	GPU	Intel Iris Xe Graphics
814	title	7	20	CPU	13th i3 1315U
814	title	23	32	RAM	40GB DDR4
814	title	39	47	SKLADISTE	1TB nvme
814	body	260	290	CPU	Intel i3 1315U 13-a generacija
814	body	291	300	RAM	40GB DDR4
814	body	304	311	RAM	3200Mhz
814	body	316	324	SKLADISTE	1TB nvme
814	body	329	349	SKLADISTE	Kingston do 6000Mb/s
814	body	350	359	GPU	Intel UHD
815	title	20	45	CPU	Amd Ryzen 5-2500u 2.00ghz
815	title	46	54	RAM	8GB ddr4
815	body	20	45	CPU	Amd Ryzen 5-2500u 2.00ghz
815	body	46	54	RAM	8GB ddr4
815	body	59	64	SKLADISTE	128GB
815	body	69	74	SKLADISTE	500gb
815	body	80	97	GPU	Amd Radeon Vega 8
815	body	164	180	CENA	220€ (25.960din)
816	body	820	828	CENA	130 evra
817	title	28	37	CPU	i7-10750H
817	title	41	45	RAM	32gb
817	title	49	54	SKLADISTE	512gb
817	body	22	31	CPU	i7-10750H
817	body	34	38	RAM	32GB
817	body	45	55	SKLADISTE	512GB NVMe
817	body	62	85	GPU	NVIDIA Quadro T2000 4GB
817	body	367	387	CPU	Intel Core i7-10750H
817	body	389	398	CPU	6 jezgara
817	body	401	413	CPU	12 threadova
817	body	421	430	CPU	do 5.0GHz
817	body	435	444	RAM	32GB DDR4
817	body	452	462	SKLADISTE	512GB NVMe
817	body	470	499	GPU	NVIDIA Quadro T2000 4GB GDDR6
817	body	922	935	GPU	NVIDIA Quadro
817	body	946	950	RAM	32GB
821	title	21	29	CPU	i5 8250U
821	title	31	40	RAM	16gb ddr4
821	title	42	52	SKLADISTE	nvme 256gb
821	body	99	108	RAM	16gb ddr4
821	body	404	449	CPU	i5 8250 1.6Ghz Up to 3.4Ghz 4 Core / 8 Thread
821	body	456	465	RAM	16gb ddr4
821	body	505	520	SKLADISTE	256 gb M.2 nvme
821	body	685	697	GPU	Intel HD 620
822	body	48	50	CPU	i3
822	body	53	55	CPU	i5
822	body	81	94	CENA	od 20e do 70e
823	title	28	41	CPU	Ryzen 3 3250U
823	title	42	45	RAM	8GB
823	title	46	56	SKLADISTE	256GB NVMe
823	body	28	41	CPU	Ryzen 3 3250U
823	body	42	45	RAM	8GB
823	body	46	56	SKLADISTE	256GB NVMe
823	body	302	311	CPU	AMD Ryzen
823	body	323	332	RAM	8 GB DDR4
823	body	350	354	SKLADISTE	NVMe
823	body	596	622	CPU	AMD Ryzen 3 3250U 2.60 GHz
823	body	635	656	CPU	2 jezgra i 4 thread-a
823	body	671	680	RAM	8 GB DDR4
823	body	686	722	SKLADISTE	256 GB Western Digital PC SN530 NVMe
823	body	732	749	GPU	AMD Radeon Vega 3
823	body	1198	1202	SKLADISTE	100%
823	body	1216	1220	SKLADISTE	100%
823	body	1278	1294	SKLADISTE	4 dana i 10 sati
824	body	125	136	CPU	i5 10th Gen
824	body	138	144	SKLADISTE	256 GB
824	body	150	155	RAM	16 GB
824	body	162	167	CENA	330 €
824	body	189	199	CPU	i5 8th Gen
824	body	201	207	SKLADISTE	256 GB
824	body	213	218	RAM	16 GB
824	body	225	230	CENA	270 €
824	body	251	262	CPU	i5 10th Gen
824	body	264	270	SKLADISTE	256 GB
824	body	276	280	RAM	8 GB
824	body	287	292	CENA	290 €
824	body	314	324	CPU	i5 8th Gen
824	body	326	332	SKLADISTE	256 GB
824	body	338	342	RAM	8 GB
824	body	349	354	CENA	200 €
824	body	374	384	CPU	i7 8th Gen
824	body	386	392	SKLADISTE	512 GB
824	body	398	403	RAM	32 GB
824	body	413	432	GPU	NVIDIA Quadro P2000
824	body	435	440	CENA	350 €
824	body	461	471	CPU	i7 9th Gen
824	body	473	479	SKLADISTE	512 GB
824	body	485	490	RAM	32 GB
824	body	496	515	GPU	NVIDIA Quadro T1000
824	body	518	523	CENA	420 €
824	body	544	555	CPU	i7 10th Gen
824	body	557	563	SKLADISTE	512 GB
824	body	569	574	RAM	32 GB
824	body	580	599	GPU	NVIDIA Quadro T2000
824	body	602	607	CENA	500 €
824	body	630	640	CPU	i5 8th Gen
824	body	642	648	SKLADISTE	256 GB
824	body	654	658	RAM	8 GB
824	body	665	670	CENA	180 €
824	body	693	703	CPU	i5 8th Gen
824	body	705	711	SKLADISTE	256 GB
824	body	717	722	RAM	16 GB
824	body	729	734	CENA	190 €
824	body	756	767	CPU	i5 10th Gen
824	body	769	775	SKLADISTE	256 GB
824	body	781	785	RAM	8 GB
824	body	792	797	CENA	250 €
825	body	21	23	RAM	8g
825	body	37	41	SKLADISTE	120g
830	body	158	171	CPU	Intel Core i7
830	body	183	196	CPU	4. generacije
830	body	204	213	CPU	i7-4700MQ
830	body	218	227	CPU	i7-4800MQ
830	body	374	387	GPU	Nvidia Quadro
830	body	408	414	GPU	K1100M
830	body	419	425	GPU	K2100M
831	title	18	31	CPU	intel core i5
831	title	45	55	GPU	AMD Radeon
831	body	18	31	CPU	intel core i5
831	body	48	58	GPU	AMD Radeon
831	body	73	83	CENA	15.300 din
831	body	416	443	CPU	Intel Core i5-2430M 2.40GHz
831	body	454	457	RAM	8GB
831	body	467	472	SKLADISTE	128GB
831	body	484	492	GPU	Intel HD
831	body	504	523	GPU	AMD Radeon HD 7400M
831	body	900	910	CENA	15.300 din
831	body	979	981	CPU	i5
831	body	1011	1014	GPU	AMD
834	body	270	289	CPU	AMD E-350 Processor
835	title	41	51	CPU	Socket AM4
835	body	41	51	CPU	Socket AM4
835	body	97	107	CPU	Socket AM4
835	body	128	135	RAM	4x DDR4
837	body	88	98	CPU	Socket AM5
837	body	119	126	RAM	4x DDR5
838	title	45	55	CPU	Socket AM5
838	body	133	140	RAM	4x DDR5
840	body	389	397	CPU	AMD® AM4
840	body	436	445	CPU	AMD® A520
840	body	525	529	RAM	DDR4
840	body	616	624	RAM	2 x DIMM
840	body	631	641	RAM	64GB, DDR4
840	body	716	726	RAM	4600(O. C)
840	body	727	737	RAM	4400(O. C)
840	body	738	750	RAM	4000(O. C. )
840	body	751	761	RAM	3866(O. C.
840	body	764	776	RAM	3733(O. C. )
840	body	777	789	RAM	3600(O. C. )
840	body	790	802	RAM	3466(O. C. )
840	body	803	815	RAM	3333(O. C. )
840	body	816	820	RAM	3200
840	body	821	825	RAM	3000
840	body	826	830	RAM	2800
840	body	831	835	RAM	2666
840	body	836	840	RAM	2400
840	body	841	861	RAM	2133 MHz Un-buffered
840	body	896	910	CPU	AMD AM4 Socket
840	body	914	935	CPU	AMD Ryzen 5000 Serija
840	body	938	951	CPU	4000 G-Serija
840	body	954	965	CPU	3000 Serija
840	body	1014	1035	CPU	AMD Ryzen 5000 Series
840	body	1038	1051	CPU	4000 G-Series
840	body	1054	1065	CPU	3000 Series
840	body	1193	1208	SKLADISTE	1 x M.2 slotova
840	body	1211	1225	SKLADISTE	4 x SATA 6Gb/s
840	body	1238	1259	CPU	AMD Ryzen 5000 Series
840	body	1262	1275	CPU	4000 G-Series
840	body	1278	1289	CPU	3000 Series
840	body	1313	1329	SKLADISTE	1 x M.2 Socket 3
840	body	1334	1339	SKLADISTE	M Key
840	body	1341	1350	SKLADISTE	Type 2242
840	body	1351	1355	SKLADISTE	2260
840	body	1356	1360	SKLADISTE	2280
840	body	1362	1387	SKLADISTE	PCIE 3.0 x4 i SATA modusi
840	body	1460	1474	SKLADISTE	4 x SATA 6Gb/s
840	body	1747	1757	GPU	1  x D-Sub
840	body	1762	1784	GPU	1  x HDMI 2.1(4K@60HZ)
840	body	2607	2655	SKLADISTE	1 x M.2 Socket 3 with M key, type 2242/2260/2280
840	body	2700	2723	SKLADISTE	SATA &PCIE 3.0 x 4 mode
840	body	2752	2776	SKLADISTE	4 x SATA 6Gb/s konektora
840	body	3385	3389	CENA	6290
852	body	1174	1180	CENA	15-25e
852	body	1190	1196	CENA	20-40e
852	body	1206	1212	CENA	30-60e
852	body	1222	1229	CENA	80-100e
858	body	449	454	CENA	70eur
858	body	550	556	CENA	100eur
858	body	623	628	CENA	75eur
858	body	750	756	CENA	100eur
858	body	832	838	CENA	100eur
858	body	940	946	CENA	140eur
858	body	984	990	CENA	100eur
858	body	1033	1038	CENA	60eur
858	body	1164	1170	CENA	100eur
858	body	1249	1254	CENA	80eur
858	body	1378	1384	CENA	100eur
858	body	1486	1492	CENA	120eur
858	body	1548	1554	CENA	120eur
858	body	1586	1592	CENA	110eur
858	body	1789	1795	CENA	150eur
858	body	1838	1843	CENA	90eur
858	body	1920	1926	CENA	120eur
858	body	1963	1968	CENA	90eur
858	body	2000	2005	CENA	90eur
858	body	2075	2081	CENA	100eur
858	body	2207	2213	CENA	110eur
861	body	652	661	CENA	9.000 din
865	body	316	324	CENA	5.999din
871	title	0	12	RAM	Samsung DDR4
871	title	26	58	RAM	8GB PC4-2133P M393A1G40EB1-CPB3Q
871	body	9	35	RAM	serversku ECC Samsung DDR4
871	body	52	55	RAM	8GB
871	body	220	227	RAM	Samsung
871	body	247	257	RAM	DDR4 SDRAM
871	body	274	292	RAM	M393B1K70CH0-CH9Q5
871	body	315	318	RAM	8GB
871	body	344	351	RAM	2133Mhz
871	body	376	384	RAM	PC-17000
871	body	408	415	RAM	288 Pin
871	body	437	451	RAM	Registered ECC
871	body	472	478	RAM	266Mhz
871	body	501	507	RAM	0.93ns
871	body	535	539	RAM	CL15
871	body	564	568	RAM	1.2V
871	body	570	599	RAM	8GB 1Rx4 PC4-2133P-RC1-11-P20
871	body	600	618	RAM	M393A1G40EB1-CPB3Q
871	body	686	694	RAM	ECC DDR4
872	title	13	44	RAM	2x2GB DDR2 800MHz PC2-6400U-CL6
873	title	13	39	RAM	Kingston 16GB DDR4-2666MHz
873	body	0	73	RAM	HyperX Fury Black 16GB 2666MHz DDR4 CL16 DIMM Single Stick HX426C16FB4/16
873	body	81	87	RAM	HyperX
873	body	110	115	RAM	16 GB
873	body	139	143	RAM	DDR4
873	body	158	166	RAM	2666 MHz
873	body	176	185	RAM	1.2 Volts
873	body	211	243	RAM	low-profile heat spreader design
873	body	277	281	RAM	DDR4
873	body	290	299	RAM	Intel XMP
873	body	316	325	RAM	AMD Ryzen
873	body	347	360	RAM	up to 3733MHz
873	body	378	389	RAM	up to 128GB
874	title	0	3	RAM	4gb
874	title	5	8	RAM	8gb
874	title	10	14	RAM	16gb
874	title	16	20	RAM	32gb
874	title	21	25	RAM	ddr3
874	title	26	30	RAM	ddr4
874	title	31	35	RAM	ddr5
874	body	11	14	RAM	4gb
874	body	16	19	RAM	8gb
874	body	21	25	RAM	16gb
874	body	27	36	RAM	32gb ddr3
874	body	37	41	RAM	ddr4
874	body	42	46	RAM	ddr5
874	body	306	310	RAM	DDR3
874	body	321	324	RAM	pc3
874	body	325	329	RAM	pc3l
874	body	331	334	RAM	4gb
874	body	335	338	CENA	500
874	body	345	352	RAM	1333mhz
874	body	354	361	RAM	1600mhz
874	body	363	370	RAM	1800mhz
874	body	392	398	CENA	400din
874	body	415	418	RAM	cl9
874	body	419	426	RAM	1333mhz
874	body	428	435	RAM	1600mhz
874	body	437	443	CENA	700din
874	body	445	448	RAM	8gb
874	body	450	458	CENA	1500 din
874	body	460	467	RAM	1333mhz
874	body	469	476	RAM	1600mhz
874	body	501	508	CENA	1200din
874	body	525	528	RAM	cl9
874	body	529	536	RAM	1333mhz
874	body	538	545	RAM	1600mhz
874	body	546	553	CENA	1800din
874	body	555	559	RAM	DDR4
874	body	570	573	RAM	4gb
874	body	574	582	CENA	1500 din
874	body	584	591	RAM	2133mhz
874	body	594	597	RAM	8gb
874	body	599	607	CENA	3000 din
874	body	609	616	RAM	2133mhz
874	body	617	624	RAM	2400mhz
874	body	625	632	RAM	2600mhz
874	body	635	639	RAM	16gb
874	body	641	648	CENA	6500din
874	body	650	654	RAM	DDR3
874	body	663	666	RAM	pc3
874	body	667	671	RAM	pc3l
874	body	674	677	RAM	4gb
874	body	679	686	CENA	500 din
874	body	688	695	RAM	1333mhz
874	body	697	704	RAM	1600mhz
874	body	729	735	CENA	400din
874	body	737	740	RAM	8gb
874	body	742	750	CENA	1500 din
874	body	752	759	RAM	1333mhz
874	body	761	768	RAM	1600mhz
874	body	793	800	CENA	1200din
874	body	801	805	RAM	DDR4
874	body	813	816	RAM	4gb
874	body	817	824	CENA	1200din
874	body	830	833	RAM	8gb
874	body	834	841	CENA	2400din
874	body	843	850	RAM	2133mhz
874	body	852	859	RAM	2400mhz
874	body	861	868	RAM	2600mhz
874	body	870	877	RAM	3200mhz
874	body	885	889	RAM	16gb
874	body	890	897	CENA	5000din
874	body	899	906	RAM	2133mhz
874	body	908	915	RAM	2400mhz
874	body	917	924	RAM	2600mhz
874	body	926	933	RAM	3200mhz
874	body	936	940	RAM	32gb
874	body	942	950	CENA	10000din
874	body	952	959	RAM	3200mhz
874	body	967	971	RAM	DDR5
874	body	980	983	RAM	8gb
874	body	985	992	CENA	5000din
874	body	994	998	RAM	16gb
874	body	999	1007	CENA	12000din
876	title	0	12	RAM	RAMAXEL DDR3
876	title	26	59	RAM	4GB PC3-10600U RMR187EC58E9F-1333
876	body	9	40	RAM	RAMAXEL RMR187EC58E9F-1333 DDR3
876	body	54	57	RAM	4GB
876	body	208	215	RAM	RAMAXEL
876	body	234	252	RAM	RMR187EC58E9F-1333
876	body	274	278	RAM	DDR3
876	body	294	297	RAM	4GB
876	body	317	324	RAM	1333Mhz
876	body	344	351	RAM	Non ECC
876	body	369	373	RAM	1.5V
876	body	375	394	RAM	4GB 2Rx8 PC3-10600U
877	title	0	28	RAM	16GB DDR4 PC4 3200MHz 3200AA
877	title	33	46	RAM	SK hynix #M32
877	body	44	59	RAM	SO-DIMM 3200MHz
879	title	0	24	RAM	16GB DDR5 Micron 5600mhz
879	body	36	60	RAM	DDR5 16GB Micron 5600mhz
879	body	72	76	CENA	150e
880	title	13	58	RAM	KINGSTON KF432C16BB1K2/32 DDR4 2x16GB 3200MHz
880	body	7	15	RAM	Kingston
880	body	24	40	RAM	KF432C16BB1K2/32
880	body	57	87	RAM	Kingston FURI KF432C16BB1K2/32
880	body	106	147	RAM	2G x 64-bitna (16GB) DDR4-3200 CL16 SDRAM
880	body	164	168	RAM	2Rx8
880	body	356	360	RAM	32GB
880	body	397	406	RAM	DDR4-3200
880	body	438	446	RAM	16-18-18
880	body	450	455	RAM	1,35V
880	body	517	526	RAM	DDR4-2400
880	body	530	538	RAM	17-17-17
880	body	542	546	RAM	1,2V
880	body	713	733	RAM	DDR4-2400 CL17-17-17
880	body	736	740	RAM	1.2V
880	body	758	778	RAM	DDR4-3200 CL16-18-18
880	body	781	786	RAM	1.35V
880	body	804	824	RAM	DDR4-3000 CL15-17-17
880	body	827	832	RAM	1.35V
880	body	854	858	RAM	1.2V
880	body	875	879	RAM	1.2V
880	body	895	899	RAM	2.5V
880	body	918	930	RAM	2.2V to 3.6V
880	body	1044	1059	RAM	8 bit pre-fetch
880	body	1180	1189	RAM	17 cycles
881	title	14	50	RAM	PATRIOT PSD38G16002 DDR3 8GB 1600Mhz
881	body	7	14	RAM	Patriot
881	body	23	34	RAM	PSD38G16002
881	body	51	105	RAM	Patriot Memori Signature Line DDR3 ne-ECC nebaferovana
881	body	612	641	RAM	Patriot Memori Signature Line
881	body	733	737	RAM	8 GB
881	body	755	763	RAM	1600 MHz
881	body	782	786	RAM	DDR3
882	title	0	35	RAM	8GB DDR3L PC3L 1600MHz 12800S 1.35V
882	title	47	55	RAM	Kingston
882	body	10	15	RAM	1.35V
883	title	14	55	RAM	KINGSTON FB KF552C40BB-8 8GB DDR5 5200MHz
883	body	7	15	RAM	Kingston
883	body	24	36	RAM	KF552C40BB-8
883	body	53	79	RAM	Kingston FURY KF552C40BB-8
883	body	85	148	RAM	1G x 64-bit (8GB) DDR5-5200\nCL40 SDRAM (Synchronous DRAM) 1Rx16
883	body	174	195	RAM	four 1G x 16-bit FBGA
883	body	239	286	RAM	Intel® Extreme Memory Profiles (Intel®\nXMP) 3.0
883	body	326	335	RAM	DDR5-5200
883	body	363	380	RAM	40-40-40 at 1.25V
883	body	409	468	RAM	JEDEC standard latency DDR5-4800 timing\nof 40-39-39 at 1.1V
883	body	475	487	RAM	288-pin DIMM
883	body	493	513	RAM	gold contact\nfingers
883	body	560	586	RAM	DDR5-4800 CL40-39-39 @1.1V
883	body	605	632	RAM	DDR5-5200 CL40-40-40 @1.25V
883	body	651	677	RAM	DDR5-4800 CL38-38-38 @1.1V
883	body	710	722	RAM	1.1V Typical
883	body	732	744	RAM	1.1V Typical
883	body	753	765	RAM	1.8V Typical
883	body	777	789	RAM	1.8V to 2.0V
883	body	792	802	RAM	On-Die ECC
883	body	812	838	RAM	1.37” (34.9mm), w/heatsink
883	body	864	873	RAM	40 cycles
883	body	899	910	RAM	48ns(min. )
883	body	938	950	RAM	295ns(min. )
883	body	1000	1011	RAM	32ns(min. )
883	body	1023	1031	RAM	94 V - 0
883	body	1055	1071	RAM	0o\n C to +85o\n C
883	body	1093	1109	RAM	-55o\n C to +100o
885	title	0	38	RAM	2x32gb 64gb 3600mhz Kingston Fury ddr4
885	body	24	52	RAM	2x32gb Kingston Fury 3600mhz
886	title	0	13	RAM	Synology Ddr4
886	title	18	50	RAM	16gb 2666mhz Dimm Ecc Registered
886	title	57	60	RAM	D4e
886	body	284	297	RAM	SYNOLOGY DDR4
886	body	302	334	RAM	16GB 2666MHz DIMM ECC Registered
886	body	341	351	RAM	D4ER01-16G
886	body	395	399	RAM	16GB
886	body	414	418	RAM	DDR4
886	body	431	438	RAM	2666MHz
886	body	468	472	RAM	1pcs
886	body	527	530	RAM	20g
887	title	0	3	RAM	8Gb
887	title	4	12	RAM	4Gb DDR4
887	body	0	4	RAM	DDR3
887	body	13	16	RAM	4Gb
887	body	19	26	CENA	1000din
887	body	44	47	RAM	8Gb
887	body	50	57	CENA	2000din
887	body	75	79	RAM	DDR4
887	body	88	91	RAM	4Gb
887	body	94	101	CENA	1500din
887	body	121	124	RAM	8Gb
887	body	125	132	CENA	3500din
887	body	150	153	RAM	4Gb
887	body	169	176	CENA	2000din
887	body	196	199	RAM	8Gb
887	body	215	222	CENA	4000din
887	body	242	254	RAM	16Gb Samsung
887	body	257	264	CENA	7000din
887	body	285	295	RAM	8Gb (3200)
887	body	299	306	CENA	4500din
887	body	308	313	RAM	RDIMM
887	body	314	318	RAM	DDR4
887	body	330	333	RAM	8Gb
887	body	334	341	CENA	2500din
887	body	378	385	CENA	6000din
887	body	522	525	RAM	pc3
887	body	527	531	RAM	pc3l
887	body	533	536	RAM	pc4
887	body	538	542	RAM	ddr3
887	body	544	549	RAM	ddr3l
887	body	551	555	RAM	ddr4
888	title	13	35	RAM	Kingston Fury 8gb DDR4
889	title	13	55	RAM	Kingston HyperX 8Gb/DDR3/1600MHz/CL10/1.5V
889	body	283	298	RAM	Kingston HyperX
889	body	310	313	RAM	8Gb
889	body	319	323	RAM	DDR3
889	body	337	345	RAM	1600 MHz
889	body	357	362	RAM	Cl 10
889	body	389	407	RAM	8Gb sa haladnjakom
889	body	644	657	RAM	8GB (1 x 8GB)
889	body	706	716	RAM	DDR3 SDRAM
889	body	767	779	RAM	240-pin DIMM
889	body	833	853	RAM	PC3-12800 (1600 MHz)
889	body	905	932	RAM	CL10 (10-10-10 at 1600 MHz)
889	body	989	994	RAM	1.5 V
889	body	1055	1062	RAM	Non-ECC
889	body	1116	1126	RAM	Unbuffered
889	body	1181	1241	RAM	Dual Rank ×8, Gold-plated contacts, includes a heat spreader
890	title	13	22	RAM	DDR4 16gb
890	title	23	30	RAM	Samsung
890	title	31	37	RAM	Micron
890	title	38	45	RAM	Ramaxel
890	body	28	34	RAM	Micron
890	body	45	52	RAM	2666mhz
890	body	71	78	RAM	Ramaxel
890	body	91	98	RAM	2666mhz
890	body	118	125	RAM	Samsung
890	body	139	146	RAM	3200mhz
890	body	147	153	RAM	Micron
890	body	166	173	RAM	3200mhz
890	body	174	181	RAM	3200mhz
890	body	189	196	CENA	5000rin
891	title	0	8	RAM	8GB DDR4
891	body	11	27	RAM	8GB DDR4 SO-DIMM
891	body	95	98	RAM	8GB
891	body	106	118	RAM	DDR4 SO-DIMM
891	body	129	136	RAM	2133MHz
891	body	138	145	RAM	2400MHz
891	body	147	154	RAM	2666MHz
891	body	156	163	RAM	2933MHz
891	body	165	172	RAM	3200MHz
891	body	215	223	RAM	Kingston
891	body	225	232	RAM	Samsung
891	body	234	242	RAM	SK Hynix
891	body	244	250	RAM	Micron
891	body	252	259	RAM	Crucial
893	title	6	10	RAM	DDR4
893	title	36	52	RAM	Crucial Kingston
893	body	54	58	RAM	DDR4
893	body	112	116	RAM	DDR4
893	body	200	207	RAM	Crucial
893	body	209	217	RAM	Kingston
893	body	366	378	CENA	3.500 dinara
895	title	24	32	RAM	4GB DDR3
895	body	49	65	RAM	Corsair 4GB DDR3
896	title	0	2	SKLADISTE	WD
896	title	13	17	SKLADISTE	"3,5"""
896	title	22	57	SKLADISTE	500Gb 7200rpm 32mb Sata3 WD5000AUDX
896	body	51	53	SKLADISTE	WD
896	body	61	71	SKLADISTE	WD5000AUDX
896	body	121	129	SKLADISTE	Sata III
896	body	141	146	SKLADISTE	500GB
896	body	158	162	SKLADISTE	32MB
896	body	186	193	SKLADISTE	5400rpm
896	body	202	206	SKLADISTE	"3.5"""
896	body	287	297	SKLADISTE	WD5000AUDX
897	title	0	7	SKLADISTE	SEAGATE
897	title	31	36	SKLADISTE	500gb
897	body	51	58	SKLADISTE	Seagate
897	body	66	76	SKLADISTE	ST500VT000
897	body	126	130	SKLADISTE	Sata
897	body	142	147	SKLADISTE	500GB
897	body	155	159	SKLADISTE	16MB
897	body	183	190	SKLADISTE	5400rpm
897	body	199	203	SKLADISTE	"2.5"""
897	body	238	256	SKLADISTE	SuperSpeed USB 3.0
897	body	289	304	SKLADISTE	"2.5"" 9.5mm SATA"
897	body	342	360	SKLADISTE	SuperSpeed USB 3.0
897	body	416	423	SKLADISTE	USB 2.0
897	body	434	445	SKLADISTE	SATA 2.5 ''
897	body	476	481	SKLADISTE	9.5mm
897	body	502	532	SKLADISTE	do 5 Gbps USB 3.0 mini 10pin-a
897	body	559	566	SKLADISTE	USB 2.0
897	body	567	570	SKLADISTE	1.0
897	body	580	594	SKLADISTE	Serial ATA 2.5
897	body	612	617	SKLADISTE	9,5mm
897	body	627	633	SKLADISTE	JMS578
897	body	645	653	SKLADISTE	plastika
897	body	677	680	SKLADISTE	55g
897	body	702	713	SKLADISTE	126x80x13mm
897	body	752	755	SKLADISTE	2.5
897	body	758	770	SKLADISTE	USB 3.0 SATA
898	title	0	7	SKLADISTE	SEAGATE
898	title	18	59	SKLADISTE	"3,5"" HDD 320gb 5900rpm 8mb Sata GARANCIJA"
898	body	34	41	SKLADISTE	Seagate
898	body	49	60	SKLADISTE	ST3320311CS
898	body	93	96	SKLADISTE	HDD
898	body	110	114	SKLADISTE	Sata
898	body	126	131	SKLADISTE	320GB
898	body	139	142	SKLADISTE	8MB
898	body	166	173	SKLADISTE	5900rpm
898	body	182	186	SKLADISTE	"3.5"""
899	title	4	32	SKLADISTE	"1TB 3.5"" WD GREAN 64MB Bufer"
902	title	4	9	SKLADISTE	128GB
902	title	20	48	SKLADISTE	"2.5"" SATA - KingFast F10 PRO"
902	body	11	27	SKLADISTE	KingFast F10 PRO
902	body	53	80	SKLADISTE	128GB ( 550MB/s - 500MB/s )
902	body	194	203	SKLADISTE	"2.5"" Sata"
902	body	219	224	SKLADISTE	128GB
902	body	255	270	SKLADISTE	SATA III 6 GB/s
902	body	334	342	SKLADISTE	550 MB/s
902	body	361	369	SKLADISTE	500 MB/s
903	title	0	11	SKLADISTE	Lexar 240GB
903	title	21	43	SKLADISTE	NQ100 2.5 inc Sata III
903	body	167	178	SKLADISTE	Lexar 240GB
903	body	188	208	SKLADISTE	NQ100 2.5'' Sata III
903	body	259	276	SKLADISTE	LNQ100X240G-RNNNG
903	body	278	315	SKLADISTE	Lexar NQ100 240GB 2.5” SATA III 240GB
903	body	349	367	SKLADISTE	Up to 550MB/s Read
903	body	731	742	SKLADISTE	SLC Caching
903	body	888	901	SKLADISTE	1500G / 0,5ms
903	body	1259	1263	SKLADISTE	"2.5"""
903	body	1282	1288	SKLADISTE	240 GB
903	body	1311	1323	SKLADISTE	SATA III-600
903	body	1360	1366	SKLADISTE	6 Gbps
903	body	1369	1376	SKLADISTE	6Gbit/s
903	body	1398	1408	SKLADISTE	NAND Flash
903	body	1509	1517	SKLADISTE	550 MB/s
903	body	1559	1567	SKLADISTE	450 MB/s
903	body	1596	1600	SKLADISTE	0,32
903	body	1640	1654	SKLADISTE	1500G @ 0,5 ms
903	body	1689	1703	SKLADISTE	1500G @ 0,5 ms
903	body	2037	2045	SKLADISTE	69,85 mm
903	body	2058	2062	SKLADISTE	7 mm
903	body	2075	2083	SKLADISTE	100,2 mm
903	body	2156	2162	SKLADISTE	240 GB
903	body	2174	2182	SKLADISTE	69.85 mm
903	body	2194	2202	SKLADISTE	100.2 mm
903	body	2215	2219	SKLADISTE	"2.5"""
903	body	2232	2236	SKLADISTE	7 mm
903	body	2355	2361	SKLADISTE	240 GB
903	body	2380	2390	SKLADISTE	NAND Flash
903	body	2452	2464	SKLADISTE	SATA III-600
903	body	2553	2559	SKLADISTE	6 Gbps
903	body	2616	2629	SKLADISTE	1500G @ 0.5ms
903	body	2656	2669	SKLADISTE	1500G @ 0.5ms
903	body	2698	2702	SKLADISTE	0.32
903	body	2776	2784	SKLADISTE	550 MB/s
903	body	2815	2823	SKLADISTE	450 MB/s
907	title	0	7	SKLADISTE	TwinMOS
907	title	12	55	SKLADISTE	M.2 NVMe 512GB 3500MBs/3080MBs NVMeFGBM2280
907	body	44	51	SKLADISTE	TwinMOS
907	body	63	92	SKLADISTE	128GB, 256GB, 512GB, 1TB, 2TB
907	body	110	208	SKLADISTE	Linux 2.4+, Mac 10.1+, Windows 10, Windows 7, Windows ME, Windows Vista, Windows XP, Windows® 2000
907	body	217	225	SKLADISTE	M.2 2280
907	body	237	251	SKLADISTE	PCIe Gen 3.0×4
907	body	268	283	SKLADISTE	Up to 3550 MB/s
907	body	298	313	SKLADISTE	Up to 3225 MB/s
907	body	339	353	SKLADISTE	Up to 260 MB/s
907	body	378	392	SKLADISTE	Up to 270 MB/s
907	body	405	432	SKLADISTE	2 GB (only in 2 TB Varient)
907	body	439	444	SKLADISTE	Black
907	body	463	476	SKLADISTE	Micron/ Hynix
907	body	487	498	SKLADISTE	TLC 3D NAND
907	body	521	524	SKLADISTE	SMI
907	body	539	560	SKLADISTE	1000 TB or 900 GB/Day
907	body	585	601	SKLADISTE	>1,000,000 hours
908	title	9	38	SKLADISTE	2,5 in Intenso 240GB SATA III
908	body	11	40	SKLADISTE	2,5 in Intenso 240GB SATA III
908	body	45	52	SKLADISTE	Intenso
908	body	62	73	SKLADISTE	240gb sata3
908	body	109	113	SKLADISTE	"2,5"""
908	body	129	135	SKLADISTE	240 GB
908	body	151	159	SKLADISTE	SATA III
908	body	174	191	SKLADISTE	SATA III (6 Gbps)
908	body	212	223	SKLADISTE	do 520 MB/s
908	body	244	255	SKLADISTE	do 480 MB/s
909	title	0	4	SKLADISTE	NVMe
909	title	9	27	SKLADISTE	256GB M.2 PCIe 4.0
909	title	30	37	SKLADISTE	Samsung
909	title	40	42	SKLADISTE	WD
909	title	45	52	SKLADISTE	SanDisk
909	title	55	60	SKLADISTE	SK hy
909	body	22	26	SKLADISTE	NVMe
909	body	78	84	SKLADISTE	256 GB
909	body	95	103	SKLADISTE	M.2 2280
909	body	117	126	SKLADISTE	NVMe PCIe
909	body	129	133	SKLADISTE	100%
909	body	249	256	SKLADISTE	Samsung
909	body	261	281	SKLADISTE	Western Digital (WD)
909	body	286	293	SKLADISTE	SanDisk
909	body	298	306	SKLADISTE	SK hynix
909	body	311	315	SKLADISTE	UMIS
910	title	4	9	SKLADISTE	Sata3
910	title	20	22	SKLADISTE	1T
910	body	102	107	SKLADISTE	128GB
910	body	119	128	CENA	2.799 din
910	body	130	135	SKLADISTE	256GB
910	body	147	157	CENA	3. 249 din
910	body	159	164	SKLADISTE	512GB
910	body	176	186	CENA	4. 349 din
910	body	188	191	SKLADISTE	1TB
910	body	203	213	CENA	6. 949 din
910	body	230	233	SKLADISTE	NAS
911	title	17	34	SKLADISTE	3.5 inča do 500GB
911	body	31	39	SKLADISTE	3.5 inča
911	body	93	133	SKLADISTE	500GB Western Digital  WD5000AVDS-63U7B1
911	body	136	140	SKLADISTE	100%
911	body	143	147	SKLADISTE	100%
911	body	148	152	CENA	1500
911	body	153	180	SKLADISTE	500Gb Toshiba 75AD6BYKS X13
911	body	183	187	SKLADISTE	100%
911	body	190	194	SKLADISTE	100%
911	body	195	222	SKLADISTE	500Gb Toshiba X6IY9G4KS X13
911	body	225	229	SKLADISTE	100%
911	body	232	236	SKLADISTE	100%
911	body	237	264	SKLADISTE	500Gb Toshiba 97NW4DPBS X13
911	body	267	271	SKLADISTE	100%
911	body	274	278	SKLADISTE	100%
911	body	279	306	SKLADISTE	500Gb Toshiba X6IYA5EKS X13
911	body	309	313	SKLADISTE	100%
911	body	316	320	SKLADISTE	100%
911	body	321	365	SKLADISTE	500Gb Western Digital Blue WD5000AAKX-60UAA0
911	body	368	371	SKLADISTE	69%
911	body	374	378	SKLADISTE	100%
911	body	379	400	SKLADISTE	250Gb Samsung SP2504C
911	body	403	410	CENA	890 RSD
911	body	411	449	SKLADISTE	320Gb Western Digital 320GB WD3200AAKS
911	body	452	459	CENA	990 RSD
911	body	460	481	SKLADISTE	160Gb Hitach Z9UPLK9V
911	body	484	488	SKLADISTE	100%
911	body	491	495	SKLADISTE	100%
911	body	497	504	CENA	790 RSD
911	body	505	531	SKLADISTE	160Gb Maxtor DiamondMax 21
911	body	534	538	SKLADISTE	100%
911	body	541	544	SKLADISTE	96%
911	body	547	554	CENA	790 RSD
911	body	555	578	SKLADISTE	160Gb ExcelStore J8160S
911	body	581	585	SKLADISTE	100%
911	body	588	591	SKLADISTE	98%
911	body	594	601	CENA	790 RSD
911	body	602	632	SKLADISTE	160Gb Seagate Barracuda 7200.9
911	body	635	639	SKLADISTE	100%
911	body	642	646	SKLADISTE	100%
911	body	649	656	CENA	990 RSD
911	body	657	691	SKLADISTE	160GB SEAGATE BARACUDA ST3160023AS
911	body	696	698	SKLADISTE	98
911	body	701	704	SKLADISTE	100
911	body	705	712	CENA	990 RSD
911	body	731	736	SKLADISTE	500gb
911	body	739	746	CENA	15 eura
911	body	747	761	SKLADISTE	Manje od 500gb
911	body	764	770	CENA	8 eura
912	title	0	4	SKLADISTE	NVMe
912	title	5	9	SKLADISTE	SATA
912	title	14	17	SKLADISTE	M.2
912	title	32	39	SKLADISTE	USB 3.1
912	body	13	16	SKLADISTE	M.2
912	body	32	36	SKLADISTE	NVME
912	body	41	45	SKLADISTE	SATA
912	body	94	98	SKLADISTE	NVME
912	body	108	113	SKLADISTE	M key
912	body	116	120	SKLADISTE	SATA
912	body	130	137	SKLADISTE	M&B Key
912	body	173	179	SKLADISTE	10gbps
912	body	193	196	SKLADISTE	M.2
912	body	215	219	SKLADISTE	2 TB
912	body	321	330	SKLADISTE	USB A 3.1
912	body	604	607	SKLADISTE	M.2
913	title	17	34	SKLADISTE	"2.5"" sata III 1TB"
913	title	39	56	SKLADISTE	SSD-SATA3-1TB/Top
913	body	47	51	SKLADISTE	"2.5"""
913	body	63	67	SKLADISTE	1 TB
913	body	79	87	SKLADISTE	SATA III
913	body	89	95	SKLADISTE	6 Gbps
913	body	109	112	SKLADISTE	MLC
913	body	129	137	SKLADISTE	520 MB/s
913	body	154	162	SKLADISTE	500 MB/s
913	body	181	198	SKLADISTE	SSD-SATA3-1TB/Top
914	title	0	15	SKLADISTE	NVME 256gb gen3
914	body	29	33	SKLADISTE	NVME
914	body	53	58	SKLADISTE	256gb
914	body	145	157	CENA	2300-3500din
914	body	183	187	SKLADISTE	"2.5"""
914	body	285	306	CENA	od 2500din do 3000din
914	body	307	321	SKLADISTE	M.2 sata 256gb
914	body	322	334	CENA	2500 do 3000
916	title	13	21	SKLADISTE	M.2 NVMe
916	body	399	407	SKLADISTE	M.2 NVMe
916	body	498	502	SKLADISTE	2230
916	body	503	507	SKLADISTE	2242
916	body	508	512	SKLADISTE	2260
916	body	513	517	SKLADISTE	2280
916	body	518	523	SKLADISTE	M Key
916	body	733	742	SKLADISTE	3100 MB/s
916	body	1036	1051	SKLADISTE	Crucial-P3 Plus
916	body	1053	1067	SKLADISTE	WD Black SN750
916	body	1070	1090	SKLADISTE	Samsung 970 EVO Plus
916	body	1602	1612	SKLADISTE	M-Key 2230
916	body	1613	1617	SKLADISTE	2242
916	body	1618	1622	SKLADISTE	2260
916	body	1623	1632	SKLADISTE	2280 NVMe
916	body	1645	1651	SKLADISTE	do 4TB
917	title	6	17	SKLADISTE	NVME + SATA
917	body	274	283	SKLADISTE	100 odsto
917	body	359	388	SKLADISTE	Samsung 1TB 990 Evo Plus Gen4
917	body	421	450	SKLADISTE	Samsung 2TB 990 Evo Plus Gen4
917	body	477	484	CENA	220 EUR
917	body	485	520	SKLADISTE	Sabrent Rocket 4 Plus NVMe 4TB Gen4
917	body	539	547	SKLADISTE	Graphene
917	body	571	578	CENA	380 EUR
917	body	579	601	SKLADISTE	Crucial MX500 2TB SATA
917	body	627	634	CENA	160 EUR
917	body	635	657	SKLADISTE	Crucial BX500 2TB SATA
917	body	680	687	CENA	160 EUR
917	body	688	714	SKLADISTE	Crucial T705 Gen5 1TB NVMe
917	body	731	738	CENA	170 EUR
917	body	739	789	SKLADISTE	WD Black SN850X 2TB Gen4 NVMe SSD + DRAM kesiranje
917	body	803	810	CENA	240 EUR
917	body	811	837	SKLADISTE	Kingston 1TB NV3 NVMe Gen4
917	body	851	859	SKLADISTE	heatsink
917	body	881	890	CENA	14500 DIN
917	body	892	936	SKLADISTE	ADATA Legend 800 1TB NVMe Gen4 with heatsink
917	body	948	955	CENA	130 EUR
917	body	956	1000	SKLADISTE	ADATA Legend 850 Lite 2TB Gen4 with heatsink
917	body	1012	1019	CENA	210 EUR
917	body	1020	1040	SKLADISTE	Lexar NM620 2TB Gen3
917	body	1061	1068	CENA	180 EUR
917	body	1069	1089	SKLADISTE	WD Green 500GB Gen 4
917	body	1101	1107	CENA	60 EUR
917	body	1108	1146	SKLADISTE	Silicon Power GEN4 NVMe SSD UD90 250GB
917	body	1161	1167	CENA	40 EUR
917	body	1168	1201	SKLADISTE	Silicon Power SATA3 SSD A55 512GB
917	body	1216	1222	CENA	55 EUR
917	body	1223	1254	SKLADISTE	Silicon Power SATA3 SSD A55 2TB
917	body	1269	1276	CENA	160 EUR
917	body	1335	1356	SKLADISTE	Kingston 1TB NV3 Gen4
917	body	1373	1382	CENA	13500 din
917	body	1384	1400	SKLADISTE	Kingston 1TB NV2
917	body	1414	1423	CENA	12000 din
917	body	1425	1442	SKLADISTE	SK Hynix 1TB Gen4
917	body	1455	1464	CENA	14500 din
917	body	1466	1493	SKLADISTE	Micron Pyrite 1TB Gen4 2242
917	body	1513	1522	CENA	14500 din
917	body	1524	1573	SKLADISTE	Samsung 1TB 980 Pro with Heatsink integrated Gen4
917	body	1576	1583	CENA	160 EUR
917	body	1585	1635	SKLADISTE	WD Black SN850X 2TB Gen4 NVMe SSD + DRAM kesiranje
917	body	1649	1656	CENA	240 EUR
917	body	1658	1722	SKLADISTE	WD Black SN850P 2TB Gen4 PS5 certified NVMe SSD + DRAM kesiranje
917	body	1736	1743	CENA	260 EUR
918	title	0	5	SKLADISTE	512GB
918	title	10	19	SKLADISTE	NVMe 2280
918	title	20	24	SKLADISTE	2230
919	title	0	52	SKLADISTE	NVMe 512GB Patriot P300 1700MBs/1100MBs P300P512GM28
919	body	0	52	SKLADISTE	NVMe 512GB Patriot P300 1700MBs/1100MBs P300P512GM28
919	body	96	104	SKLADISTE	M.2 2280
919	body	122	127	SKLADISTE	512GB
919	body	140	145	SKLADISTE	PCI-e
919	body	171	183	SKLADISTE	do 1.700MB/s
919	body	206	218	SKLADISTE	do 1.100MB/s
920	title	0	51	SKLADISTE	NVMe Corsair 2TB MP600 PRO LP CSSD-F2000GBMP600PLPW
920	body	0	74	SKLADISTE	M.2 NVMe Corsair 2TB MP600 PRO LP Gen4x4 6800/7100MB CSSD-F2000GBMP600PLPW
920	body	115	123	SKLADISTE	M.2 2280
920	body	140	143	SKLADISTE	2TB
920	body	154	172	SKLADISTE	PCI Express 4.0 x4
920	body	174	178	SKLADISTE	NVMe
920	body	203	212	SKLADISTE	7.100MB/s
920	body	233	242	SKLADISTE	6.800MB/s
920	body	273	285	SKLADISTE	MP600 PRO LP
920	body	299	310	SKLADISTE	3D TLC NAND
920	body	332	336	SKLADISTE	NVMe
920	body	338	349	SKLADISTE	PCIe 4.0 x4
920	body	439	447	SKLADISTE	PCIe 4.0
920	body	545	553	SKLADISTE	M.2 2280
921	title	0	5	SKLADISTE	256GB
921	title	10	17	SKLADISTE	M2 2280
921	title	35	40	SKLADISTE	Intel
921	body	10	13	SKLADISTE	96%
922	title	0	48	SKLADISTE	KINGSTON 4TB M.2 NVMe SNV3S/4000G series NV3 SSD
922	body	0	48	SKLADISTE	KINGSTON 4TB M.2 NVMe SNV3S/4000G series NV3 SSD
922	body	78	81	SKLADISTE	SSD
922	body	90	98	SKLADISTE	M.2 2280
922	body	116	119	SKLADISTE	4TB
922	body	131	154	SKLADISTE	PCI Express 4.0 x4 NVMe
922	body	179	188	SKLADISTE	6.000MB/s
922	body	210	219	SKLADISTE	5.000MB/s
922	body	257	264	SKLADISTE	3D NAND
922	body	287	338	SKLADISTE	NVMe 1.4, S. M. A. R. T. , TRIM, Wear Leveling, ECC
922	body	353	368	SKLADISTE	do 900.000 IOPS
922	body	380	397	SKLADISTE	do 1.000.000 IOPS
922	body	404	418	SKLADISTE	2.000.000 sati
922	body	525	544	SKLADISTE	80mm x 22mm x 2.3mm
922	body	555	560	SKLADISTE	2.3mm
922	body	567	569	SKLADISTE	7g
923	title	0	20	SKLADISTE	Seagate IronWolf Pro
923	title	31	50	SKLADISTE	16TB SATA III 3.5mm
923	body	0	20	SKLADISTE	Seagate IronWolf Pro
923	body	31	50	SKLADISTE	16TB SATA III 3.5mm
923	body	55	62	SKLADISTE	Seagate
923	body	73	105	SKLADISTE	IronWolf Pro 16TB SATA III 3.5mm
923	body	235	239	SKLADISTE	16TB
923	body	317	325	SKLADISTE	SATA III
923	body	425	432	SKLADISTE	Seagate
923	body	1043	1063	SKLADISTE	Seagate IronWolf Pro
923	body	1091	1095	SKLADISTE	16TB
923	body	1155	1163	SKLADISTE	SATA III
923	body	1198	1207	SKLADISTE	do 6 Gb/s
923	body	1304	1313	SKLADISTE	3.5 inčne
923	body	1405	1409	SKLADISTE	RAID
923	body	1524	1527	SKLADISTE	NAS
923	body	1547	1554	SKLADISTE	Seagate
923	body	1566	1583	SKLADISTE	IronWolf Pro 16TB
923	body	1841	1848	SKLADISTE	Seagate
923	body	1974	1981	SKLADISTE	Seagate
923	body	1993	1998	SKLADISTE	16 TB
923	body	2010	2018	SKLADISTE	3.5 inča
923	body	2030	2038	SKLADISTE	SATA III
925	title	34	41	SKLADISTE	4x NVMe
925	body	314	322	SKLADISTE	M.2 NVMe
925	body	361	371	SKLADISTE	4 M.2 NVMe
925	body	388	393	SKLADISTE	22110
925	body	394	398	SKLADISTE	2280
925	body	399	403	SKLADISTE	2260
925	body	404	408	SKLADISTE	2242
925	body	409	422	SKLADISTE	2230 M.2 NVMe
925	body	491	503	SKLADISTE	4 x M.2 NVMe
925	body	545	553	SKLADISTE	M.2 SATA
925	body	743	755	SKLADISTE	4 x M.2 NVMe
925	body	831	843	SKLADISTE	4 x M.2 NVMe
925	body	1190	1198	SKLADISTE	M.2 NVMe
925	body	1310	1318	SKLADISTE	M.2 NVMe
925	body	1499	1507	SKLADISTE	M.2 NVMe
926	title	0	19	SKLADISTE	512GB SSD NVMe 2280
928	title	12	17	SKLADISTE	128GB
928	title	18	23	SKLADISTE	256GB
928	title	24	29	SKLADISTE	500GB
928	title	30	35	SKLADISTE	960GB
928	body	81	118	SKLADISTE	APACER 120GB 2.5 inča SATA III AS340X
928	body	123	138	SKLADISTE	AP120GAS340XC-1
928	body	141	150	CENA	4.000 RSD
928	body	155	192	SKLADISTE	APACER 240GB 2.5 inča SATA III AS340X
928	body	197	212	SKLADISTE	AP240GAS340XC-1
928	body	215	224	CENA	6.600 RSD
928	body	229	266	SKLADISTE	APACER 256GB 2.5 inča SATA III AS350X
928	body	271	286	SKLADISTE	AP256GAS350XR-1
928	body	289	298	CENA	6.700 RSD
928	body	303	350	SKLADISTE	APACER 256GB AS2280P4 M.2 PCIe AP256GAS2280P4-1
928	body	353	362	CENA	7.000 RSD
928	body	367	398	SKLADISTE	APACER 256GB AS2280P4X M.2 PCIe
928	body	403	420	SKLADISTE	AP256GAS2280P4X-1
928	body	423	432	CENA	7.000 RSD
928	body	437	495	SKLADISTE	KINGSTON 240GB 2.5 inča SATA III SA400S37/240G A400 series
928	body	502	511	CENA	7.500 RSD
928	body	516	573	SKLADISTE	KINGSTON 256GB 2.5 inča SATA III SKC600/256G KC600 series
928	body	580	589	CENA	8.800 RSD
928	body	594	652	SKLADISTE	KINGSTON 480GB 2.5 inča SATA III SA400S37/480G A400 series
928	body	659	669	CENA	11.100 RSD
928	body	674	711	SKLADISTE	APACER 512GB 2.5 inča SATA III AS350X
928	body	716	731	SKLADISTE	AP512GAS350XR-1
928	body	734	744	CENA	11.100 RSD
928	body	749	780	SKLADISTE	APACER 512GB AS2280P4X M.2 PCIe
928	body	785	802	SKLADISTE	AP512GAS2280P4X-1
928	body	805	815	CENA	11.500 RSD
928	body	820	865	SKLADISTE	KINGSTON 500GB M.2 NVMe SNV3S/500G series NV3
928	body	872	882	CENA	12.200 RSD
928	body	887	944	SKLADISTE	KINGSTON 512GB 2.5 inča SATA III SKC600/512G KC600 series
928	body	951	961	CENA	13.600 RSD
928	body	966	1024	SKLADISTE	KINGSTON 960GB 2.5 inča SATA III SA400S37/960G A400 series
928	body	1031	1041	CENA	15.700 RSD
928	body	1046	1063	SKLADISTE	WD 500GB M.2 NVMe
928	body	1068	1097	SKLADISTE	Gen4 WDS500G4X0E SN7100 Black
928	body	1100	1110	CENA	17.200 RSD
928	body	1115	1167	SKLADISTE	KINGSTON 500GB M.2 2230 NVMe SNV3SM3/500G series NV3
928	body	1174	1184	CENA	17.300 RSD
928	body	1189	1248	SKLADISTE	KINGSTON 1024GB 2.5 inča SATA III SKC600/1024G KC600 series
928	body	1255	1265	CENA	17.400 RSD
928	body	1270	1314	SKLADISTE	KINGSTON 1TB M.2 NVMe SNV3S/1000G series NV3
928	body	1321	1331	CENA	17.600 RSD
928	body	1336	1371	SKLADISTE	APACER 1TB 2.5 inča SATA III AS350X
928	body	1376	1390	SKLADISTE	AP1TBAS350XR-1
928	body	1393	1403	CENA	18.500 RSD
928	body	1408	1437	SKLADISTE	APACER 1TB AS2280P4X M.2 PCIe
928	body	1444	1454	CENA	19.800 RSD
928	body	1459	1510	SKLADISTE	KINGSTON 512GB M.2 NVMe SKC3000S/512G KC3000 series
928	body	1517	1527	CENA	20.600 RSD
928	body	1532	1581	SKLADISTE	KINGSTON 1TB M.2 2230 NVMe SNV3SM3/1T0 series NV3
928	body	1588	1598	CENA	22.400 RSD
928	body	1603	1660	SKLADISTE	SAMSUNG 500GB 2.5 inča SATA III MZ-77E500B 870 EVO Series
928	body	1667	1677	CENA	22.500 RSD
928	body	1682	1732	SKLADISTE	KINGSTON 1TB M.2 NVMe SKC3000S/1024G KC3000 series
928	body	1739	1749	CENA	22.600 RSD
928	body	1754	1799	SKLADISTE	SAMSUNG 500GB M.2 NVMe MZ-V8V500BW 980 Series
928	body	1806	1816	CENA	22.600 RSD
928	body	1821	1836	SKLADISTE	WD 1TB M.2 NVMe
928	body	1841	1870	SKLADISTE	Gen4 WDS100T4X0E SN7100 Black
928	body	1873	1883	CENA	25.800 RSD
928	body	1888	1920	SKLADISTE	KINGSTON 1TB M.2 NVMe SFYR2S/1T0
928	body	1925	1941	SKLADISTE	FURY Renegade G5
928	body	1948	1958	CENA	26.700 RSD
928	body	1963	2015	SKLADISTE	SAMSUNG 1TB M.2 NVMe MZ-V9S1T0BW 990 EVO Plus Series
928	body	2022	2032	CENA	27.400 RSD
928	body	2037	2071	SKLADISTE	KINGSTON 1TB M.2 NVMe SFYRSK/1000G
928	body	2076	2089	SKLADISTE	FURY Renegade
928	body	2096	2106	CENA	27.900 RSD
928	body	2111	2126	SKLADISTE	WD 1TB M.2 NVMe
928	body	2131	2160	SKLADISTE	Gen4 WDS100T2X0E SN850X Black
928	body	2163	2173	CENA	28.300 RSD
928	body	2178	2222	SKLADISTE	KINGSTON 2TB M.2 NVMe SNV3S/2000G series NV3
928	body	2229	2239	CENA	31.700 RSD
928	body	2244	2292	SKLADISTE	SAMSUNG 1TB M.2 NVMe MZ-VAP1T0BW 9100 Pro Series
928	body	2295	2305	CENA	34.100 RSD
928	body	2310	2357	SKLADISTE	SAMSUNG 1TB M.2 NVMe MZ-V9P1T0BW 990 Pro Series
928	body	2364	2374	CENA	35.400 RSD
928	body	2379	2428	SKLADISTE	KINGSTON 2TB M.2 2230 NVMe SNV3SM3/2T0 series NV3
928	body	2435	2445	CENA	36.800 RSD
928	body	2450	2506	SKLADISTE	SAMSUNG 1TB M.2 NVMe MZ-V9P1T0CW 990 Pro Series Heatsink
928	body	2513	2523	CENA	36.800 RSD
928	body	2528	2578	SKLADISTE	KINGSTON 2TB M.2 NVMe SKC3000D/2048G KC3000 series
928	body	2585	2595	CENA	37.500 RSD
928	body	2600	2655	SKLADISTE	SAMSUNG 1TB 2.5 inča SATA III MZ-77E1T0B 870 EVO Series
928	body	2662	2672	CENA	37.500 RSD
928	body	2677	2734	SKLADISTE	SAMSUNG 1TB M.2 NVMe MZ-VAP1T0CW 9100 Pro Heatsink Series
928	body	2737	2747	CENA	40.200 RSD
928	body	2752	2767	SKLADISTE	WD 2TB M.2 NVMe
928	body	2772	2801	SKLADISTE	Gen4 WDS200T4X0E SN7100 Black
928	body	2804	2814	CENA	40.300 RSD
928	body	2819	2867	SKLADISTE	KINGSTON 2TB M.2 NVMe SFYRDK/2000G FURY Renegade
928	body	2874	2884	CENA	41.500 RSD
928	body	2889	2904	SKLADISTE	WD 2TB M.2 NVMe
928	body	2909	2933	SKLADISTE	WDS200T2X0E Black SN850X
928	body	2936	2946	CENA	42.900 RSD
928	body	2951	3010	SKLADISTE	KINGSTON 2048GB 2.5 inča SATA III SKC600/2048G KC600 series
928	body	3017	3027	CENA	43.000 RSD
928	body	3032	3064	SKLADISTE	KINGSTON 2TB M.2 NVMe SFYR2S/2T0
928	body	3069	3085	SKLADISTE	FURY Renegade G5
928	body	3092	3102	CENA	49.300 RSD
928	body	3107	3151	SKLADISTE	KINGSTON 4TB M.2 NVMe SNV3S/4000G series NV3
928	body	3158	3168	CENA	54.200 RSD
928	body	3173	3225	SKLADISTE	SAMSUNG 2TB M.2 NVMe MZ-V9S2T0BW 990 EVO Plus Series
928	body	3232	3242	CENA	55.100 RSD
928	body	3247	3295	SKLADISTE	SAMSUNG 2TB M.2 NVMe MZ-VAP2T0BW 9100 Pro Series
928	body	3298	3308	CENA	66.000 RSD
928	body	3313	3360	SKLADISTE	SAMSUNG 2TB M.2 NVMe MZ-V9P2T0BW 990 Pro Series
928	body	3367	3377	CENA	70.800 RSD
928	body	3382	3438	SKLADISTE	SAMSUNG 2TB M.2 NVMe MZ-V9P2T0CW 990 Pro Series Heatsink
928	body	3445	3455	CENA	73.500 RSD
928	body	3460	3515	SKLADISTE	SAMSUNG 2TB 2.5 inča SATA III MZ-77E2T0B 870 EVO Series
928	body	3522	3532	CENA	74.900 RSD
928	body	3537	3594	SKLADISTE	SAMSUNG 2TB M.2 NVMe MZ-VAP2T0CW 9100 Pro Heatsink Series
928	body	3597	3607	CENA	78.300 RSD
928	body	3612	3664	SKLADISTE	SAMSUNG 4TB M.2 NVMe MZ-V9S4T0BW 990 EVO Plus Series
928	body	3671	3682	CENA	111.400 RSD
928	body	3687	3743	SKLADISTE	SAMSUNG 4TB M.2 NVMe MZ-V9P4T0CW 990 Pro Series Heatsink
928	body	3750	3761	CENA	111.600 RSD
928	body	3766	3825	SKLADISTE	SAMSUNG 4TB 2.5 inča SATA III MZ-77E4T0B 870 EVO Series SSD
928	body	3828	3839	CENA	114.300 RSD
928	body	3844	3895	SKLADISTE	SAMSUNG 4TB M.2 NVMe MZ-V9P4T0BW 990 Pro Series SSD
928	body	3898	3909	CENA	117.700 RSD
928	body	3914	3962	SKLADISTE	SAMSUNG 4TB M.2 NVMe MZ-VAP4T0BW 9100 Pro Series
928	body	3965	3976	CENA	121.800 RSD
928	body	3981	4038	SKLADISTE	SAMSUNG 4TB M.2 NVMe MZ-VAP4T0CW 9100 Pro Heatsink Series
928	body	4041	4052	CENA	126.500 RSD
929	title	37	40	SKLADISTE	2.5
929	title	41	44	SKLADISTE	3.5
929	body	49	52	SKLADISTE	2,5
929	body	53	70	SKLADISTE	3,5 inča SATA/IDE
929	body	81	90	SKLADISTE	5,25 inča
931	title	42	45	RAM	3GB
931	title	48	52	SKLADISTE	32GB
931	body	444	461	CPU	Samsung Octa-Core
931	body	484	532	CPU	1,8 GHz četvorojezgreni, 2,0 GHz četverojezgreni
931	body	619	623	RAM	3 GB
931	body	632	637	SKLADISTE	32 GB
932	title	45	48	RAM	4GB
932	title	51	56	SKLADISTE	128GB
932	body	457	476	CPU	MediaTek Helio P22T
932	body	499	533	CPU	4 k 2,3 GHz, 4 k 1,8 GHz Octa-Core
932	body	622	631	RAM	4 GB DDR3
932	body	638	644	SKLADISTE	128 GB
932	body	670	677	SKLADISTE	MicroSD
932	body	718	725	SKLADISTE	microSD
933	title	34	37	RAM	6GB
933	title	40	45	SKLADISTE	128GB
933	body	432	435	RAM	6GB
933	body	438	443	SKLADISTE	128GB
933	body	482	499	CPU	Samsung Octa-Core
933	body	522	560	CPU	Octa-Core (3,09 GHz, 2,4 GHz, 1,8 GHz)
933	body	645	649	RAM	6 GB
933	body	658	670	SKLADISTE	128 GB ROM-a
933	body	691	698	SKLADISTE	MicroSD
933	body	734	741	SKLADISTE	microSD
934	title	26	31	SKLADISTE	128GB
934	body	28	33	SKLADISTE	128GB
934	body	151	183	CPU	Qualcomm Snapdragon 865+ 3.09GHz
934	body	191	195	RAM	6 GB
934	body	209	215	SKLADISTE	128 GB
935	title	20	23	SKLADISTE	256
935	title	24	27	RAM	8GB
935	body	25	28	RAM	8GB
935	body	33	38	SKLADISTE	256GB
936	title	36	47	CPU	T610 8-Core
936	title	48	51	RAM	4GB
936	title	52	56	SKLADISTE	64GB
936	body	572	576	CPU	T610
936	body	591	599	CPU	1,82 GHz
936	body	616	617	CPU	8
936	body	643	647	RAM	4 GB
936	body	670	683	RAM	LPDDR4x-SDRAM
936	body	720	724	RAM	4 GB
936	body	777	782	SKLADISTE	64 GB
936	body	868	888	SKLADISTE	MicroSD (TransFlash)
936	body	927	933	SKLADISTE	128 GB
937	title	34	43	CPU	OC 2.0GHz
937	title	44	47	RAM	4GB
937	title	48	52	SKLADISTE	64GB
937	body	37	46	CPU	OC 2.0GHz
937	body	47	50	RAM	4GB
937	body	51	55	SKLADISTE	64GB
937	body	182	188	CPU	Unisoc
937	body	207	216	CPU	Octa core
937	body	235	239	RAM	4 GB
937	body	262	267	SKLADISTE	64 GB
937	body	656	662	CPU	Unisoc
937	body	681	690	CPU	Octa core
937	body	709	713	RAM	4 GB
937	body	736	741	SKLADISTE	64 GB
937	body	929	940	CPU	Unisoc T610
937	body	967	975	CPU	2.00 GHz
937	body	995	999	GPU	Mali
937	body	1014	1020	SKLADISTE	do 512
940	title	17	18	RAM	8
940	title	19	24	SKLADISTE	128GB
941	body	334	335	RAM	3
941	body	336	340	SKLADISTE	32gb
941	body	343	347	CENA	100e
941	body	386	390	CENA	100e
941	body	427	428	RAM	4
941	body	429	433	SKLADISTE	64gb
941	body	436	439	CENA	95e
941	body	476	477	RAM	8
941	body	478	483	SKLADISTE	128gb
941	body	486	490	CENA	150e
941	body	527	528	RAM	4
941	body	529	533	SKLADISTE	64gb
941	body	536	540	CENA	160e
941	body	583	584	RAM	8
941	body	585	590	SKLADISTE	128gb
941	body	593	597	CENA	200e
941	body	630	631	RAM	4
941	body	632	636	SKLADISTE	64gb
941	body	644	648	CENA	145e
941	body	681	682	RAM	4
941	body	683	687	SKLADISTE	64gb
941	body	694	698	CENA	175e
941	body	731	732	RAM	8
941	body	733	738	SKLADISTE	128gb
941	body	746	750	CENA	180e
941	body	783	784	RAM	8
941	body	785	790	SKLADISTE	128gb
941	body	797	801	CENA	210e
941	body	834	836	RAM	12
941	body	837	842	SKLADISTE	256gb
941	body	853	857	CENA	620e
941	body	903	905	RAM	12
941	body	906	911	SKLADISTE	256gb
941	body	914	918	CENA	660e
941	body	962	964	RAM	12
941	body	965	970	SKLADISTE	512gb
941	body	973	977	CENA	750e
941	body	1043	1044	RAM	4
941	body	1045	1049	SKLADISTE	64gb
941	body	1052	1056	CENA	100e
941	body	1086	1087	RAM	4
941	body	1088	1093	SKLADISTE	128gb
941	body	1096	1100	CENA	110e
941	body	1130	1131	RAM	6
941	body	1132	1137	SKLADISTE	128gb
941	body	1140	1144	CENA	135e
941	body	1169	1170	RAM	4
941	body	1171	1176	SKLADISTE	128gb
941	body	1179	1183	CENA	135e
941	body	1208	1209	RAM	6
941	body	1210	1215	SKLADISTE	128gb
941	body	1218	1222	CENA	165e
941	body	1247	1248	RAM	8
941	body	1249	1254	SKLADISTE	256gb
941	body	1257	1261	CENA	190e
941	body	1287	1288	RAM	6
941	body	1289	1294	SKLADISTE	128gb
941	body	1295	1299	CENA	190e
941	body	1325	1326	RAM	8
941	body	1327	1332	SKLADISTE	256gb
941	body	1333	1337	CENA	225e
941	body	1363	1364	RAM	8
941	body	1365	1370	SKLADISTE	256gb
941	body	1373	1377	CENA	280e
941	body	1432	1446	CPU	Mediatek Helio
941	body	1458	1459	RAM	4
941	body	1460	1464	SKLADISTE	64gb
941	body	1467	1471	CENA	100e
941	body	1508	1509	RAM	8
941	body	1510	1515	SKLADISTE	128gb
941	body	1523	1527	CENA	175e
941	body	1558	1559	RAM	8
941	body	1560	1565	SKLADISTE	256gb
941	body	1572	1576	CENA	240e
941	body	1607	1608	RAM	8
941	body	1609	1614	SKLADISTE	256gb
941	body	1622	1626	CENA	240e
941	body	1652	1653	RAM	8
941	body	1654	1659	SKLADISTE	128gb
941	body	1667	1671	CENA	310e
941	body	1704	1706	RAM	12
941	body	1707	1712	SKLADISTE	256gb
941	body	1715	1719	CENA	430e
941	body	1796	1800	CENA	270e
941	body	1821	1824	CPU	A16
941	body	1838	1843	SKLADISTE	128gb
941	body	1846	1850	CENA	340e
941	body	1871	1874	CPU	A16
941	body	1889	1894	SKLADISTE	256gb
941	body	1897	1901	CENA	450e
941	body	1934	1936	CPU	M2
941	body	1942	1947	SKLADISTE	128gb
941	body	1950	1954	CENA	550e
941	body	1992	1997	SKLADISTE	512gb
941	body	2000	2004	CENA	900e
941	body	2037	2039	CPU	M2
941	body	2045	2050	SKLADISTE	128gb
941	body	2053	2057	CENA	700e
941	body	2090	2092	CPU	M3
941	body	2097	2102	SKLADISTE	128gb
941	body	2105	2109	CENA	520e
941	body	2142	2144	CPU	M3
941	body	2149	2154	SKLADISTE	256gb
941	body	2157	2161	CENA	650e
941	body	2194	2196	CPU	M3
941	body	2201	2206	SKLADISTE	128gb
941	body	2209	2213	CENA	730e
941	body	2238	2240	CPU	M5
941	body	2245	2250	SKLADISTE	256gb
941	body	2253	2258	CENA	1000e
941	body	2283	2285	CPU	M5
941	body	2290	2295	SKLADISTE	256gb
941	body	2298	2303	CENA	1320e
941	body	2338	2343	SKLADISTE	256gb
941	body	2346	2350	CENA	450e
941	body	2383	2388	SKLADISTE	128gb
941	body	2391	2395	CENA	440e
941	body	2428	2432	SKLADISTE	256g
941	body	2436	2440	CENA	540e
941	body	2473	2478	SKLADISTE	512gb
941	body	2481	2485	CENA	820e
941	body	2548	2551	CENA	85e
941	body	2571	2575	CENA	100e
941	body	2600	2603	CENA	85e
941	body	2625	2629	CENA	130e
941	body	2647	2648	RAM	8
941	body	2649	2654	SKLADISTE	128gb
941	body	2662	2666	CENA	380e
942	title	37	40	RAM	4GB
942	title	41	44	CPU	G88
942	body	262	274	CPU	MediaTek G88
942	body	323	329	RAM	do 4GB
942	body	348	356	SKLADISTE	do 128GB
943	title	22	23	RAM	8
943	title	24	27	SKLADISTE	128
944	title	13	14	RAM	6
944	title	15	18	SKLADISTE	128
946	title	40	42	RAM	16
946	title	43	47	SKLADISTE	1 TB
946	body	326	330	RAM	16GB
946	body	338	341	SKLADISTE	1TB
946	body	750	766	CPU	Octa Core 1.6GHz
947	body	83	86	RAM	8gb
947	body	97	102	SKLADISTE	128gb
948	title	26	29	RAM	8GB
948	title	34	39	SKLADISTE	128GB
948	body	1977	2011	CPU	Mediatek MT6769H Helio G88 (12 nm)
948	body	2020	2074	CPU	Octa-core (2x2.0 GHz Cortex-A75 &6x1.8 GHz Cortex-A55)
948	body	2083	2095	GPU	Mali-G52 MC2
948	body	2121	2130	SKLADISTE	microSDXC
948	body	2159	2164	SKLADISTE	128GB
948	body	2165	2168	RAM	8GB
948	body	2178	2186	SKLADISTE	eMMC 5.1
949	title	20	21	RAM	8
949	title	22	27	SKLADISTE	256GB
949	body	20	21	RAM	8
949	body	22	27	SKLADISTE	256GB
949	body	467	474	CENA	300 rsd
949	body	480	487	CENA	590 rsd
949	body	495	502	CENA	780 rsd
949	body	510	518	CENA	1000 rsd
949	body	526	534	CENA	1150 rsd
949	body	542	550	CENA	1300 rsd
949	body	558	566	CENA	1900 rsd
949	body	1277	1278	RAM	8
949	body	1279	1284	SKLADISTE	256GB
949	body	1494	1499	RAM	83.1%
949	body	1513	1516	RAM	8GB
949	body	1534	1539	SKLADISTE	256GB
949	body	1565	1586	CPU	Kirin T82B, Octa-Core
951	title	27	28	RAM	4
951	title	29	35	SKLADISTE	128 GB
951	body	41	42	RAM	4
951	body	43	49	SKLADISTE	128 GB
951	body	99	109	CENA	17.600 rsd
951	body	148	151	RAM	4Gb
951	body	175	180	SKLADISTE	128Gb
951	body	652	659	CENA	1500rsd
951	body	679	686	CENA	2200rsd
952	title	33	36	RAM	4GB
952	title	37	41	SKLADISTE	64GB
952	body	287	290	RAM	4GB
952	body	297	301	SKLADISTE	64GB
955	body	39	40	RAM	4
955	body	41	46	SKLADISTE	128GB
955	body	1336	1337	RAM	4
955	body	1338	1343	SKLADISTE	128GB
955	body	1446	1449	RAM	4GB
955	body	1477	1482	SKLADISTE	128GB
955	body	1503	1543	CPU	Qualcomm SM6225 Snapdragon 680 4G (6 nm)
955	body	1544	1606	CPU	Octa-core (4x2.4 GHz Kryo 265 Gold &4x1.9 GHz Kryo 265 Silver)
955	body	1635	1645	GPU	Adreno 610
956	title	20	21	RAM	8
956	title	22	27	SKLADISTE	128GB
956	body	1084	1085	RAM	8
956	body	1086	1091	SKLADISTE	128GB
959	body	195	202	SKLADISTE	do 32GB
959	body	759	765	CENA	390rsd
961	title	27	29	RAM	12
961	title	30	35	SKLADISTE	128GB
961	body	27	29	RAM	12
961	body	30	35	SKLADISTE	128GB
963	body	1145	1147	RAM	16
963	body	1148	1151	SKLADISTE	256
963	body	1164	1168	CENA	865€
963	body	1170	1172	RAM	16
963	body	1173	1176	SKLADISTE	256
963	body	1188	1192	CENA	865€
963	body	1194	1196	RAM	16
963	body	1197	1200	SKLADISTE	256
963	body	1213	1217	CENA	865€
963	body	1219	1221	RAM	16
963	body	1222	1225	SKLADISTE	256
963	body	1234	1238	CENA	870€
963	body	1267	1269	RAM	16
963	body	1270	1273	SKLADISTE	512
963	body	1284	1288	CENA	990€
963	body	1290	1292	RAM	16
963	body	1293	1296	SKLADISTE	256
963	body	1303	1307	CENA	860€
963	body	1309	1311	RAM	16
963	body	1312	1315	SKLADISTE	256
963	body	1328	1332	CENA	850€
963	body	1334	1336	RAM	16
963	body	1337	1340	SKLADISTE	128
963	body	1352	1356	CENA	690€
963	body	1358	1360	RAM	16
963	body	1361	1364	SKLADISTE	128
963	body	1376	1380	CENA	720€
963	body	1382	1384	RAM	16
963	body	1385	1388	SKLADISTE	128
963	body	1399	1403	CENA	690€
963	body	1405	1407	RAM	16
963	body	1408	1411	SKLADISTE	256
963	body	1422	1426	CENA	850€
963	body	1447	1449	RAM	12
963	body	1450	1453	SKLADISTE	128
963	body	1460	1464	CENA	580€
963	body	1466	1468	RAM	12
963	body	1469	1472	SKLADISTE	128
963	body	1480	1484	CENA	570€
963	body	1486	1488	RAM	12
963	body	1489	1492	SKLADISTE	256
963	body	1500	1504	CENA	660€
963	body	1506	1508	RAM	12
963	body	1509	1512	SKLADISTE	256
963	body	1522	1526	CENA	660€
963	body	1528	1530	RAM	12
963	body	1531	1534	SKLADISTE	128
963	body	1544	1548	CENA	550€
963	body	1575	1576	RAM	8
963	body	1577	1580	SKLADISTE	128
963	body	1591	1595	CENA	405€
963	body	1625	1627	RAM	12
963	body	1628	1631	SKLADISTE	128
963	body	1643	1647	CENA	650€
963	body	1649	1651	RAM	12
963	body	1652	1655	SKLADISTE	256
963	body	1667	1671	CENA	730€
963	body	1673	1675	RAM	12
963	body	1676	1679	SKLADISTE	256
963	body	1691	1695	CENA	730€
963	body	1721	1723	RAM	12
963	body	1724	1727	SKLADISTE	128
963	body	1738	1741	CENA	610
963	body	1764	1766	RAM	12
963	body	1767	1770	SKLADISTE	256
963	body	1781	1785	CENA	655€
963	body	1787	1789	RAM	12
963	body	1790	1793	SKLADISTE	128
963	body	1805	1809	CENA	485€
963	body	1811	1813	RAM	12
963	body	1814	1817	SKLADISTE	128
963	body	1830	1834	CENA	485€
963	body	1836	1838	RAM	12
963	body	1839	1842	SKLADISTE	128
963	body	1857	1861	CENA	485€
963	body	1863	1865	RAM	12
963	body	1866	1869	SKLADISTE	256
963	body	1882	1886	CENA	610€
963	body	1907	1908	RAM	8
963	body	1909	1912	SKLADISTE	256
963	body	1921	1925	CENA	460€
963	body	1927	1928	RAM	8
963	body	1929	1932	SKLADISTE	128
963	body	1939	1943	CENA	369€
963	body	1945	1946	RAM	8
963	body	1947	1950	SKLADISTE	128
963	body	1959	1963	CENA	420€
963	body	1992	1994	RAM	12
963	body	1995	1998	SKLADISTE	128
963	body	2007	2011	CENA	519€
963	body	2013	2015	RAM	12
963	body	2016	2019	SKLADISTE	128
963	body	2029	2033	CENA	519€
963	body	2035	2037	RAM	12
963	body	2038	2041	SKLADISTE	128
963	body	2053	2057	CENA	519€
963	body	2078	2079	RAM	8
963	body	2080	2083	SKLADISTE	128
963	body	2091	2095	CENA	369€
963	body	2097	2098	RAM	8
963	body	2099	2102	SKLADISTE	128
963	body	2114	2118	CENA	475€
963	body	2140	2141	RAM	8
963	body	2142	2145	SKLADISTE	128
963	body	2154	2158	CENA	345€
963	body	2181	2182	RAM	8
963	body	2183	2186	SKLADISTE	128
963	body	2194	2198	CENA	310€
963	body	2247	2250	CENA	50€
965	body	116	119	SKLADISTE	1tb
965	body	121	126	CENA	1650€
965	body	149	154	SKLADISTE	512gb
965	body	156	161	CENA	1450€
965	body	183	188	SKLADISTE	512gb
965	body	190	195	CENA	1350€
965	body	226	231	SKLADISTE	256gb
965	body	233	238	CENA	1215€
965	body	260	265	SKLADISTE	256gb
965	body	267	272	CENA	1130€
965	body	299	304	SKLADISTE	512gb
965	body	306	311	CENA	1360€
965	body	330	335	SKLADISTE	256gb
965	body	337	342	CENA	1090€
965	body	356	361	SKLADISTE	256gb
965	body	363	367	CENA	820€
965	body	383	388	SKLADISTE	512gb
965	body	390	394	CENA	930€
965	body	410	415	SKLADISTE	256gb
965	body	417	421	CENA	790€
965	body	437	442	SKLADISTE	256gb
965	body	444	448	CENA	660€
965	body	470	475	SKLADISTE	256gb
965	body	477	482	CENA	1145€
965	body	496	501	SKLADISTE	128gb
965	body	503	507	CENA	690€
965	body	529	534	SKLADISTE	256gb
965	body	536	541	CENA	1035€
965	body	559	564	SKLADISTE	128gb
965	body	566	570	CENA	910€
965	body	584	589	SKLADISTE	128gb
965	body	591	595	CENA	600€
965	body	623	628	SKLADISTE	128gb
965	body	630	634	CENA	250€
967	body	451	452	RAM	4
967	body	453	457	SKLADISTE	64gb
967	body	487	491	CENA	100e
967	body	511	512	RAM	4
967	body	513	518	SKLADISTE	128gb
967	body	546	550	CENA	110e
967	body	570	571	RAM	4
967	body	572	577	SKLADISTE	128gb
967	body	599	603	CENA	150e
967	body	623	624	RAM	6
967	body	625	630	SKLADISTE	128gb
967	body	652	656	CENA	160e
967	body	676	677	RAM	8
967	body	678	683	SKLADISTE	256gb
967	body	705	709	CENA	190e
967	body	725	729	SKLADISTE	128b
967	body	730	731	RAM	6
967	body	762	766	CENA	240€
967	body	782	787	SKLADISTE	256gb
967	body	788	789	RAM	8
967	body	820	824	CENA	290€
967	body	847	852	SKLADISTE	128GB
967	body	853	854	RAM	8
967	body	891	895	CENA	300€
967	body	918	923	SKLADISTE	256GB
967	body	924	925	RAM	8
967	body	962	966	CENA	340€
967	body	989	994	SKLADISTE	256GB
967	body	995	997	RAM	12
967	body	1033	1037	CENA	370€
967	body	1060	1065	SKLADISTE	512GB
967	body	1066	1068	RAM	12
967	body	1105	1109	CENA	400€
967	body	1135	1140	SKLADISTE	128gb
967	body	1141	1142	RAM	8
967	body	1159	1163	CENA	410e
967	body	1186	1191	SKLADISTE	128gb
967	body	1192	1194	RAM	12
967	body	1238	1242	CENA	490e
967	body	1265	1270	SKLADISTE	256gb
967	body	1271	1273	RAM	12
967	body	1315	1319	CENA	550e
967	body	1347	1352	SKLADISTE	256gb
967	body	1353	1355	RAM	12
967	body	1384	1388	CENA	650e
967	body	1410	1415	SKLADISTE	256gb
967	body	1416	1418	RAM	12
967	body	1460	1464	CENA	740e
967	body	1486	1491	SKLADISTE	512gb
967	body	1492	1494	RAM	12
967	body	1536	1540	CENA	860e
967	body	1588	1593	SKLADISTE	256gb
967	body	1594	1596	RAM	12
967	body	1628	1632	CENA	590e
967	body	1656	1661	SKLADISTE	512gb
967	body	1662	1664	RAM	12
967	body	1697	1701	CENA	670e
967	body	1722	1727	SKLADISTE	256gb
967	body	1728	1730	RAM	12
967	body	1762	1766	CENA	680e
967	body	1787	1792	SKLADISTE	512gb
967	body	1793	1795	RAM	12
967	body	1834	1838	CENA	760e
967	body	1860	1865	SKLADISTE	256gb
967	body	1866	1868	RAM	12
967	body	1901	1905	CENA	850e
967	body	1927	1932	SKLADISTE	512gb
967	body	1933	1935	RAM	12
967	body	1976	1980	CENA	970e
967	body	2002	2005	SKLADISTE	1Tb
967	body	2006	2008	RAM	16
967	body	2041	2046	CENA	1220e
967	body	2077	2080	CENA	20€
967	body	2100	2103	CENA	30€
967	body	2122	2125	CENA	60€
967	body	2138	2142	CENA	140€
969	body	255	260	SKLADISTE	128gb
969	body	272	276	CENA	560e
969	body	289	294	SKLADISTE	256gb
969	body	307	311	CENA	650e
969	body	328	333	SKLADISTE	128gb
969	body	343	347	CENA	680e
969	body	364	369	SKLADISTE	256gb
969	body	379	383	CENA	870e
969	body	399	404	SKLADISTE	256gb
969	body	414	418	CENA	880e
969	body	426	431	SKLADISTE	128gb
969	body	441	445	CENA	300e
969	body	462	467	SKLADISTE	128gb
969	body	474	478	CENA	390e
969	body	495	500	SKLADISTE	256gb
969	body	511	515	CENA	520e
969	body	529	534	SKLADISTE	128gb
969	body	556	560	CENA	410e
969	body	573	578	SKLADISTE	128gb
969	body	588	592	CENA	375e
969	body	605	610	SKLADISTE	128gb
969	body	620	624	CENA	330e
969	body	637	642	SKLADISTE	128gb
969	body	662	666	CENA	270e
969	body	761	764	CENA	35e
969	body	791	794	CENA	10e
969	body	821	824	CENA	10e
969	body	878	881	CENA	15e
969	body	904	907	CENA	20e
969	body	954	957	CENA	15e
969	body	1004	1007	CENA	10e
970	body	30	33	RAM	8GB
970	body	38	43	SKLADISTE	256GB
970	body	58	65	CENA	355eura
970	body	94	97	RAM	8GB
970	body	102	107	SKLADISTE	128GB
970	body	116	123	CENA	219eura
970	body	152	155	RAM	8GB
970	body	160	165	SKLADISTE	256GB
970	body	181	188	CENA	349eura
970	body	213	216	RAM	8GB
970	body	221	226	SKLADISTE	256GB
970	body	235	242	CENA	445eura
970	body	271	275	RAM	12GB
970	body	280	285	SKLADISTE	512GB
970	body	300	307	CENA	479eura
972	title	11	16	SKLADISTE	512gb
972	body	174	177	SKLADISTE	512
972	body	178	180	RAM	16
972	body	191	195	CENA	850e
972	body	210	213	SKLADISTE	512
972	body	214	216	RAM	12
972	body	232	236	CENA	800e
972	body	251	256	SKLADISTE	512gb
972	body	257	261	RAM	12gb
972	body	271	275	CENA	770e
972	body	293	296	SKLADISTE	1tb
972	body	303	308	CENA	1600e
972	body	317	322	SKLADISTE	256gb
972	body	323	327	RAM	12gb
972	body	343	347	CENA	660e
972	body	358	363	SKLADISTE	512gb
972	body	364	368	RAM	16gb
972	body	381	385	CENA	720e
972	body	396	399	SKLADISTE	512
972	body	400	404	RAM	16gb
972	body	424	428	CENA	890e
972	body	436	439	SKLADISTE	256
972	body	440	444	RAM	12gb
972	body	458	462	CENA	570e
972	body	479	482	SKLADISTE	512
972	body	483	487	RAM	12gb
972	body	494	498	CENA	600e
972	body	515	518	SKLADISTE	512
972	body	519	523	RAM	16gb
972	body	537	541	CENA	570e
972	body	555	558	SKLADISTE	512
972	body	559	563	RAM	12gb
972	body	577	581	CENA	410e
972	body	591	594	SKLADISTE	512
972	body	595	599	RAM	12gb
972	body	606	610	CENA	500e
972	body	621	624	SKLADISTE	256
972	body	625	628	RAM	8gb
972	body	635	639	CENA	450e
972	body	727	730	CENA	40e
972	body	760	767	CENA	6000din
973	title	23	27	RAM	12GB
973	title	28	33	SKLADISTE	512GB
973	body	579	617	CPU	Qualcomm SM7435-AB Snapdragon 7s Gen 2
973	body	634	643	CPU	8 (4 + 4)
973	body	668	683	CPU	2.4Ghz + 1.9Ghz
973	body	700	704	RAM	12GB
973	body	726	736	GPU	Adreno 710
973	body	769	774	SKLADISTE	512GB
974	body	723	726	SKLADISTE	128
974	body	744	748	CENA	405e
974	body	759	762	SKLADISTE	128
974	body	772	775	CENA	550
974	body	787	790	SKLADISTE	256
974	body	808	811	CENA	660
974	body	826	829	SKLADISTE	128
974	body	851	854	CENA	690
974	body	869	872	SKLADISTE	256
974	body	885	888	CENA	850
974	body	906	909	SKLADISTE	512
974	body	919	922	CENA	970
974	body	934	937	SKLADISTE	256
974	body	969	972	CENA	865
974	body	987	990	SKLADISTE	128
974	body	1008	1012	CENA	340e
974	body	1026	1029	SKLADISTE	128
974	body	1054	1057	CENA	520
974	body	1070	1073	SKLADISTE	128
974	body	1090	1093	CENA	375
974	body	1106	1109	SKLADISTE	128
974	body	1135	1139	CENA	480e
974	body	1153	1156	SKLADISTE	128
974	body	1176	1181	CENA	370 e
974	body	1198	1201	SKLADISTE	128
974	body	1221	1226	CENA	610 e
974	body	1246	1249	SKLADISTE	256
974	body	1271	1274	CENA	730
974	body	1294	1297	SKLADISTE	128
974	body	1313	1316	CENA	630
974	body	1344	1352	CENA	5000 din
975	body	163	166	SKLADISTE	128
975	body	167	171	RAM	12GB
975	body	174	178	CENA	490e
975	body	197	200	SKLADISTE	256
975	body	201	205	RAM	12GB
975	body	208	212	CENA	660e
977	body	282	290	CENA	5500 din
977	body	311	318	CENA	3500din
978	body	444	447	CENA	45€
978	body	465	466	RAM	8
978	body	467	472	SKLADISTE	256GB
978	body	491	496	CENA	1399€
978	body	514	515	RAM	8
978	body	516	521	SKLADISTE	256GB
978	body	537	542	CENA	1550€
978	body	564	567	SKLADISTE	256
978	body	574	579	CENA	560 €
978	body	593	594	RAM	8
978	body	595	598	SKLADISTE	256
978	body	608	612	CENA	340€
978	body	626	627	RAM	8
978	body	629	632	SKLADISTE	256
978	body	639	643	CENA	340€
978	body	657	658	RAM	8
978	body	659	662	SKLADISTE	256
978	body	677	681	CENA	340€
978	body	701	703	RAM	12
978	body	704	707	SKLADISTE	256
978	body	717	721	CENA	830E
978	body	742	744	RAM	12
978	body	745	748	SKLADISTE	256
978	body	755	760	CENA	830 E
978	body	788	790	RAM	12
978	body	791	794	SKLADISTE	256
978	body	795	800	CENA	830 E
978	body	820	822	RAM	12
978	body	824	827	SKLADISTE	512
978	body	835	840	CENA	1065e
978	body	860	862	RAM	12
978	body	864	867	SKLADISTE	512
978	body	877	881	CENA	979e
978	body	901	903	RAM	12
978	body	905	908	SKLADISTE	512
978	body	918	922	CENA	979e
978	body	942	944	RAM	12
978	body	946	949	SKLADISTE	512
978	body	961	965	CENA	870e
980	title	39	44	SKLADISTE	128GB
980	title	45	48	SKLADISTE	256
980	title	49	54	SKLADISTE	512GB
980	body	84	89	SKLADISTE	256gb
980	body	119	123	CENA	650€
980	body	128	133	SKLADISTE	256gb
980	body	165	169	CENA	800€
980	body	175	180	SKLADISTE	256gb
980	body	211	215	CENA	790€
980	body	224	229	SKLADISTE	256gb
980	body	250	255	CENA	1070€
980	body	264	269	SKLADISTE	256gb
980	body	293	298	CENA	1120€
980	body	307	312	SKLADISTE	512gb
980	body	336	341	CENA	1360€
980	body	353	358	SKLADISTE	256gb
980	body	373	378	CENA	1180€
980	body	391	396	SKLADISTE	256gb
980	body	413	418	CENA	1240€
980	body	431	436	SKLADISTE	512gb
980	body	453	458	CENA	1460€
980	body	463	468	SKLADISTE	128gb
980	body	489	493	CENA	460€
980	body	498	503	SKLADISTE	128gb
980	body	524	528	CENA	580€
980	body	534	539	SKLADISTE	128gb
980	body	558	562	CENA	530€
980	body	567	572	SKLADISTE	128gb
980	body	593	597	CENA	690€
980	body	602	607	SKLADISTE	256gb
980	body	628	632	CENA	750€
980	body	662	665	CENA	25€
980	body	696	699	CENA	55€
982	body	84	86	RAM	12
982	body	87	92	SKLADISTE	256gb
982	body	122	126	CENA	600€
982	body	132	134	RAM	12
982	body	135	140	SKLADISTE	512gb
982	body	170	174	CENA	700€
982	body	185	187	RAM	12
982	body	188	193	SKLADISTE	256gb
982	body	216	220	CENA	710€
982	body	232	234	RAM	12
982	body	235	240	SKLADISTE	256gb
982	body	262	266	CENA	880€
982	body	278	280	RAM	12
982	body	281	286	SKLADISTE	512gb
982	body	308	312	CENA	995€
982	body	317	318	RAM	8
982	body	319	324	SKLADISTE	128gb
982	body	351	355	CENA	245€
982	body	361	362	RAM	6
982	body	363	368	SKLADISTE	128gb
982	body	399	403	CENA	255€
982	body	409	410	RAM	8
982	body	411	416	SKLADISTE	256gb
982	body	447	451	CENA	300€
982	body	457	458	RAM	8
982	body	459	464	SKLADISTE	128gb
982	body	492	496	CENA	285€
982	body	502	503	RAM	8
982	body	504	509	SKLADISTE	128gb
982	body	537	541	CENA	320€
982	body	547	549	RAM	12
982	body	550	555	SKLADISTE	256gb
982	body	581	585	CENA	350€
982	body	591	592	RAM	8
982	body	593	598	SKLADISTE	128gb
982	body	630	634	CENA	320€
982	body	640	641	RAM	8
982	body	642	647	SKLADISTE	256gb
982	body	679	683	CENA	360€
982	body	689	691	RAM	12
982	body	692	697	SKLADISTE	256gb
982	body	727	731	CENA	390€
982	body	737	739	RAM	12
982	body	740	745	SKLADISTE	128gb
982	body	771	775	CENA	520€
982	body	780	782	RAM	12
982	body	783	788	SKLADISTE	256gb
982	body	814	818	CENA	570€
982	body	827	828	RAM	8
982	body	829	834	SKLADISTE	128gb
982	body	858	862	CENA	410€
982	body	871	872	RAM	8
982	body	873	878	SKLADISTE	256gb
982	body	902	906	CENA	490€
982	body	917	919	RAM	12
982	body	920	925	SKLADISTE	256gb
982	body	944	948	CENA	550€
982	body	960	962	RAM	12
982	body	963	968	SKLADISTE	256gb
982	body	987	991	CENA	780€
982	body	1003	1005	RAM	12
982	body	1006	1011	SKLADISTE	512gb
982	body	1030	1034	CENA	890€
983	body	141	144	CENA	70€
983	body	150	151	RAM	8
983	body	152	157	SKLADISTE	256gb
983	body	191	195	CENA	115€
983	body	212	213	RAM	8
983	body	214	219	SKLADISTE	256gb
983	body	239	243	CENA	205€
983	body	262	263	RAM	8
983	body	264	269	SKLADISTE	256gb
983	body	287	291	CENA	270€
983	body	300	301	RAM	8
983	body	302	307	SKLADISTE	256gb
983	body	341	345	CENA	180€
983	body	362	363	RAM	8
983	body	364	369	SKLADISTE	256gb
983	body	393	397	CENA	260€
983	body	414	415	RAM	8
983	body	416	421	SKLADISTE	256gb
983	body	445	449	CENA	290€
983	body	468	469	RAM	8
983	body	470	475	SKLADISTE	256gb
983	body	495	499	CENA	350€
983	body	518	520	RAM	12
983	body	521	526	SKLADISTE	512gb
983	body	544	548	CENA	410€
983	body	554	556	RAM	12
983	body	557	562	SKLADISTE	256gb
983	body	599	603	CENA	410€
983	body	609	611	RAM	12
983	body	612	617	SKLADISTE	256gb
983	body	654	658	CENA	500€
983	body	664	666	RAM	12
983	body	667	672	SKLADISTE	512gb
983	body	709	713	CENA	550€
983	body	723	725	RAM	12
983	body	726	731	SKLADISTE	256gb
983	body	762	766	CENA	660€
983	body	775	777	RAM	12
983	body	778	783	SKLADISTE	512gb
983	body	805	809	CENA	750€
984	title	42	43	RAM	8
984	title	44	47	SKLADISTE	256
984	title	48	50	RAM	12
984	title	51	54	SKLADISTE	512
984	body	89	90	RAM	8
984	body	91	96	SKLADISTE	256gb
984	body	106	110	CENA	250€
984	body	116	117	RAM	8
984	body	118	123	SKLADISTE	256gb
984	body	140	144	CENA	420€
984	body	150	151	RAM	8
984	body	152	157	SKLADISTE	512gb
984	body	174	178	CENA	450€
984	body	188	190	RAM	12
984	body	191	196	SKLADISTE	512gb
984	body	205	209	CENA	650€
984	body	220	222	RAM	16
984	body	223	228	SKLADISTE	512gb
984	body	233	238	CENA	1100€
984	body	253	254	RAM	8
984	body	255	260	SKLADISTE	256gb
984	body	265	269	CENA	235€
984	body	284	285	RAM	8
984	body	286	291	SKLADISTE	256gb
984	body	296	300	CENA	280€
984	body	315	316	RAM	8
984	body	317	322	SKLADISTE	512gb
984	body	327	331	CENA	310€
984	body	336	337	RAM	8
984	body	338	341	SKLADISTE	256
984	body	361	365	CENA	290€
984	body	371	372	RAM	8
984	body	373	378	SKLADISTE	512gb
984	body	395	399	CENA	325€
986	body	235	236	RAM	4
986	body	237	242	SKLADISTE	128GB
986	body	283	293	CENA	12.757 RSD
986	body	312	313	RAM	4
986	body	314	319	SKLADISTE	128GB
986	body	359	369	CENA	12.757 RSD
986	body	388	389	RAM	6
986	body	390	395	SKLADISTE	128GB
986	body	436	446	CENA	15.311 RSD
986	body	465	466	RAM	6
986	body	467	472	SKLADISTE	128GB
986	body	515	525	CENA	15.311 RSD
986	body	559	560	RAM	6
986	body	561	566	SKLADISTE	256GB
986	body	586	596	CENA	20.415 RSD
986	body	631	632	RAM	8
986	body	633	638	SKLADISTE	256GB
986	body	658	668	CENA	23.819 RSD
986	body	706	707	RAM	8
986	body	708	713	SKLADISTE	256GB
986	body	733	743	CENA	23.819 RSD
986	body	784	785	RAM	8
986	body	786	791	SKLADISTE	256GB
986	body	811	821	CENA	29.758 RSD
986	body	860	861	RAM	8
986	body	862	867	SKLADISTE	256GB
986	body	887	897	CENA	29.758 RSD
986	body	937	938	RAM	8
986	body	939	944	SKLADISTE	256GB
986	body	964	974	CENA	34.027 RSD
986	body	1014	1015	RAM	8
986	body	1016	1021	SKLADISTE	256GB
986	body	1041	1051	CENA	42.534 RSD
986	body	1092	1093	RAM	8
986	body	1094	1099	SKLADISTE	256GB
986	body	1119	1129	CENA	42.534 RSD
986	body	1172	1174	RAM	12
986	body	1175	1180	SKLADISTE	512GB
986	body	1200	1210	CENA	55.249 RSD
986	body	1251	1253	RAM	12
986	body	1254	1259	SKLADISTE	512GB
986	body	1279	1289	CENA	56.995 RSD
986	body	1331	1333	RAM	12
986	body	1334	1339	SKLADISTE	512GB
986	body	1359	1369	CENA	56.995 RSD
986	body	1409	1411	RAM	12
986	body	1412	1417	SKLADISTE	256GB
986	body	1437	1447	CENA	64.652 RSD
986	body	1486	1488	RAM	12
986	body	1489	1494	SKLADISTE	256GB
986	body	1514	1524	CENA	64.652 RSD
986	body	1563	1565	RAM	12
986	body	1566	1571	SKLADISTE	512GB
986	body	1591	1601	CENA	79.964 RSD
986	body	1644	1646	RAM	16
986	body	1647	1652	SKLADISTE	512GB
986	body	1672	1682	CENA	89.322 RSD
986	body	1722	1724	RAM	12
986	body	1725	1730	SKLADISTE	512GB
986	body	1750	1761	CENA	114.842 RSD
988	body	42	43	RAM	6
988	body	44	50	SKLADISTE	256 gb
988	body	75	84	CENA	20.000,00
988	body	95	96	RAM	6
988	body	97	102	SKLADISTE	128gb
988	body	147	155	CENA	14500,00
988	body	167	168	RAM	6
988	body	169	174	SKLADISTE	256gb
988	body	217	225	CENA	16500,00
988	body	237	238	RAM	8
988	body	239	244	SKLADISTE	256gb
988	body	285	293	CENA	19200,00
989	body	15	20	SKLADISTE	128gb
991	body	187	188	RAM	8
991	body	189	194	SKLADISTE	256gb
991	body	228	229	RAM	8
991	body	230	235	SKLADISTE	512gb
991	body	251	255	CENA	310e
991	body	273	274	RAM	8
991	body	275	280	SKLADISTE	256gb
991	body	295	299	CENA	250e
991	body	312	313	RAM	8
991	body	314	319	SKLADISTE	256gb
991	body	329	333	CENA	410e
991	body	346	347	RAM	8
991	body	348	353	SKLADISTE	512gb
991	body	370	374	CENA	450e
991	body	391	393	RAM	12
991	body	394	399	SKLADISTE	512gb
991	body	416	419	CENA	650
991	body	420	424	CENA	660e
991	body	442	444	RAM	16
991	body	445	450	SKLADISTE	512gb
991	body	458	463	CENA	1150e
992	body	22	27	SKLADISTE	128GB
992	body	28	32	CENA	250€
992	body	42	47	SKLADISTE	128GB
992	body	48	52	CENA	299€
992	body	61	66	SKLADISTE	128GB
992	body	67	71	CENA	355€
992	body	125	130	SKLADISTE	128GB
992	body	131	135	CENA	390€
992	body	177	179	RAM	16
992	body	180	185	SKLADISTE	128GB
992	body	188	192	CENA	670€
992	body	218	223	SKLADISTE	256GB
992	body	225	229	CENA	350€
993	body	318	323	SKLADISTE	128GB
993	body	326	336	CENA	16.380 din
993	body	354	365	CENA	751 din/mes
993	body	371	376	SKLADISTE	256GB
993	body	379	389	CENA	17.640 din
993	body	407	418	CENA	809 din/mes
993	body	607	612	SKLADISTE	128GB
993	body	615	625	CENA	17.640 din
993	body	643	654	CENA	809 din/mes
993	body	660	665	SKLADISTE	256GB
993	body	884	889	SKLADISTE	256GB
993	body	892	902	CENA	24.990 din
993	body	920	933	CENA	1.145 din/mes
993	body	1122	1127	SKLADISTE	256GB
993	body	1130	1140	CENA	30.760 din
993	body	1158	1171	CENA	1.410 din/mes
993	body	1361	1366	SKLADISTE	256GB
993	body	1369	1379	CENA	30.800 din
993	body	1397	1410	CENA	1.412 din/mes
993	body	1416	1421	SKLADISTE	512GB
993	body	1424	1434	CENA	39.590 din
993	body	1452	1465	CENA	1.815 din/mes
993	body	1657	1659	RAM	12
993	body	1660	1665	SKLADISTE	512GB
993	body	1696	1709	CENA	2.289 din/mes
993	body	1888	1893	SKLADISTE	512GB
993	body	1896	1906	CENA	49.990 din
993	body	1924	1937	CENA	2.291 din/mes
993	body	2132	2137	SKLADISTE	512GB
993	body	2140	2150	CENA	62.900 din
993	body	2168	2181	CENA	2.883 din/mes
993	body	2366	2371	SKLADISTE	512GB
993	body	2374	2384	CENA	79.940 din
993	body	2402	2415	CENA	3.664 din/mes
993	body	2624	2629	SKLADISTE	512GB
993	body	3308	3316	CENA	2.070din
993	body	3368	3376	CENA	3.560din
993	body	3445	3453	CENA	2.160din
993	body	3492	3500	CENA	2.070din
993	body	3536	3544	CENA	3.730din
995	title	10	16	SKLADISTE	128 gb
995	body	13	18	SKLADISTE	128gb
997	title	21	22	RAM	6
997	title	23	28	SKLADISTE	128GB
997	body	21	22	RAM	6
997	body	23	28	SKLADISTE	128GB
997	body	1251	1252	RAM	6
997	body	1253	1258	SKLADISTE	128GB
997	body	1413	1416	RAM	6GB
997	body	1444	1449	SKLADISTE	128GB
999	body	510	513	SKLADISTE	128
999	body	514	517	RAM	4GB
999	body	520	524	CENA	130€
999	body	534	537	SKLADISTE	128
999	body	538	541	RAM	6GB
999	body	544	548	CENA	140€
999	body	558	561	SKLADISTE	256
999	body	562	565	RAM	8GB
999	body	568	572	CENA	165€
999	body	582	585	SKLADISTE	128
999	body	586	589	RAM	6GB
999	body	592	596	CENA	160€
999	body	605	608	SKLADISTE	256
999	body	609	612	RAM	8GB
999	body	615	619	CENA	190€
999	body	637	640	SKLADISTE	256
999	body	641	644	RAM	8GB
999	body	647	651	CENA	230€
999	body	669	672	SKLADISTE	256
999	body	673	676	RAM	8GB
999	body	679	683	CENA	265€
999	body	698	701	SKLADISTE	128
999	body	702	705	RAM	8GB
999	body	708	712	CENA	250€
999	body	726	729	SKLADISTE	256
999	body	730	733	RAM	8GB
999	body	736	740	CENA	270€
999	body	755	758	SKLADISTE	128
999	body	759	762	RAM	6GB
999	body	778	781	SKLADISTE	256
999	body	782	785	RAM	8GB
999	body	788	792	CENA	300€
999	body	810	813	SKLADISTE	128
999	body	814	817	RAM	8GB
999	body	821	825	CENA	290€
999	body	864	867	SKLADISTE	256
999	body	868	871	RAM	8GB
999	body	875	879	CENA	330€
999	body	918	921	SKLADISTE	128
999	body	924	927	RAM	8GB
999	body	930	934	CENA	310€
999	body	970	973	SKLADISTE	256
999	body	976	979	RAM	8GB
999	body	982	986	CENA	360€
999	body	1026	1029	SKLADISTE	256
999	body	1030	1033	RAM	8GB
999	body	1036	1040	CENA	520€
999	body	1060	1063	SKLADISTE	256
999	body	1064	1068	RAM	12GB
999	body	1092	1095	SKLADISTE	512
999	body	1096	1100	RAM	12GB
999	body	1119	1124	SKLADISTE	256GB
999	body	1125	1128	RAM	8GB
999	body	1131	1135	CENA	500€
999	body	1151	1156	SKLADISTE	128GB
999	body	1157	1161	RAM	12GB
999	body	1183	1188	SKLADISTE	256GB
999	body	1189	1193	RAM	12GB
999	body	1197	1201	CENA	560€
999	body	1225	1228	SKLADISTE	256
999	body	1229	1233	RAM	12GB
999	body	1235	1239	CENA	760€
999	body	1272	1275	SKLADISTE	512
999	body	1276	1280	RAM	12GB
999	body	1282	1286	CENA	860€
999	body	1311	1314	SKLADISTE	256
999	body	1315	1319	RAM	12GB
999	body	1322	1326	CENA	590€
999	body	1358	1361	SKLADISTE	512
999	body	1362	1366	RAM	12GB
999	body	1369	1373	CENA	680€
999	body	1410	1413	SKLADISTE	256
999	body	1414	1418	RAM	12GB
999	body	1421	1425	CENA	690€
999	body	1457	1460	SKLADISTE	512
999	body	1461	1465	RAM	12GB
999	body	1468	1472	CENA	760€
999	body	1505	1508	SKLADISTE	256
999	body	1509	1513	RAM	12GB
999	body	1516	1520	CENA	860€
999	body	1553	1556	SKLADISTE	512
999	body	1557	1561	RAM	12GB
999	body	1564	1568	CENA	999€
1000	body	218	223	SKLADISTE	128GB
1000	body	236	240	CENA	320e
1000	body	252	254	RAM	12
1000	body	255	260	SKLADISTE	512GB
1000	body	271	275	CENA	450e
1000	body	287	288	RAM	8
1000	body	289	294	SKLADISTE	128GB
1000	body	297	301	CENA	290e
1000	body	307	308	RAM	8
1000	body	309	314	SKLADISTE	256GB
1000	body	317	321	CENA	340e
1000	body	327	329	RAM	12
1000	body	330	335	SKLADISTE	256GB
1000	body	338	342	CENA	370e
1000	body	347	352	SKLADISTE	256GB
1000	body	355	359	CENA	590e
1000	body	365	370	SKLADISTE	512GB
1000	body	373	377	CENA	680e
1000	body	388	393	SKLADISTE	256GB
1000	body	396	400	CENA	700e
1000	body	411	416	SKLADISTE	512GB
1000	body	419	423	CENA	800e
1000	body	435	440	SKLADISTE	256GB
1000	body	443	447	CENA	850e
1000	body	459	464	SKLADISTE	512GB
1000	body	467	471	CENA	970e
1000	body	477	482	SKLADISTE	128GB
1000	body	485	489	CENA	480e
1000	body	510	515	SKLADISTE	256GB
1000	body	518	522	CENA	540e
1000	body	549	554	SKLADISTE	256GB
1000	body	557	561	CENA	740e
1000	body	588	591	SKLADISTE	512
1000	body	594	598	CENA	870e
1000	body	615	620	CENA	1450e
1000	body	628	633	SKLADISTE	128GB
1000	body	636	640	CENA	420e
1000	body	646	647	RAM	4
1000	body	648	651	SKLADISTE	128
1000	body	654	658	CENA	150e
1000	body	664	665	RAM	8
1000	body	666	671	SKLADISTE	256GB
1000	body	674	678	CENA	200e
1000	body	684	685	RAM	4
1000	body	686	690	SKLADISTE	64GB
1000	body	693	697	CENA	100e
1000	body	703	704	RAM	6
1000	body	705	710	SKLADISTE	128GB
1000	body	713	717	CENA	120e
1000	body	723	724	RAM	8
1000	body	725	730	SKLADISTE	256GB
1000	body	733	737	CENA	140e
