case_id,ad_id,field,part,structural_category,primary_label,context,human_spans,llm_spans,dropped_llm_spans_nearby
K0001,8,body,4,GRANICA_SIRA,CENA,"isu iste za sve baterije)

Imamo original i zamenske baterije za navedene modele

Cene su od 700 din. ++

Galaxy J2 (2017)

Galaxy J2 (2017)

Galaxy C8

Galaxy J7+

Galaxy J7+

SM-G9298

Galaxy ","[{""start"": 238, ""end"": 245, ""label"": ""CENA"", ""text"": ""700 din""}]","[{""start"": 235, ""end"": 249, ""label"": ""CENA"", ""text"": ""od 700 din. ++""}]","[{""start"": 251, ""end"": 267, ""label"": ""MODEL"", ""text"": ""Galaxy J2 (2017)""}]"
K0002,38,body,3,SPAJANJE,CPU,"Procesor: Intel celeron 1.7GHz (socket 478), testiran i ispravan.

Stabilan je u radu i dobro očuvan (svi pinovi su ispravni).

Šalje","[{""start"": 10, ""end"": 30, ""label"": ""CPU"", ""text"": ""Intel celeron 1.7GHz""}, {""start"": 39, ""end"": 42, ""label"": ""CPU"", ""text"": ""478""}]","[{""start"": 10, ""end"": 43, ""label"": ""CPU"", ""text"": ""Intel celeron 1.7GHz (socket 478)""}]",[]
K0003,38,title,3,SPAJANJE,CPU,Intel Celeron 1.7GHz (socket 478),"[{""start"": 0, ""end"": 20, ""label"": ""CPU"", ""text"": ""Intel Celeron 1.7GHz""}, {""start"": 29, ""end"": 32, ""label"": ""CPU"", ""text"": ""478""}]","[{""start"": 0, ""end"": 33, ""label"": ""CPU"", ""text"": ""Intel Celeron 1.7GHz (socket 478)""}]",[]
K0004,41,body,2,SPAJANJE,CPU,"- AMD A4-4000 2 cores 3.0GHz (3.2GHz), 64Bit, integrisana grafika: Radeon HD 7480D, Procesorsko ležište (socket): AMD FM2(odgovara i F","[{""start"": 2, ""end"": 37, ""label"": ""CPU"", ""text"": ""AMD A4-4000 2 cores 3.0GHz (3.2GHz)""}, {""start"": 39, ""end"": 44, ""label"": ""CPU"", ""text"": ""64Bit""}]","[{""start"": 2, ""end"": 44, ""label"": ""CPU"", ""text"": ""AMD A4-4000 2 cores 3.0GHz (3.2GHz), 64Bit""}]",[]
K0005,41,body,2,SUVISNO,GPU,"- AMD A4-4000 2 cores 3.0GHz (3.2GHz), 64Bit, integrisana grafika: Radeon HD 7480D, Procesorsko ležište (socket): AMD FM2(odgovara i FM2+ leziste) ",[],"[{""start"": 46, ""end"": 57, ""label"": ""GPU"", ""text"": ""integrisana""}]",[]
K0006,41,title,2,FRAGMENTACIJA,CPU,AMD A4 4000 APU Dual Core procesor FM2/FM2+,"[{""start"": 35, ""end"": 43, ""label"": ""CPU"", ""text"": ""FM2/FM2+""}]","[{""start"": 35, ""end"": 38, ""label"": ""CPU"", ""text"": ""FM2""}, {""start"": 39, ""end"": 43, ""label"": ""CPU"", ""text"": ""FM2+""}]",[]
K0007,43,body,3,GRANICA_SIRA,CPU,"
tehnologija 0.09 mm

podnozje 754

brzina 1400 MHz

magistrala 800 MHz

memorija 256 kb

broj jezgra 1","[{""start"": 284, ""end"": 285, ""label"": ""CPU"", ""text"": ""1""}]","[{""start"": 272, ""end"": 285, ""label"": ""CPU"", ""text"": ""broj jezgra 1""}]",[]
K0008,47,body,4,FRAGMENTACIJA,CPU,"Na prodaju procesor:

Intel ""05 E2180

Pentium DUAL-CORE

2,00 GHZ/1M/800/06

Slanje na kućnu adresu ili lično preuzimanje.","[{""start"": 22, ""end"": 76, ""label"": ""CPU"", ""text"": ""Intel \""05 E2180\n\nPentium DUAL-CORE\n\n2,00 GHZ/1M/800/06""}]","[{""start"": 22, ""end"": 37, ""label"": ""CPU"", ""text"": ""Intel \""05 E2180""}, {""start"": 39, ""end"": 56, ""label"": ""CPU"", ""text"": ""Pentium DUAL-CORE""}, {""start"": 58, ""end"": 76, ""label"": ""CPU"", ""text"": ""2,00 GHZ/1M/800/06""}]",[]
K0009,53,body,4,FRAGMENTACIJA,CPU,Procesor sa cetiri quad core jezgara za FM platformu.,"[{""start"": 12, ""end"": 52, ""label"": ""CPU"", ""text"": ""cetiri quad core jezgara za FM platformu""}]","[{""start"": 12, ""end"": 28, ""label"": ""CPU"", ""text"": ""cetiri quad core""}, {""start"": 40, ""end"": 42, ""label"": ""CPU"", ""text"": ""FM""}]",[]
K0010,54,body,1,GRANICA_UZA,CPU,"Ispravan procesor, radi na plocama sa 478 socketom.

Magistrala 400 mhz, 128kb keš memorije.","[{""start"": 38, ""end"": 50, ""label"": ""CPU"", ""text"": ""478 socketom""}]","[{""start"": 38, ""end"": 41, ""label"": ""CPU"", ""text"": ""478""}]",[]
K0011,55,body,2,GRANICA_SIRA,CPU,"rak.

Perfomanse su sledece :

Total Cores 4.

Processor Base Frequency 3. 20 GHz.

Cache 12 MB L2 Cache.

Bus Speed 1600 MHz.

FSB Parity No.

TDP 136 W.

VID Voltage Range 0. 8500V-1. 3625V.

","[{""start"": 281, ""end"": 289, ""label"": ""CPU"", ""text"": ""12 MB L2""}]","[{""start"": 281, ""end"": 295, ""label"": ""CPU"", ""text"": ""12 MB L2 Cache""}]",[]
K0012,55,body,2,SUVISNO,CPU,"ocessor Base Frequency 3. 20 GHz.

Cache 12 MB L2 Cache.

Bus Speed 1600 MHz.

FSB Parity No.

TDP 136 W.

VID Voltage Range 0. 8500V-1. 3625V.

Temp 55c

Za njjega treba jace, stabi",[],"[{""start"": 330, ""end"": 332, ""label"": ""CPU"", ""text"": ""No""}]",[]
K0013,55,body,2,SUVISNO,CPU,"s Speed 1600 MHz.

FSB Parity No.

TDP 136 W.

VID Voltage Range 0. 8500V-1. 3625V.

Temp 55c

Za njjega treba jace, stabilnije i bolje napajanje kao i bolja maticna ploca ddr2 ili dd",[],"[{""start"": 390, ""end"": 393, ""label"": ""CPU"", ""text"": ""55c""}]",[]
K0014,55,body,2,PROPUSTENO,RAM,".

Temp 55c

Za njjega treba jace, stabilnije i bolje napajanje kao i bolja maticna ploca ddr2 ili ddr3

Pogledajte ostale nase oglase hvala.","[{""start"": 472, ""end"": 476, ""label"": ""RAM"", ""text"": ""ddr2""}]",[],[]
K0015,55,body,2,PROPUSTENO,RAM,"5c

Za njjega treba jace, stabilnije i bolje napajanje kao i bolja maticna ploca ddr2 ili ddr3

Pogledajte ostale nase oglase hvala.","[{""start"": 481, ""end"": 485, ""label"": ""RAM"", ""text"": ""ddr3""}]",[],[]
K0016,55,title,2,SUVISNO,CPU,Intel® Core™2 Extreme QX9770 {Intel Confindential},[],"[{""start"": 30, ""end"": 49, ""label"": ""CPU"", ""text"": ""Intel Confindential""}]",[]
K0017,56,body,1,GRANICA_SIRA,CPU,"
AMD Athlon II X4

Model number 630CPU

part numbers ADX630WFK42GI CPUFrequency 2800 MHz

Bus speed 667 MHz

Memory controller One 2000 MHz 16-bit HyperTransport linkPackage 938-pin

Socket AM2+ So","[{""start"": 175, ""end"": 182, ""label"": ""CPU"", ""text"": ""667 MHz""}]","[{""start"": 165, ""end"": 182, ""label"": ""CPU"", ""text"": ""Bus speed 667 MHz""}]",[]
K0018,56,body,1,GRANICA_UZA,CPU,"number of cores4

The number of threads 4

Level 1 cache size4 x 64 KB

Level 2 cache size4 x 512 KB caches

Level 3 cache size None","[{""start"": 437, ""end"": 454, ""label"": ""CPU"", ""text"": ""4 x 512 KB caches""}]","[{""start"": 437, ""end"": 447, ""label"": ""CPU"", ""text"": ""4 x 512 KB""}]",[]
K0019,57,body,3,SPAJANJE,CPU,"AMD Sempron-2kom 2x2600mghz

-1 kom 2x2800mghz

-1 kom 2x2200mghz

DDR2

1 DDR3 2700mghz(jedno jezgro)

i ram memorij","[{""start"": 0, ""end"": 11, ""label"": ""CPU"", ""text"": ""AMD Sempron""}, {""start"": 17, ""end"": 27, ""label"": ""CPU"", ""text"": ""2x2600mghz""}]","[{""start"": 0, ""end"": 27, ""label"": ""CPU"", ""text"": ""AMD Sempron-2kom 2x2600mghz""}]",[]
K0020,57,body,3,GRANICA_SIRA,CPU,"AMD Sempron-2kom 2x2600mghz

-1 kom 2x2800mghz

-1 kom 2x2200mghz

DDR2

1 DDR3 2700mghz(jedno jezgro)

i ram memorije,2 samsung isto po","[{""start"": 36, ""end"": 46, ""label"": ""CPU"", ""text"": ""2x2800mghz""}]","[{""start"": 30, ""end"": 46, ""label"": ""CPU"", ""text"": ""1 kom 2x2800mghz""}]",[]
K0021,57,body,3,GRANICA_SIRA,CPU,"AMD Sempron-2kom 2x2600mghz

-1 kom 2x2800mghz

-1 kom 2x2200mghz

DDR2

1 DDR3 2700mghz(jedno jezgro)

i ram memorije,2 samsung isto po 1gb i 2 kinhston i","[{""start"": 55, ""end"": 65, ""label"": ""CPU"", ""text"": ""2x2200mghz""}]","[{""start"": 49, ""end"": 65, ""label"": ""CPU"", ""text"": ""1 kom 2x2200mghz""}]",[]
K0022,57,body,3,GRANICA_SIRA,CPU,"AMD Sempron-2kom 2x2600mghz

-1 kom 2x2800mghz

-1 kom 2x2200mghz

DDR2

1 DDR3 2700mghz(jedno jezgro)

i ram memorije,2 samsung isto po 1gb i 2 kinhston isto po 1gb i 1 holandske proizvodnje
","[{""start"": 73, ""end"": 88, ""label"": ""CPU"", ""text"": ""1 DDR3 2700mghz""}]","[{""start"": 73, ""end"": 102, ""label"": ""CPU"", ""text"": ""1 DDR3 2700mghz(jedno jezgro)""}]",[]
K0023,57,body,3,SPAJANJE,RAM,"-1 kom 2x2800mghz

-1 kom 2x2200mghz

DDR2

1 DDR3 2700mghz(jedno jezgro)

i ram memorije,2 samsung isto po 1gb i 2 kinhston isto po 1gb i 1 holandske proizvodnje

Sve je testirano i ispravno

Cena je ","[{""start"": 121, ""end"": 128, ""label"": ""RAM"", ""text"": ""samsung""}, {""start"": 137, ""end"": 140, ""label"": ""RAM"", ""text"": ""1gb""}]","[{""start"": 119, ""end"": 140, ""label"": ""RAM"", ""text"": ""2 samsung isto po 1gb""}]",[]
K0024,57,body,3,SPAJANJE,RAM,"m 2x2200mghz

DDR2

1 DDR3 2700mghz(jedno jezgro)

i ram memorije,2 samsung isto po 1gb i 2 kinhston isto po 1gb i 1 holandske proizvodnje

Sve je testirano i ispravno

Cena je i više nego povoljna.Prod","[{""start"": 145, ""end"": 153, ""label"": ""RAM"", ""text"": ""kinhston""}, {""start"": 162, ""end"": 165, ""label"": ""RAM"", ""text"": ""1gb""}]","[{""start"": 143, ""end"": 165, ""label"": ""RAM"", ""text"": ""2 kinhston isto po 1gb""}]",[]
K0025,57,title,3,SUVISNO,CPU,AMD Sempron(više komada),[],"[{""start"": 0, ""end"": 11, ""label"": ""CPU"", ""text"": ""AMD Sempron""}]",[]
K0026,60,title,2,SUVISNO,CPU,AMD procesor,[],"[{""start"": 0, ""end"": 3, ""label"": ""CPU"", ""text"": ""AMD""}]",[]
K0027,68,body,2,SUVISNO,CPU,"Intelov mobilni procesor III generacije, Pentium 2020M radi na frekvenciji 2,40MHz i ima 2M L3 ke",[],"[{""start"": 0, ""end"": 7, ""label"": ""CPU"", ""text"": ""Intelov""}]",[]
K0028,68,body,2,SPAJANJE,CPU,"Intelov mobilni procesor III generacije, Pentium 2020M radi na frekvenciji 2,40MHz i ima 2M L3 keš memorije. Skinut sa Asus laptopa radi nadogra","[{""start"": 25, ""end"": 39, ""label"": ""CPU"", ""text"": ""III generacije""}, {""start"": 41, ""end"": 54, ""label"": ""CPU"", ""text"": ""Pentium 2020M""}]","[{""start"": 25, ""end"": 54, ""label"": ""CPU"", ""text"": ""III generacije, Pentium 2020M""}]",[]
K0029,68,body,2,GRANICA_SIRA,CPU,"Intelov mobilni procesor III generacije, Pentium 2020M radi na frekvenciji 2,40MHz i ima 2M L3 keš memorije. Skinut sa Asus laptopa radi nadogradnje, 100% ispravan. Za laptopove sa G1 soke","[{""start"": 89, ""end"": 94, ""label"": ""CPU"", ""text"": ""2M L3""}]","[{""start"": 89, ""end"": 98, ""label"": ""CPU"", ""text"": ""2M L3 keš""}]",[]
K0030,68,body,2,SUVISNO,CPU,"lection - Intel® Pentium® Processor 2000 Series
Code Name - Ivy Bridge
Vertical Segment - Mobile
Processor Number - 2020M
Lithography - 22 nm
Recommended Customer Price - $134.00
Total C",[],"[{""start"": 320, ""end"": 326, ""label"": ""CPU"", ""text"": ""Mobile""}]",[]
K0031,68,body,2,GRANICA_SIRA,CPU," Mobile
Processor Number - 2020M
Lithography - 22 nm
Recommended Customer Price - $134.00
Total Cores - 2
Total Threads - 2
Processor Base Frequency - 2.40 GHz
Cache - 2 MB Intel® Smart Cache
Bus","[{""start"": 423, ""end"": 424, ""label"": ""CPU"", ""text"": ""2""}]","[{""start"": 409, ""end"": 424, ""label"": ""CPU"", ""text"": ""Total Cores - 2""}]",[]
K0032,68,body,2,GRANICA_SIRA,CPU,"r Number - 2020M
Lithography - 22 nm
Recommended Customer Price - $134.00
Total Cores - 2
Total Threads - 2
Processor Base Frequency - 2.40 GHz
Cache - 2 MB Intel® Smart Cache
Bus Speed - 5 GT/s
TD","[{""start"": 441, ""end"": 442, ""label"": ""CPU"", ""text"": ""2""}]","[{""start"": 425, ""end"": 442, ""label"": ""CPU"", ""text"": ""Total Threads - 2""}]",[]
K0033,68,body,2,GRANICA_SIRA,CPU,"ithography - 22 nm
Recommended Customer Price - $134.00
Total Cores - 2
Total Threads - 2
Processor Base Frequency - 2.40 GHz
Cache - 2 MB Intel® Smart Cache
Bus Speed - 5 GT/s
TDP - 35 W
Max Memory Size (dependent ","[{""start"": 470, ""end"": 478, ""label"": ""CPU"", ""text"": ""2.40 GHz""}]","[{""start"": 443, ""end"": 478, ""label"": ""CPU"", ""text"": ""Processor Base Frequency - 2.40 GHz""}]",[]
K0034,68,body,2,GRANICA_SIRA,CPU,"mer Price - $134.00
Total Cores - 2
Total Threads - 2
Processor Base Frequency - 2.40 GHz
Cache - 2 MB Intel® Smart Cache
Bus Speed - 5 GT/s
TDP - 35 W
Max Memory Size (dependent on memory type) - 32 GB
Memory T","[{""start"": 487, ""end"": 510, ""label"": ""CPU"", ""text"": ""2 MB Intel® Smart Cache""}]","[{""start"": 479, ""end"": 510, ""label"": ""CPU"", ""text"": ""Cache - 2 MB Intel® Smart Cache""}]",[]
K0035,68,body,2,GRANICA_SIRA,CPU," 2
Processor Base Frequency - 2.40 GHz
Cache - 2 MB Intel® Smart Cache
Bus Speed - 5 GT/s
TDP - 35 W
Max Memory Size (dependent on memory type) - 32 GB
Memory Types - DDR3/L/-RS 1333/1600
Ma","[{""start"": 536, ""end"": 540, ""label"": ""CPU"", ""text"": ""35 W""}]","[{""start"": 530, ""end"": 540, ""label"": ""CPU"", ""text"": ""TDP - 35 W""}]",[]
K0036,68,body,2,GRANICA_I_OZNAKA,RAM,"r Base Frequency - 2.40 GHz
Cache - 2 MB Intel® Smart Cache
Bus Speed - 5 GT/s
TDP - 35 W
Max Memory Size (dependent on memory type) - 32 GB
Memory Types - DDR3/L/-RS 1333/1600
Max # of Memory Channels - 2
Max Memory Bandwidth - 2","[{""start"": 586, ""end"": 591, ""label"": ""RAM"", ""text"": ""32 GB""}]","[{""start"": 541, ""end"": 591, ""label"": ""CPU"", ""text"": ""Max Memory Size (dependent on memory type) - 32 GB""}]",[]
K0037,68,body,2,POGRESNA_OZNAKA,RAM,"eed - 5 GT/s
TDP - 35 W
Max Memory Size (dependent on memory type) - 32 GB
Memory Types - DDR3/L/-RS 1333/1600
Max # of Memory Channels - 2
Max Memory Bandwidth - 25.6 GB/s
GPU Name‡ - Intel® HD Graph","[{""start"": 607, ""end"": 627, ""label"": ""RAM"", ""text"": ""DDR3/L/-RS 1333/1600""}]","[{""start"": 607, ""end"": 627, ""label"": ""CPU"", ""text"": ""DDR3/L/-RS 1333/1600""}]",[]
K0038,68,body,2,GRANICA_I_OZNAKA,RAM," W
Max Memory Size (dependent on memory type) - 32 GB
Memory Types - DDR3/L/-RS 1333/1600
Max # of Memory Channels - 2
Max Memory Bandwidth - 25.6 GB/s
GPU Name‡ - Intel® HD Graphics for 3rd Generation Intel®","[{""start"": 655, ""end"": 656, ""label"": ""RAM"", ""text"": ""2""}]","[{""start"": 628, ""end"": 656, ""label"": ""CPU"", ""text"": ""Max # of Memory Channels - 2""}]",[]
K0039,68,body,2,GRANICA_I_OZNAKA,RAM," on memory type) - 32 GB
Memory Types - DDR3/L/-RS 1333/1600
Max # of Memory Channels - 2
Max Memory Bandwidth - 25.6 GB/s
GPU Name‡ - Intel® HD Graphics for 3rd Generation Intel® Processors
Graphics Base Frequen","[{""start"": 680, ""end"": 689, ""label"": ""RAM"", ""text"": ""25.6 GB/s""}]","[{""start"": 657, ""end"": 689, ""label"": ""CPU"", ""text"": ""Max Memory Bandwidth - 25.6 GB/s""}]",[]
K0040,68,body,2,GRANICA_SIRA,GPU,"L/-RS 1333/1600
Max # of Memory Channels - 2
Max Memory Bandwidth - 25.6 GB/s
GPU Name‡ - Intel® HD Graphics for 3rd Generation Intel® Processors
Graphics Base Frequency - 650 MHz
Graphics Max Dynamic Frequency - 1.10 GHz
Graphics Outp","[{""start"": 702, ""end"": 720, ""label"": ""GPU"", ""text"": ""Intel® HD Graphics""}]","[{""start"": 702, ""end"": 757, ""label"": ""GPU"", ""text"": ""Intel® HD Graphics for 3rd Generation Intel® Processors""}]",[]
K0041,68,body,2,GRANICA_SIRA,GPU,"Bandwidth - 25.6 GB/s
GPU Name‡ - Intel® HD Graphics for 3rd Generation Intel® Processors
Graphics Base Frequency - 650 MHz
Graphics Max Dynamic Frequency - 1.10 GHz
Graphics Output - eDP/DP/HDMI/SDVO/CRT
PCI Expr","[{""start"": 784, ""end"": 791, ""label"": ""GPU"", ""text"": ""650 MHz""}]","[{""start"": 758, ""end"": 791, ""label"": ""GPU"", ""text"": ""Graphics Base Frequency - 650 MHz""}]",[]
K0042,68,body,2,GRANICA_SIRA,GPU,"Intel® HD Graphics for 3rd Generation Intel® Processors
Graphics Base Frequency - 650 MHz
Graphics Max Dynamic Frequency - 1.10 GHz
Graphics Output - eDP/DP/HDMI/SDVO/CRT
PCI Express Revision - 2.0
PCI Express Configurati","[{""start"": 825, ""end"": 833, ""label"": ""GPU"", ""text"": ""1.10 GHz""}]","[{""start"": 792, ""end"": 833, ""label"": ""GPU"", ""text"": ""Graphics Max Dynamic Frequency - 1.10 GHz""}]",[]
K0043,68,body,2,SUVISNO,GPU,"hics Base Frequency - 650 MHz
Graphics Max Dynamic Frequency - 1.10 GHz
Graphics Output - eDP/DP/HDMI/SDVO/CRT
PCI Express Revision - 2.0
PCI Express Configurations - 1x16, 2x8, 1x8 2x4
Max # of PCI E",[],"[{""start"": 852, ""end"": 872, ""label"": ""GPU"", ""text"": ""eDP/DP/HDMI/SDVO/CRT""}]",[]
K0044,68,body,2,SUVISNO,CPU," 650 MHz
Graphics Max Dynamic Frequency - 1.10 GHz
Graphics Output - eDP/DP/HDMI/SDVO/CRT
PCI Express Revision - 2.0
PCI Express Configurations - 1x16, 2x8, 1x8 2x4
Max # of PCI Express Lanes - 16
Sockets S",[],"[{""start"": 873, ""end"": 899, ""label"": ""CPU"", ""text"": ""PCI Express Revision - 2.0""}]",[]
K0045,68,body,2,SUVISNO,CPU,"ic Frequency - 1.10 GHz
Graphics Output - eDP/DP/HDMI/SDVO/CRT
PCI Express Revision - 2.0
PCI Express Configurations - 1x16, 2x8, 1x8 2x4
Max # of PCI Express Lanes - 16
Sockets Supported - FCPGA988 – G1
Intel® 64 - Yes
Instruc",[],"[{""start"": 900, ""end"": 947, ""label"": ""CPU"", ""text"": ""PCI Express Configurations - 1x16, 2x8, 1x8 2x4""}]",[]
K0046,68,body,2,SUVISNO,CPU,"/HDMI/SDVO/CRT
PCI Express Revision - 2.0
PCI Express Configurations - 1x16, 2x8, 1x8 2x4
Max # of PCI Express Lanes - 16
Sockets Supported - FCPGA988 – G1
Intel® 64 - Yes
Instruction Set - 64-bit
Instruction Se",[],"[{""start"": 948, ""end"": 979, ""label"": ""CPU"", ""text"": ""Max # of PCI Express Lanes - 16""}]",[]
K0047,68,body,2,SUVISNO,CPU,"s Configurations - 1x16, 2x8, 1x8 2x4
Max # of PCI Express Lanes - 16
Sockets Supported - FCPGA988 – G1
Intel® 64 - Yes
Instruction Set - 64-bit
Instruction Set Extensions - Intel® SSE4.1, Inte",[],"[{""start"": 1000, ""end"": 1013, ""label"": ""CPU"", ""text"": ""FCPGA988 – G1""}]",[]
K0048,68,body,2,SUVISNO,CPU,"ns - 1x16, 2x8, 1x8 2x4
Max # of PCI Express Lanes - 16
Sockets Supported - FCPGA988 – G1
Intel® 64 - Yes
Instruction Set - 64-bit
Instruction Set Extensions - Intel® SSE4.1, Intel® SSE4.2
Intel®",[],"[{""start"": 1014, ""end"": 1029, ""label"": ""CPU"", ""text"": ""Intel® 64 - Yes""}]",[]
K0049,68,body,2,SUVISNO,CPU,"CI Express Lanes - 16
Sockets Supported - FCPGA988 – G1
Intel® 64 - Yes
Instruction Set - 64-bit
Instruction Set Extensions - Intel® SSE4.1, Intel® SSE4.2
Intel® My WiFi Technology - Yes",[],"[{""start"": 1048, ""end"": 1054, ""label"": ""CPU"", ""text"": ""64-bit""}]",[]
K0050,68,body,2,SUVISNO,CPU,"ted - FCPGA988 – G1
Intel® 64 - Yes
Instruction Set - 64-bit
Instruction Set Extensions - Intel® SSE4.1, Intel® SSE4.2
Intel® My WiFi Technology - Yes
Idle States - Yes
Enhanced Intel SpeedStep® Technology - ",[],"[{""start"": 1084, ""end"": 1112, ""label"": ""CPU"", ""text"": ""Intel® SSE4.1, Intel® SSE4.2""}]",[]
K0051,68,body,2,SUVISNO,CPU," - Yes
Instruction Set - 64-bit
Instruction Set Extensions - Intel® SSE4.1, Intel® SSE4.2
Intel® My WiFi Technology - Yes
Idle States - Yes
Enhanced Intel SpeedStep® Technology - Yes
Thermal Monitoring Technolog",[],"[{""start"": 1113, ""end"": 1144, ""label"": ""CPU"", ""text"": ""Intel® My WiFi Technology - Yes""}]",[]
K0052,68,body,2,SUVISNO,CPU,"Instruction Set Extensions - Intel® SSE4.1, Intel® SSE4.2
Intel® My WiFi Technology - Yes
Idle States - Yes
Enhanced Intel SpeedStep® Technology - Yes
Thermal Monitoring Technologies - Yes
Intel® F",[],"[{""start"": 1145, ""end"": 1162, ""label"": ""CPU"", ""text"": ""Idle States - Yes""}]",[]
K0053,68,body,2,SUVISNO,CPU,"tensions - Intel® SSE4.1, Intel® SSE4.2
Intel® My WiFi Technology - Yes
Idle States - Yes
Enhanced Intel SpeedStep® Technology - Yes
Thermal Monitoring Technologies - Yes
Intel® Fast Memory Access - Yes
Intel® Flex Memory ",[],"[{""start"": 1163, ""end"": 1205, ""label"": ""CPU"", ""text"": ""Enhanced Intel SpeedStep® Technology - Yes""}]",[]
K0054,68,body,2,SUVISNO,CPU,"el® My WiFi Technology - Yes
Idle States - Yes
Enhanced Intel SpeedStep® Technology - Yes
Thermal Monitoring Technologies - Yes
Intel® Fast Memory Access - Yes
Intel® Flex Memory Access - Yes
Execute Disable Bit - Yes",[],"[{""start"": 1206, ""end"": 1243, ""label"": ""CPU"", ""text"": ""Thermal Monitoring Technologies - Yes""}]",[]
K0055,68,body,2,SUVISNO,CPU,"es - Yes
Enhanced Intel SpeedStep® Technology - Yes
Thermal Monitoring Technologies - Yes
Intel® Fast Memory Access - Yes
Intel® Flex Memory Access - Yes
Execute Disable Bit - Yes
Intel® Virtualization Technolog",[],"[{""start"": 1244, ""end"": 1275, ""label"": ""CPU"", ""text"": ""Intel® Fast Memory Access - Yes""}]",[]
K0056,68,body,2,SUVISNO,CPU,"p® Technology - Yes
Thermal Monitoring Technologies - Yes
Intel® Fast Memory Access - Yes
Intel® Flex Memory Access - Yes
Execute Disable Bit - Yes
Intel® Virtualization Technology (VT-x) - Yes
Intel® VT-x with ",[],"[{""start"": 1276, ""end"": 1307, ""label"": ""CPU"", ""text"": ""Intel® Flex Memory Access - Yes""}]",[]
K0057,68,body,2,SUVISNO,CPU,"toring Technologies - Yes
Intel® Fast Memory Access - Yes
Intel® Flex Memory Access - Yes
Execute Disable Bit - Yes
Intel® Virtualization Technology (VT-x) - Yes
Intel® VT-x with Extended Page Tables (EPT)",[],"[{""start"": 1308, ""end"": 1333, ""label"": ""CPU"", ""text"": ""Execute Disable Bit - Yes""}]",[]
K0058,68,body,2,SUVISNO,CPU,"Intel® Fast Memory Access - Yes
Intel® Flex Memory Access - Yes
Execute Disable Bit - Yes
Intel® Virtualization Technology (VT-x) - Yes
Intel® VT-x with Extended Page Tables (EPT) - Yes",[],"[{""start"": 1334, ""end"": 1379, ""label"": ""CPU"", ""text"": ""Intel® Virtualization Technology (VT-x) - Yes""}]",[]
K0059,68,body,2,SUVISNO,CPU,"mory Access - Yes
Execute Disable Bit - Yes
Intel® Virtualization Technology (VT-x) - Yes
Intel® VT-x with Extended Page Tables (EPT) - Yes",[],"[{""start"": 1380, ""end"": 1429, ""label"": ""CPU"", ""text"": ""Intel® VT-x with Extended Page Tables (EPT) - Yes""}]",[]
K0060,68,title,2,SPAJANJE,CPU,Intel Pentium Processor 2020M za laptop,"[{""start"": 0, ""end"": 13, ""label"": ""CPU"", ""text"": ""Intel Pentium""}, {""start"": 24, ""end"": 29, ""label"": ""CPU"", ""text"": ""2020M""}]","[{""start"": 0, ""end"": 29, ""label"": ""CPU"", ""text"": ""Intel Pentium Processor 2020M""}]",[]
K0061,69,body,4,FRAGMENTACIJA,CPU,"Prodaje se iskljucivo komplet Intel Core i3-10100 BOX (4/8, integrisana grafika)+ASUS Prime H510M-K. I ploca i procesor su LGA1200 i rade sa DDR4 memorijom.

Samo ksh i b","[{""start"": 30, ""end"": 80, ""label"": ""CPU"", ""text"": ""Intel Core i3-10100 BOX (4/8, integrisana grafika)""}]","[{""start"": 30, ""end"": 53, ""label"": ""CPU"", ""text"": ""Intel Core i3-10100 BOX""}, {""start"": 55, ""end"": 58, ""label"": ""CPU"", ""text"": ""4/8""}, {""start"": 60, ""end"": 71, ""label"": ""GPU"", ""text"": ""integrisana""}]","[{""start"": 81, ""end"": 85, ""label"": ""BRAND"", ""text"": ""ASUS""}]"
K0062,70,body,1,SPAJANJE,CPU,"Intel Core2Duo E8200 procesor, socket 775, frekvencija 2x 2.67Ghz, cache 6MB

Proveren, testiran, ispravan","[{""start"": 31, ""end"": 41, ""label"": ""CPU"", ""text"": ""socket 775""}, {""start"": 55, ""end"": 65, ""label"": ""CPU"", ""text"": ""2x 2.67Ghz""}, {""start"": 73, ""end"": 76, ""label"": ""CPU"", ""text"": ""6MB""}]","[{""start"": 31, ""end"": 76, ""label"": ""CPU"", ""text"": ""socket 775, frekvencija 2x 2.67Ghz, cache 6MB""}]",[]
K0063,72,body,3,SUVISNO,CPU,"Fenomenalan, moćan procesor Intel Xeon E5645, sledećih specifikacija:

socket - LGA 1366
frekvencija - 2.40Ghz
max turbo frekvencija -",[],"[{""start"": 28, ""end"": 44, ""label"": ""CPU"", ""text"": ""Intel Xeon E5645""}]",[]
K0064,72,body,3,GRANICA_SIRA,CPU,"artCache
TDP - 80W
max podržana memorija - do neverovatnih 288GB
max memorijskih kanala - 3 (triple channel)

Proveren, testiran, perfektan","[{""start"": 281, ""end"": 282, ""label"": ""CPU"", ""text"": ""3""}]","[{""start"": 281, ""end"": 299, ""label"": ""CPU"", ""text"": ""3 (triple channel)""}]",[]
K0065,74,body,1,GRANICA_UZA,CPU,"Intel Pentium DualCore E5700 procesori, socket 775, frekvencija 2x 3.00Ghz, cache 2MB

Cena je po procesoru

Provereni, testirani, ispravni","[{""start"": 40, ""end"": 50, ""label"": ""CPU"", ""text"": ""socket 775""}]","[{""start"": 47, ""end"": 50, ""label"": ""CPU"", ""text"": ""775""}]",[]
K0066,75,body,2,SPAJANJE,CPU,"Intel Core i3-530 procesori, socket 1156, frekvencija 4x 2.93Ghz, cache 2x 256KB L2 + 4MB L3

Cena je po procesoru

Provereni, testirani, ispravni","[{""start"": 72, ""end"": 83, ""label"": ""CPU"", ""text"": ""2x 256KB L2""}, {""start"": 86, ""end"": 92, ""label"": ""CPU"", ""text"": ""4MB L3""}]","[{""start"": 72, ""end"": 92, ""label"": ""CPU"", ""text"": ""2x 256KB L2 + 4MB L3""}]",[]
K0067,79,body,1,GRANICA_UZA,CPU,"Intel Pentium 4 520/520J procesori, socket 775, frekvencija 2x 2.80Ghz, cache 1MB

Cena je po procesoru

Provereni, testirani, ispravni","[{""start"": 36, ""end"": 46, ""label"": ""CPU"", ""text"": ""socket 775""}]","[{""start"": 43, ""end"": 46, ""label"": ""CPU"", ""text"": ""775""}]",[]
K0068,84,body,4,FRAGMENTACIJA,CPU,"procesor DDR3
povoljan Intel Celeron G1820 Intel HD (Haswell)
Kratke karakteristike:
Sockets Supported LGA 1150
of Cores 2
# of Threads 2
Processor Bas","[{""start"": 23, ""end"": 61, ""label"": ""CPU"", ""text"": ""Intel Celeron G1820 Intel HD (Haswell)""}]","[{""start"": 23, ""end"": 42, ""label"": ""CPU"", ""text"": ""Intel Celeron G1820""}, {""start"": 43, ""end"": 51, ""label"": ""GPU"", ""text"": ""Intel HD""}, {""start"": 53, ""end"": 60, ""label"": ""CPU"", ""text"": ""Haswell""}]",[]
K0069,84,body,4,GRANICA_UZA,CPU,"ockets Supported LGA 1150
of Cores 2
# of Threads 2
Processor Base Frequency 2 x 2. 7 GHz
Cache 4 MB Intel® Smart Cache
TDP 54 W
Procesor je testiran i potpuno ispravan
Garancija 12 meseci od dana prodaje
dobi","[{""start"": 176, ""end"": 205, ""label"": ""CPU"", ""text"": ""Cache 4 MB Intel® Smart Cache""}]","[{""start"": 182, ""end"": 205, ""label"": ""CPU"", ""text"": ""4 MB Intel® Smart Cache""}]",[]
K0070,84,title,4,FRAGMENTACIJA,CPU,Intel Celeron G1820 Intel HD (Haswell),"[{""start"": 0, ""end"": 38, ""label"": ""CPU"", ""text"": ""Intel Celeron G1820 Intel HD (Haswell)""}]","[{""start"": 0, ""end"": 19, ""label"": ""CPU"", ""text"": ""Intel Celeron G1820""}, {""start"": 20, ""end"": 28, ""label"": ""GPU"", ""text"": ""Intel HD""}, {""start"": 30, ""end"": 37, ""label"": ""CPU"", ""text"": ""Haswell""}]",[]
K0071,88,body,3,FRAGMENTACIJA,CPU,"letu sa originalnim hp adapterom.

cena fiksno

evo i nekoliko karakteristika:

procesor: intel i5-9500t vpro™ 6-jezgara (3.7 ghz po jezgru, 9 mb cache memorije)

memorija: 16 gb ddr4-2666 sdram

hard disk: samsung 256gb nvme ssd (čitanje 3000 mb/s, u","[{""start"": 325, ""end"": 396, ""label"": ""CPU"", ""text"": ""intel i5-9500t vpro™ 6-jezgara (3.7 ghz po jezgru, 9 mb cache memorije)""}]","[{""start"": 325, ""end"": 364, ""label"": ""CPU"", ""text"": ""intel i5-9500t vpro™ 6-jezgara (3.7 ghz""}, {""start"": 376, ""end"": 386, ""label"": ""CPU"", ""text"": ""9 mb cache""}]",[]
K0072,88,body,3,FRAGMENTACIJA,SKLADISTE,"9 mb cache memorije)

memorija: 16 gb ddr4-2666 sdram

hard disk: samsung 256gb nvme ssd (čitanje 3000 mb/s, upis 1300 mb/s)

grafika: intel® uhd graphics 630

portovi (napred):

2x usb 3.0

1x usb type-c gen 2

2","[{""start"": 466, ""end"": 499, ""label"": ""SKLADISTE"", ""text"": ""čitanje 3000 mb/s, upis 1300 mb/s""}]","[{""start"": 474, ""end"": 483, ""label"": ""SKLADISTE"", ""text"": ""3000 mb/s""}, {""start"": 490, ""end"": 499, ""label"": ""SKLADISTE"", ""text"": ""1300 mb/s""}]",[]
K0073,88,body,3,POGRESNA_OZNAKA,RAM,"66 sdram

hard disk: samsung 256gb nvme ssd (čitanje 3000 mb/s, upis 1300 mb/s)

grafika: intel® uhd graphics 630

portovi (napred):

2x usb 3.0

1x usb type-c gen 2

2 x audio jack

portovi (pozadi):

1","[{""start"": 511, ""end"": 534, ""label"": ""RAM"", ""text"": ""intel® uhd graphics 630""}]","[{""start"": 511, ""end"": 534, ""label"": ""GPU"", ""text"": ""intel® uhd graphics 630""}]",[]
K0074,88,body,3,SUVISNO,GPU,".0

1x usb type-c gen 2

2 x audio jack

portovi (pozadi):

1x power connector

1x rj-45

2x displayport 1.2

2x usb 3.1 gen 1

2x usb 3.1 gen 2

1x usb 3.1 type-c gen 2 (dodat naknakno po zahtevu)
",[],"[{""start"": 653, ""end"": 671, ""label"": ""GPU"", ""text"": ""2x displayport 1.2""}]",[]
K0075,90,body,4,GRANICA_SIRA,GPU,"oseduje jos 2 godine garancije.

Karta u furmark testu na 44% jacine ventilatora zadrzava oko 60 stepeni sto je odlicno!

Grafička se koristi u mom racunaru, korišćena je isključivo za gaming, n","[{""start"": 200, ""end"": 210, ""label"": ""GPU"", ""text"": ""60 stepeni""}]","[{""start"": 196, ""end"": 210, ""label"": ""GPU"", ""text"": ""oko 60 stepeni""}]",[]
K0076,90,body,4,SUVISNO,GPU,"alno i bez problema pokreće sve novije naslove.

Grafička se prodaje zato sto prelazim na nvidiu.

Šaljem Post Expressom ili lično u Beogradu, po dogovoru.

Ukoliko imate dodatnih pitanj",[],"[{""start"": 512, ""end"": 518, ""label"": ""GPU"", ""text"": ""nvidiu""}]",[]
K0077,98,body,1,PROPUSTENO,CPU,"Maticna ploca: MSI MS-7525 775
Procesor: dual core e5200

Hard disk: 250 gb, healt 100%

Graficka: HP Nvidia GeForce GT2","[{""start"": 27, ""end"": 30, ""label"": ""CPU"", ""text"": ""775""}]",[],"[{""start"": 19, ""end"": 26, ""label"": ""MODEL"", ""text"": ""MS-7525""}]"
K0078,103,body,2,SPAJANJE,CPU,"ofessional sa osnovnim programima. Spreman je odma za upotrebu.

Specifikacije

Procesor: Intel i7-2600 3.40Ghz ( 4 jezgra + 4 virtuelna jezgra tako da ga window vidi kao 8 jezgara )

Matična ploča: Original HP

RAM: 8GB ddr3

Harddi","[{""start"": 199, ""end"": 220, ""label"": ""CPU"", ""text"": ""Intel i7-2600 3.40Ghz""}, {""start"": 223, ""end"": 252, ""label"": ""CPU"", ""text"": ""4 jezgra + 4 virtuelna jezgra""}]","[{""start"": 199, ""end"": 252, ""label"": ""CPU"", ""text"": ""Intel i7-2600 3.40Ghz ( 4 jezgra + 4 virtuelna jezgra""}]",[]
K0079,103,body,2,SUVISNO,SKLADISTE,"8GB ddr3

Harddisk:

SSD: 256 GB

Grafika: Intel HD 2000

Napajanje: original HP

Optika: DVD-rw

Licenca: nema

OS: Windows10 Professional sa osnovnim programima

kućište: Uspravno( Tow",[],"[{""start"": 416, ""end"": 422, ""label"": ""SKLADISTE"", ""text"": ""DVD-rw""}]",[]
K0080,103,body,2,SUVISNO,CENA,"orkstaton mnogo kvalitetniji nego običan računar

Doplate za monitore uz računar:

17inča 20e

19inča 30e

22inča 45e-60e

23inča 60e-75e

24inča 60e-100e

imamo i monitore b-kategori",[],"[{""start"": 673, ""end"": 676, ""label"": ""CENA"", ""text"": ""20e""}]","[{""start"": 666, ""end"": 672, ""label"": ""EKRAN"", ""text"": ""17inča""}, {""start"": 678, ""end"": 684, ""label"": ""EKRAN"", ""text"": ""19inča""}]"
K0081,103,body,2,SUVISNO,CENA,"ogo kvalitetniji nego običan računar

Doplate za monitore uz računar:

17inča 20e

19inča 30e

22inča 45e-60e

23inča 60e-75e

24inča 60e-100e

imamo i monitore b-kategorije cena zavi",[],"[{""start"": 685, ""end"": 688, ""label"": ""CENA"", ""text"": ""30e""}]","[{""start"": 678, ""end"": 684, ""label"": ""EKRAN"", ""text"": ""19inča""}, {""start"": 690, ""end"": 696, ""label"": ""EKRAN"", ""text"": ""22inča""}]"
K0082,103,body,2,SUVISNO,CENA,"niji nego običan računar

Doplate za monitore uz računar:

17inča 20e

19inča 30e

22inča 45e-60e

23inča 60e-75e

24inča 60e-100e

imamo i monitore b-kategorije cena zavisi od veličine i",[],"[{""start"": 697, ""end"": 704, ""label"": ""CENA"", ""text"": ""45e-60e""}]","[{""start"": 690, ""end"": 696, ""label"": ""EKRAN"", ""text"": ""22inča""}, {""start"": 706, ""end"": 712, ""label"": ""EKRAN"", ""text"": ""23inča""}]"
K0083,103,body,2,SUVISNO,CENA," računar

Doplate za monitore uz računar:

17inča 20e

19inča 30e

22inča 45e-60e

23inča 60e-75e

24inča 60e-100e

imamo i monitore b-kategorije cena zavisi od veličine i stanja

Lično p",[],"[{""start"": 713, ""end"": 720, ""label"": ""CENA"", ""text"": ""60e-75e""}]","[{""start"": 706, ""end"": 712, ""label"": ""EKRAN"", ""text"": ""23inča""}, {""start"": 722, ""end"": 728, ""label"": ""EKRAN"", ""text"": ""24inča""}]"
K0084,103,body,2,SUVISNO,CENA,"e za monitore uz računar:

17inča 20e

19inča 30e

22inča 45e-60e

23inča 60e-75e

24inča 60e-100e

imamo i monitore b-kategorije cena zavisi od veličine i stanja

Lično preuzimanje u Somb",[],"[{""start"": 729, ""end"": 737, ""label"": ""CENA"", ""text"": ""60e-100e""}]","[{""start"": 722, ""end"": 728, ""label"": ""EKRAN"", ""text"": ""24inča""}]"
K0085,104,body,4,FRAGMENTACIJA,CPU,"I5-2320 Quad Core na 3,00 GHZ, ,8 giga DDR3 ram memorija, 500 GB hard disk perfektan, grafika na ploci i grafika u PCIE","[{""start"": 0, ""end"": 29, ""label"": ""CPU"", ""text"": ""I5-2320 Quad Core na 3,00 GHZ""}]","[{""start"": 0, ""end"": 17, ""label"": ""CPU"", ""text"": ""I5-2320 Quad Core""}, {""start"": 21, ""end"": 29, ""label"": ""CPU"", ""text"": ""3,00 GHZ""}]",[]
K0086,104,body,4,GRANICA_UZA,GPU,"ga DDR3 ram memorija, 500 GB hard disk perfektan, grafika na ploci i grafika u PCIE slotu AMD RADEON HD-6670 GEJMING ima HDMI izlaz , kuciste dobro treba prebrisati od prasine, slike su losije ali je kucist","[{""start"": 126, ""end"": 152, ""label"": ""GPU"", ""text"": ""AMD RADEON HD-6670 GEJMING""}]","[{""start"": 126, ""end"": 144, ""label"": ""GPU"", ""text"": ""AMD RADEON HD-6670""}]",[]
K0087,104,body,4,GRANICA_UZA,GPU,"rd disk perfektan, grafika na ploci i grafika u PCIE slotu AMD RADEON HD-6670 GEJMING ima HDMI izlaz , kuciste dobro treba prebrisati od prasine, slike su losije ali je kuciste OK linije po ","[{""start"": 157, ""end"": 167, ""label"": ""GPU"", ""text"": ""HDMI izlaz""}]","[{""start"": 157, ""end"": 161, ""label"": ""GPU"", ""text"": ""HDMI""}]",[]
K0088,105,body,4,SUVISNO,CPU,"Ozbiljno sklapan GEJMER, stigao od preko . U pitanju je AMD PHENOM II X6 1055T na 6 X 2,80 GHZ,14 giga DDR3 ram memorija, 850 GB hard disk perfektan, kuciste odlicno GE",[],"[{""start"": 56, ""end"": 78, ""label"": ""CPU"", ""text"": ""AMD PHENOM II X6 1055T""}]",[]
K0089,105,body,4,FRAGMENTACIJA,GPU,"va. Maticna ploca GEJMERSKA- HYBRID TEHNOLOGIJE najbolja u svojoj klasi GRAFIKA GEJMERSKA R9-200 od 3 GB ima i HDMI izlaz i gura ogroman broj najnovijih igrica bez problema CS: GO, LOL, DOTA, DO","[{""start"": 406, ""end"": 420, ""label"": ""GPU"", ""text"": ""R9-200 od 3 GB""}]","[{""start"": 406, ""end"": 412, ""label"": ""GPU"", ""text"": ""R9-200""}, {""start"": 416, ""end"": 420, ""label"": ""GPU"", ""text"": ""3 GB""}]",[]
K0090,105,body,4,SUVISNO,GPU,"MERSKA- HYBRID TEHNOLOGIJE najbolja u svojoj klasi GRAFIKA GEJMERSKA R9-200 od 3 GB ima i HDMI izlaz i gura ogroman broj najnovijih igrica bez problema CS: GO, LOL, DOTA, DOTAII, Fortn",[],"[{""start"": 427, ""end"": 431, ""label"": ""GPU"", ""text"": ""HDMI""}]",[]
K0091,105,title,4,GRANICA_SIRA,CPU,Gejmer-Zver AMD Six Core Mašina,"[{""start"": 16, ""end"": 24, ""label"": ""CPU"", ""text"": ""Six Core""}]","[{""start"": 12, ""end"": 24, ""label"": ""CPU"", ""text"": ""AMD Six Core""}]",[]
K0092,106,body,1,PROPUSTENO,GPU," Quad Core na 4 X 3,00, , 8 giga DDR3 ram memorija, 650GB hard disk perfektan , grafika u PCIE slotu GTX-470 GEJMING ima mini HDMI izlaz , kuciste odlicno treba prebrisati od prasine, ","[{""start"": 120, ""end"": 124, ""label"": ""GPU"", ""text"": ""PCIE""}]",[],[]
K0093,107,body,2,SPAJANJE,CPU,"A8 7600, Radeon R7 Quad Core na 4 X 3, 10, 4 fizicka i 6 logickih jezgara, GHZ, 8 giga DDR3 ram memorija, 500 GB hard disk perfektan, grafika na ploci radeon R7 i ","[{""start"": 32, ""end"": 41, ""label"": ""CPU"", ""text"": ""4 X 3, 10""}, {""start"": 43, ""end"": 52, ""label"": ""CPU"", ""text"": ""4 fizicka""}, {""start"": 55, ""end"": 73, ""label"": ""CPU"", ""text"": ""6 logickih jezgara""}]","[{""start"": 32, ""end"": 73, ""label"": ""CPU"", ""text"": ""4 X 3, 10, 4 fizicka i 6 logickih jezgara""}]",[]
K0094,107,body,2,PROPUSTENO,GPU,"ckih jezgara, GHZ, 8 giga DDR3 ram memorija, 500 GB hard disk perfektan, grafika na ploci radeon R7 i grafika u PCIE slotu HD-6700 GEJMING ima HDMI izlaz, kuciste odlicno treba prebrisati o","[{""start"": 151, ""end"": 160, ""label"": ""GPU"", ""text"": ""radeon R7""}]",[],[]
K0095,107,body,2,SUVISNO,GPU,"iga DDR3 ram memorija, 500 GB hard disk perfektan, grafika na ploci radeon R7 i grafika u PCIE slotu HD-6700 GEJMING ima HDMI izlaz, kuciste odlicno treba prebrisati od prasine, slike ",[],"[{""start"": 173, ""end"": 177, ""label"": ""GPU"", ""text"": ""PCIE""}]",[]
K0096,107,body,2,SUVISNO,GPU,"ard disk perfektan, grafika na ploci radeon R7 i grafika u PCIE slotu HD-6700 GEJMING ima HDMI izlaz, kuciste odlicno treba prebrisati od prasine, slike su losije ali je kuciste odlicno, bez",[],"[{""start"": 204, ""end"": 214, ""label"": ""GPU"", ""text"": ""HDMI izlaz""}]",[]
K0097,107,title,2,SUVISNO,CPU,Jaka gejming mašina 10 Core,[],"[{""start"": 20, ""end"": 27, ""label"": ""CPU"", ""text"": ""10 Core""}]",[]
K0098,109,body,2,SUVISNO,GPU," GHZ,4 giga DDR3 ram memorija, 320 gb HDD perfektan, grafika u PCIE slotu GEFORCE-210 ima HDMI izlaz , WIN 10 64-BIT, kuciste odlicno slike losije , savrsen racunar za svakodnevno kori",[],"[{""start"": 110, ""end"": 114, ""label"": ""GPU"", ""text"": ""HDMI""}]",[]
K0099,110,body,4,FRAGMENTACIJA,CPU,"Odlicna Gejming masina nove generacije i3-7100 na 4 x 3,90 ghz, 16 giga ddr4 ram memorija, 128 brzi ssd dize sistem za par sekundi plus 500 gb hard disk","[{""start"": 39, ""end"": 62, ""label"": ""CPU"", ""text"": ""i3-7100 na 4 x 3,90 ghz""}]","[{""start"": 39, ""end"": 46, ""label"": ""CPU"", ""text"": ""i3-7100""}, {""start"": 50, ""end"": 62, ""label"": ""CPU"", ""text"": ""4 x 3,90 ghz""}]",[]
K0100,110,body,4,SUVISNO,GPU,"0 gb hard disk perfektan, grafika na ploci i grafika u pcie slotu gigabyte hd vx-5970 ima hdmi izlaz, kuciste odlicno, veliko, mocno ima svetliece ventilatore i obe stranice su od kalj",[],"[{""start"": 228, ""end"": 232, ""label"": ""GPU"", ""text"": ""hdmi""}]",[]
K0101,110,title,4,SUVISNO,RAM,Gejmer DDR4 - I3 mašina TOP,[],"[{""start"": 7, ""end"": 11, ""label"": ""RAM"", ""text"": ""DDR4""}]",[]
K0102,111,body,3,SUVISNO,GPU,"20 GB odlican, kucisteOK slike losije kuciste korektno , grafika u PCIE slotu HD 6570 ima HDMI izlaz i gura ogroman broj igrica bez problema CS: GO, LOL, DOTA, DOTAII, Fortnite, GTA V,",[],"[{""start"": 162, ""end"": 166, ""label"": ""GPU"", ""text"": ""HDMI""}]",[]
K0103,112,body,3,SUVISNO,SKLADISTE,"CAK 8 X 3,80 GHZ, 24 GIGA ram memorije sve prosto leti od igrica i aplikacija, super brzi SAMSUNG SSD 128 Gb dize sistem za par sekundi plus 2 TB hard disk perfektan zaduzen za skladisten",[],"[{""start"": 192, ""end"": 199, ""label"": ""SKLADISTE"", ""text"": ""SAMSUNG""}]",[]
K0104,112,body,3,FRAGMENTACIJA,GPU,bu u kojoj se nalazi a kamoli procesor-ima 2- SVETLECIA VENTILATORA NA SEBI . . . Prejaka AMD RADEON RX 590 od 8GB pokrece ogroman broj nanovijih igrica. . Takodje racunar moze da se koristi i za modelova,"[{""start"": 598, ""end"": 622, ""label"": ""GPU"", ""text"": ""AMD RADEON RX 590 od 8GB""}]","[{""start"": 598, ""end"": 615, ""label"": ""GPU"", ""text"": ""AMD RADEON RX 590""}, {""start"": 619, ""end"": 622, ""label"": ""GPU"", ""text"": ""8GB""}]",[]
K0105,113,body,2,SUVISNO,GPU,"jmersko moderno svetlece odlican vizuelni efekat, grafika RX-470 od 4 GB SAPHIRE ima samo HDMI izlaz gura ogroman broj igrica bez problema CS: GO, LOL, DOTA, DOTAII, Fortnite, GTA V, W",[],"[{""start"": 287, ""end"": 291, ""label"": ""GPU"", ""text"": ""HDMI""}]",[]
K0106,115,body,2,SUVISNO,GPU,"ebrisati inace je potpuno izolovano , slike losije kuciste TOP , GRAFIKA RX-470 8GB ima i HDMI izlaz i gura ogroman broj najnovijih igrica bez problema CS: GO, LOL, DOTA, DOTAII, Fortn",[],"[{""start"": 409, ""end"": 413, ""label"": ""GPU"", ""text"": ""HDMI""}]",[]
K0107,120,body,3,FRAGMENTACIJA,GPU,"Triple Core na 3 X 2,90, 6 giga DDR3 ram memorija, 500 GB hard disk perfektan , grafika u PCIE slotu HD-5670 ima HDMI izlaz , kuciste odlicno kompaktno treba prebrisati od prasine, slike losije ali ","[{""start"": 133, ""end"": 151, ""label"": ""GPU"", ""text"": ""PCIE slotu HD-5670""}]","[{""start"": 133, ""end"": 137, ""label"": ""GPU"", ""text"": ""PCIE""}, {""start"": 144, ""end"": 151, ""label"": ""GPU"", ""text"": ""HD-5670""}]",[]
K0108,120,body,3,SUVISNO,GPU,", 6 giga DDR3 ram memorija, 500 GB hard disk perfektan , grafika u PCIE slotu HD-5670 ima HDMI izlaz , kuciste odlicno kompaktno treba prebrisati od prasine, slike losije ali je kuciste OK s",[],"[{""start"": 156, ""end"": 166, ""label"": ""GPU"", ""text"": ""HDMI izlaz""}]",[]
K0109,122,body,3,SUVISNO,GPU,"tina sto ne smeta ama bas nicemu, , slike losije kuciste OK, GRAFIKA GEFORCE GT-610 ima i HDMI izlaz i gura ogroman broj igrica bez problema CS: GO, LOL, DOTA, DOTAII, Fortnite, GTA V,",[],"[{""start"": 260, ""end"": 264, ""label"": ""GPU"", ""text"": ""HDMI""}]",[]
K0110,122,title,3,SUVISNO,CPU,Gejmer I7 Top jeftin,[],"[{""start"": 7, ""end"": 9, ""label"": ""CPU"", ""text"": ""I7""}]",[]
K0111,123,body,3,FRAGMENTACIJA,CPU,"Odlican Moderan svetleci GEJMER racunar RYZEN 5 stigao od preko . U pitanju je RYZEN 5 1400 4 fizicka i 4 logicka jezgra QUAD CORE na 8 X 3,20 GHZ, 16 giga DDR4 SVETLECA ram memorija, 1,7 TB hard disk -perfektan, kuciste","[{""start"": 79, ""end"": 130, ""label"": ""CPU"", ""text"": ""RYZEN 5 1400 4 fizicka i 4 logicka jezgra QUAD CORE""}]","[{""start"": 79, ""end"": 91, ""label"": ""CPU"", ""text"": ""RYZEN 5 1400""}, {""start"": 92, ""end"": 130, ""label"": ""CPU"", ""text"": ""4 fizicka i 4 logicka jezgra QUAD CORE""}]",[]
K0112,123,body,3,GRANICA_SIRA,RAM,"preko . U pitanju je RYZEN 5 1400 4 fizicka i 4 logicka jezgra QUAD CORE na 8 X 3,20 GHZ, 16 giga DDR4 SVETLECA ram memorija, 1,7 TB hard disk -perfektan, kuciste odlicno GEJMERSKO MODERNO BELO SVETLEC","[{""start"": 148, ""end"": 160, ""label"": ""RAM"", ""text"": ""16 giga DDR4""}]","[{""start"": 148, ""end"": 169, ""label"": ""RAM"", ""text"": ""16 giga DDR4 SVETLECA""}]",[]
K0113,123,body,3,SUVISNO,CENA,"odlican vizuelni efekat , Mocna AORUS GEJMERSKA maticna ploca sama ovde na oglasima kosta preko 100 evra polovna, GRAFIKA RX-480 SAPHIRE od 8 GB ima samo HDMI izlaz i gura ogroman broj igrica be",[],"[{""start"": 467, ""end"": 481, ""label"": ""CENA"", ""text"": ""preko 100 evra""}]",[]
K0114,125,body,2,SUVISNO,GPU,"Case Full ATX for Gaming premocno ogromno kuciste , GRAFIKA AMD Radeon RX 570 od 8 GB ima samo HDMI izlaz i gura ogroman broj najnovijih igrica bez problema CS: GO, LOL, DOTA, DOTAII, Fortn",[],"[{""start"": 331, ""end"": 340, ""label"": ""GPU"", ""text"": ""samo HDMI""}]",[]
K0115,126,body,2,SUVISNO,GPU,"ljenog stakla. Maticna ploca GEJMERSKA, GRAFIKA GEJMERSKA RX-580 FAT BOY od 8 GB ima samo HDMI izlaz i gura ogroman broj najnovijih igrica bez problema CS: GO, LOL, DOTA, DOTAII, Fortn",[],"[{""start"": 403, ""end"": 407, ""label"": ""GPU"", ""text"": ""HDMI""}]",[]
K0116,127,body,3,SUVISNO,GPU,"er na procesoru BE QUIET ima svoj verntilator i perfekno hladi ovu mocnu masinu , GRAFIKA ZOTAC NAJVECA MOGUCA od 6 GB sa 3 ventilatora ima i HDMI izlaz i gura ogroman broj najnovijih i",[],"[{""start"": 429, ""end"": 434, ""label"": ""GPU"", ""text"": ""ZOTAC""}]",[]
K0117,127,body,3,SUVISNO,GPU," ima svoj verntilator i perfekno hladi ovu mocnu masinu , GRAFIKA ZOTAC NAJVECA MOGUCA od 6 GB sa 3 ventilatora ima i HDMI izlaz i gura ogroman broj najnovijih igrica bez problema CS: ",[],"[{""start"": 453, ""end"": 457, ""label"": ""GPU"", ""text"": ""6 GB""}]",[]
K0118,127,body,3,SUVISNO,GPU,"j verntilator i perfekno hladi ovu mocnu masinu , GRAFIKA ZOTAC NAJVECA MOGUCA od 6 GB sa 3 ventilatora ima i HDMI izlaz i gura ogroman broj najnovijih igrica bez problema CS: GO, LOL, DOTA, DO",[],"[{""start"": 461, ""end"": 474, ""label"": ""GPU"", ""text"": ""3 ventilatora""}]",[]
K0119,127,body,3,SUVISNO,GPU,"ekno hladi ovu mocnu masinu , GRAFIKA ZOTAC NAJVECA MOGUCA od 6 GB sa 3 ventilatora ima i HDMI izlaz i gura ogroman broj najnovijih igrica bez problema CS: GO, LOL, DOTA, DOTAII, Fortn",[],"[{""start"": 481, ""end"": 485, ""label"": ""GPU"", ""text"": ""HDMI""}]",[]
K0120,129,body,1,PROPUSTENO,CPU,"ja komponenti u samoj konfiguraciji
Mogucnost placanja preko racuna firme

Maticna ploca: AM4 A320M
Procesor: AMD Ryzen 3 1200 4 cores 3.1GHz (3.4GHz)
Ram memorija: DIMM DDR4 8GB
Graf","[{""start"": 153, ""end"": 156, ""label"": ""CPU"", ""text"": ""AM4""}]",[],"[{""start"": 157, ""end"": 162, ""label"": ""MODEL"", ""text"": ""A320M""}]"
K0121,130,body,1,PROPUSTENO,CPU,"placanja preko racuna firme
Procesor: AMD Ryzen 3 1200 4 cores 3. 1GHz (3. 4GHz)
Maticna: AM4 A320M
Memorija: DIMM DDR4 16GB
SSD: 480GB 2. 5""
Grafika: nVidia GeForce GTX 1650 4GB 128b","[{""start"": 199, ""end"": 202, ""label"": ""CPU"", ""text"": ""AM4""}]",[],"[{""start"": 203, ""end"": 207, ""label"": ""MODEL"", ""text"": ""A320""}]"
K0122,131,body,3,FRAGMENTACIJA,CPU,"e sta ima od delova, delovi se prodaju bez reklamacije i ostalog

Maticna ploca, podrzava intel procesor 7 generacije, prodaje se kao ne ispravno 2000 din

Procesor i5 7500 5000 dinara

kuler 550 din

kucist","[{""start"": 212, ""end"": 239, ""label"": ""CPU"", ""text"": ""intel procesor 7 generacije""}]","[{""start"": 212, ""end"": 217, ""label"": ""CPU"", ""text"": ""intel""}, {""start"": 227, ""end"": 239, ""label"": ""CPU"", ""text"": ""7 generacije""}]",[]
K0123,131,body,3,GRANICA_UZA,CPU,"Maticna ploca, podrzava intel procesor 7 generacije, prodaje se kao ne ispravno 2000 din

Procesor i5 7500 5000 dinara

kuler 550 din

kuciste 1000 dinara

bocni poklopac 1000 dinara

dvd 700 dina","[{""start"": 278, ""end"": 294, ""label"": ""CPU"", ""text"": ""Procesor i5 7500""}]","[{""start"": 287, ""end"": 294, ""label"": ""CPU"", ""text"": ""i5 7500""}]",[]
K0124,131,body,3,SUVISNO,SKLADISTE,"esor i5 7500 5000 dinara

kuler 550 din

kuciste 1000 dinara

bocni poklopac 1000 dinara

dvd 700 dinara

saljem

Boxpig

Samoho",[],"[{""start"": 372, ""end"": 375, ""label"": ""SKLADISTE"", ""text"": ""dvd""}]",[]
K0125,132,body,2,FRAGMENTACIJA,CPU,"DELL OptiPlex 990 SFF

-Kuciste: Dell

-Model: OptiPlex 990 SFF

-Procesor: Intel® Core™ i3-2100 Processor 3M Cache, 3. 10 GHz

-Socket: FCLGA1155

-Chipset: Intel Q67 Express

-Hard disk: 250gb

-Ram memorija: 4GB D","[{""start"": 76, ""end"": 126, ""label"": ""CPU"", ""text"": ""Intel® Core™ i3-2100 Processor 3M Cache, 3. 10 GHz""}]","[{""start"": 76, ""end"": 96, ""label"": ""CPU"", ""text"": ""Intel® Core™ i3-2100""}, {""start"": 107, ""end"": 126, ""label"": ""CPU"", ""text"": ""3M Cache, 3. 10 GHz""}]",[]
K0126,134,body,3,SUVISNO,SKLADISTE,"i5 4690 3.50 ghz 6mb cache

radeon R7 200 2gb dx12 128 bit HDMI VGA DVI

320gb hard disk

dvd

8gb ddr3

D12

moze se licno preuzeti u dole navedene gradove

Beograd

Kikinda

Zrenjan",[],"[{""start"": 173, ""end"": 176, ""label"": ""SKLADISTE"", ""text"": ""dvd""}]",[]
K0127,136,body,2,SUVISNO,RAM,"lan windows

na slikama imate PRODUCT ID kao i SERVICE NUMBER za ovaj racunar

8gb DDR4 u jednom stapu, na ploci ima 4 slota za memoriju, znaci jos tri prazna slota za memoriju

256gb ss",[],"[{""start"": 715, ""end"": 721, ""label"": ""RAM"", ""text"": ""jednom""}]",[]
K0128,136,body,2,SUVISNO,CENA,"orom koristi VGA i DISPLEJ PORT

ukoliko zelite adapter sa DP na HDMI konektor doplata je 800 dinara full hd i 4k imam adaptere

racunar se prodaje se sa strujnim kablom

moguce licno preuzi",[],"[{""start"": 935, ""end"": 945, ""label"": ""CENA"", ""text"": ""800 dinara""}]",[]
K0129,137,body,4,SUVISNO,RAM,"u

instaliran je windows 10

prodaje se sa 19v 3. 42a napajanjem

memorija je 4gb ddr3, u jednom stapu, drugi slot na ploci je slobodan za nadogradnju

usb 3. 0

HDMI

VGA

DVD

na slika",[],"[{""start"": 148, ""end"": 154, ""label"": ""RAM"", ""text"": ""jednom""}]",[]
K0130,137,body,4,SUVISNO,GPU,"ja je 4gb ddr3, u jednom stapu, drugi slot na ploci je slobodan za nadogradnju

usb 3. 0

HDMI

VGA

DVD

na slikama se vide sve potrebne informacije

160gb HARD 100/100 performance

a",[],"[{""start"": 220, ""end"": 224, ""label"": ""GPU"", ""text"": ""HDMI""}]",[]
K0131,137,body,4,SUVISNO,GPU,"4gb ddr3, u jednom stapu, drugi slot na ploci je slobodan za nadogradnju

usb 3. 0

HDMI

VGA

DVD

na slikama se vide sve potrebne informacije

160gb HARD 100/100 performance

amd e2",[],"[{""start"": 226, ""end"": 229, ""label"": ""GPU"", ""text"": ""VGA""}]",[]
K0132,137,body,4,SUVISNO,SKLADISTE,"dr3, u jednom stapu, drugi slot na ploci je slobodan za nadogradnju

usb 3. 0

HDMI

VGA

DVD

na slikama se vide sve potrebne informacije

160gb HARD 100/100 performance

amd e2 1. 7",[],"[{""start"": 231, ""end"": 234, ""label"": ""SKLADISTE"", ""text"": ""DVD""}]",[]
K0133,139,body,2,GRANICA_UZA,CPU,"AMD FX-6300 procesor Procesor AMD X6 FX-6300 X6 FX-6300, Socket AM3+, Radni takt 3500 MHz, L2 cache 6 MB, L3 cache 8 MB, Jezgra Vishera

Palit nVidia GeForce ","[{""start"": 57, ""end"": 68, ""label"": ""CPU"", ""text"": ""Socket AM3+""}]","[{""start"": 64, ""end"": 68, ""label"": ""CPU"", ""text"": ""AM3+""}]",[]
K0134,139,body,2,FRAGMENTACIJA,GPU," FX-6300, Socket AM3+, Radni takt 3500 MHz, L2 cache 6 MB, L3 cache 8 MB, Jezgra Vishera

Palit nVidia GeForce GTX 960 2GB 128bit GTX 960 GAMING 2G

prodajem ispravan racunar kao na slikama i u opisu oglasa

Zalman kuciste

instaliran je","[{""start"": 137, ""end"": 194, ""label"": ""GPU"", ""text"": ""Palit nVidia GeForce GTX 960 2GB 128bit GTX 960 GAMING 2G""}]","[{""start"": 137, ""end"": 184, ""label"": ""GPU"", ""text"": ""Palit nVidia GeForce GTX 960 2GB 128bit GTX 960""}, {""start"": 192, ""end"": 194, ""label"": ""GPU"", ""text"": ""2G""}]",[]
K0135,139,body,2,SPAJANJE,GPU,"or

8gb ddr3, drugi slot slobodan

1tb hard disk 100/100 radio samo 6 dana

palit grafika gtx 2gb ddr5 normalne temperature 78 c

dvd

bez zamene

licno preuzimanje u dole navedene gradove

Be","[{""start"": 542, ""end"": 545, ""label"": ""GPU"", ""text"": ""gtx""}, {""start"": 546, ""end"": 554, ""label"": ""GPU"", ""text"": ""2gb ddr5""}]","[{""start"": 542, ""end"": 554, ""label"": ""GPU"", ""text"": ""gtx 2gb ddr5""}]",[]
K0136,139,body,2,SUVISNO,GPU,"
1tb hard disk 100/100 radio samo 6 dana

palit grafika gtx 2gb ddr5 normalne temperature 78 c

dvd

bez zamene

licno preuzimanje u dole navedene gradove

Beograd

Novi Sad

Kikinda

",[],"[{""start"": 576, ""end"": 580, ""label"": ""GPU"", ""text"": ""78 c""}]",[]
K0137,140,body,3,SPAJANJE,CPU,"Intel® Xeon® Processor E5-1620 10M Cache, 3.60 GHz, 0.0 GT/s Intel® QPI

HP Grafička kartica NVIDIA NVS 315 1GB DDR3

4gb ddr3 memorija

500 gb hard

napajanje 6","[{""start"": 0, ""end"": 12, ""label"": ""CPU"", ""text"": ""Intel® Xeon®""}, {""start"": 23, ""end"": 71, ""label"": ""CPU"", ""text"": ""E5-1620 10M Cache, 3.60 GHz, 0.0 GT/s Intel® QPI""}]","[{""start"": 0, ""end"": 71, ""label"": ""CPU"", ""text"": ""Intel® Xeon® Processor E5-1620 10M Cache, 3.60 GHz, 0.0 GT/s Intel® QPI""}]",[]
K0138,140,body,3,SUVISNO,GPU,"Intel® Xeon® Processor E5-1620 10M Cache, 3.60 GHz, 0.0 GT/s Intel® QPI

HP Grafička kartica NVIDIA NVS 315 1GB DDR3

4gb ddr3 memorija

500 gb hard

napajanje 635w ",[],"[{""start"": 73, ""end"": 75, ""label"": ""GPU"", ""text"": ""HP""}]",[]
K0139,140,body,3,POGRESNA_OZNAKA,GPU,"20 10M Cache, 3.60 GHz, 0.0 GT/s Intel® QPI

HP Grafička kartica NVIDIA NVS 315 1GB DDR3

4gb ddr3 memorija

500 gb hard

napajanje 635w sa dva 6 pinska konektora

instaliran je win 10

pr","[{""start"": 118, ""end"": 126, ""label"": ""GPU"", ""text"": ""4gb ddr3""}]","[{""start"": 118, ""end"": 126, ""label"": ""RAM"", ""text"": ""4gb ddr3""}]",[]
K0140,141,body,4,SUVISNO,GPU,"office 2024 word excel . . .

sve radi i sve je ispravno

konekcija sa monitorom je preko displej Porta, i HDMI konektora

USB-C konektor na prednjem panelu

uradjen update na najnoviji B. I. O. S.

B.",[],"[{""start"": 643, ""end"": 664, ""label"": ""GPU"", ""text"": ""displej Porta, i HDMI""}]",[]
K0141,142,body,2,GRANICA_SIRA,CPU,"Prodajem ispravan racunar sa intel i3 procesorom,6100 sa 3mb cache na 3.70 ghz

Prodaje se bez HARDA/SSD ima sve izvedeno samo da se ubode HARD ili SSD, uko","[{""start"": 57, ""end"": 60, ""label"": ""CPU"", ""text"": ""3mb""}]","[{""start"": 57, ""end"": 66, ""label"": ""CPU"", ""text"": ""3mb cache""}]",[]
K0142,142,body,2,SUVISNO,RAM,"im 256gb SSD i instaliram windows 10 ili windows 11 cena ce biti veca za 30e

16gb ddr4 u jednom stapu, na ploci ima dva slota, znaci jos jedan slot slobodan

na slikama imate potrebne i",[],"[{""start"": 268, ""end"": 274, ""label"": ""RAM"", ""text"": ""jednom""}]",[]
K0143,142,body,2,SUVISNO,GPU," graficku normalne velicine

intel UHD grafika 530

konektori za povezivanje sa monitorom Vga displey port

kod za narucivanje ovog racunara HP02

saljem ili licno preuzimanje u dole navedene grad",[],"[{""start"": 549, ""end"": 565, ""label"": ""GPU"", ""text"": ""Vga displey port""}]",[]
K0144,145,body,3,SUVISNO,SKLADISTE,"Core i5 (6th Gen) 6500 od 4 x 3.20 GHz do 4 x 3.60GHz

RAM 8 GB DDR4

SSD 128GB perfektan 100/100 radio samo 120 dana

Graphics Controller Intel UHD Graphics 530 Dynamic Video Memory Tech",[],"[{""start"": 197, ""end"": 204, ""label"": ""SKLADISTE"", ""text"": ""100/100""}]",[]
K0145,145,body,3,GRANICA_SIRA,GPU,"0GHz

RAM 8 GB DDR4

SSD 128GB perfektan 100/100 radio samo 120 dana

Graphics Controller Intel UHD Graphics 530 Dynamic Video Memory Technology

Audio Output Stereo

Networking Gigabit

Dimensions (WxDxH) 33.8 cm x 37.9 cm x 10 cm

W","[{""start"": 246, ""end"": 268, ""label"": ""GPU"", ""text"": ""Intel UHD Graphics 530""}]","[{""start"": 246, ""end"": 300, ""label"": ""GPU"", ""text"": ""Intel UHD Graphics 530 Dynamic Video Memory Technology""}]",[]
K0146,146,body,4,SUVISNO,GPU," paket 2021 word excel . . .

sve radi i sve je ispravno

konekcija sa monitorom je preko Displej porta, ukoliko kupac zeli da se poveze sa HDMI konektorom doplata za adapter DP na HDMI je 5e

",[],"[{""start"": 693, ""end"": 706, ""label"": ""GPU"", ""text"": ""Displej porta""}]",[]
K0147,146,body,4,SUVISNO,GPU,"pravno

konekcija sa monitorom je preko Displej porta, ukoliko kupac zeli da se poveze sa HDMI konektorom doplata za adapter DP na HDMI je 5e

USB-C konektor na prednjem panelu

uradje",[],"[{""start"": 743, ""end"": 747, ""label"": ""GPU"", ""text"": ""HDMI""}]",[]
K0148,146,body,4,SUVISNO,CENA,"orta, ukoliko kupac zeli da se poveze sa HDMI konektorom doplata za adapter DP na HDMI je 5e

USB-C konektor na prednjem panelu

uradjen update na najnoviji B. I. O. S.

B. I. O. S. ",[],"[{""start"": 792, ""end"": 794, ""label"": ""CENA"", ""text"": ""5e""}]",[]
K0149,147,body,2,SUVISNO,SKLADISTE,"D 9250 (64)

HDD: Western Digital 80GB (WDC WD800BB), 7. 200 RPM, IDE interfejs.

Optika: HL-DT-ST DVD-RAM pisač.

Matična ploča: K8U (Gigabyte).

Stanje i napomene:

VAŽNO: Kućištu fale prednji p",[],"[{""start"": 303, ""end"": 319, ""label"": ""SKLADISTE"", ""text"": ""HL-DT-ST DVD-RAM""}]",[]
K0150,149,body,3,PROPUSTENO,RAM,"Ploča: Asus P5KC (6 slotova za RAM)
PODRŽAVA DDR2 I DDR3
Procesor: Intel 4600 2,4Ghz RAM: 2Gb DDR3
HDD: Kingston SSD 240Gb
Grafička: Nvidia","[{""start"": 45, ""end"": 49, ""label"": ""RAM"", ""text"": ""DDR2""}]",[],[]
K0151,149,body,3,PROPUSTENO,RAM,"Ploča: Asus P5KC (6 slotova za RAM)
PODRŽAVA DDR2 I DDR3
Procesor: Intel 4600 2,4Ghz RAM: 2Gb DDR3
HDD: Kingston SSD 240Gb
Grafička: Nvidia 9300 5","[{""start"": 52, ""end"": 56, ""label"": ""RAM"", ""text"": ""DDR3""}]",[],[]
K0152,149,body,3,FRAGMENTACIJA,SKLADISTE,"KC (6 slotova za RAM)
PODRŽAVA DDR2 I DDR3
Procesor: Intel 4600 2,4Ghz RAM: 2Gb DDR3
HDD: Kingston SSD 240Gb
Grafička: Nvidia 9300 512Mb
Mrežna
Zvučna
Kućište CODEGEN

Računar radi odlično iako ima ","[{""start"": 104, ""end"": 122, ""label"": ""SKLADISTE"", ""text"": ""Kingston SSD 240Gb""}]","[{""start"": 104, ""end"": 112, ""label"": ""SKLADISTE"", ""text"": ""Kingston""}, {""start"": 117, ""end"": 122, ""label"": ""SKLADISTE"", ""text"": ""240Gb""}]",[]
K0153,149,body,3,SUVISNO,RAM,"režna
Zvučna
Kućište CODEGEN

Računar radi odlično iako ima premalo RAM-a (valjalo bi bar 4Gb).
Odličan za multimediju i manje zahtevne korisnike (internet, office, itd). Uz nadogradn",[],"[{""start"": 242, ""end"": 245, ""label"": ""RAM"", ""text"": ""4Gb""}]",[]
K0154,149,body,3,SUVISNO,RAM,"n za multimediju i manje zahtevne korisnike (internet, office, itd). Uz nadogradnju rama (DDR2 ili Ddr3) odličan u tom cenovnom rangu.
4 slota za ddr2 i 2 slota za dd3.",[],"[{""start"": 344, ""end"": 348, ""label"": ""RAM"", ""text"": ""DDR2""}]",[]
K0155,149,body,3,SUVISNO,RAM,"imediju i manje zahtevne korisnike (internet, office, itd). Uz nadogradnju rama (DDR2 ili Ddr3) odličan u tom cenovnom rangu.
4 slota za ddr2 i 2 slota za dd3.",[],"[{""start"": 353, ""end"": 357, ""label"": ""RAM"", ""text"": ""Ddr3""}]",[]
K0156,151,body,3,SUVISNO,CPU," u računara 6 meseci garancija na ceo računar.

Best Bay Gaming, dosta bolja varijanta od Ryzena 7 5700X zbog moguce nadogradnje.

-Intel i5 13400F( 10cores 16 threads)+ Zeus Cooler

-AsRock B76",[],"[{""start"": 123, ""end"": 137, ""label"": ""CPU"", ""text"": ""Ryzena 7 5700X""}]",[]
K0157,152,body,4,SPAJANJE,CPU,"i3-7100-sedma generacija mn.2 disk

Procesor : Intel i3-7100 dual core windows ga vidi 4x 3900mhz. soket 1151

Maticna : Biostar btc 250 ima mogucnosta za 6x minringa(graficki kartica)

Ram : 8gb ddr","[{""start"": 47, ""end"": 70, ""label"": ""CPU"", ""text"": ""Intel i3-7100 dual core""}, {""start"": 87, ""end"": 97, ""label"": ""CPU"", ""text"": ""4x 3900mhz""}, {""start"": 99, ""end"": 109, ""label"": ""CPU"", ""text"": ""soket 1151""}]","[{""start"": 47, ""end"": 109, ""label"": ""CPU"", ""text"": ""Intel i3-7100 dual core windows ga vidi 4x 3900mhz. soket 1151""}]",[]
K0158,152,body,4,GRANICA_SIRA,GPU,"ostar btc 250 ima mogucnosta za 6x minringa(graficki kartica)

Ram : 8gb ddr4

Grafika : /inegriana atijeva /128 bitna/hdimi-vga-dvia port

Hdd : Mn.2-256 mb(brzi 5 puta od sds)+pomocni 160gb

Optika : Dvd rw-povezan

Napaj","[{""start"": 223, ""end"": 241, ""label"": ""GPU"", ""text"": ""atijeva /128 bitna""}]","[{""start"": 213, ""end"": 256, ""label"": ""GPU"", ""text"": ""inegriana atijeva /128 bitna/hdimi-vga-dvia""}]",[]
K0159,152,body,4,FRAGMENTACIJA,SKLADISTE,"tica)

Ram : 8gb ddr4

Grafika : /inegriana atijeva /128 bitna/hdimi-vga-dvia port

Hdd : Mn.2-256 mb(brzi 5 puta od sds)+pomocni 160gb

Optika : Dvd rw-povezan

Napajane :500 wati besuno tiho

NAPOMENA: Ne radi","[{""start"": 269, ""end"": 300, ""label"": ""SKLADISTE"", ""text"": ""Mn.2-256 mb(brzi 5 puta od sds)""}]","[{""start"": 269, ""end"": 280, ""label"": ""SKLADISTE"", ""text"": ""Mn.2-256 mb""}, {""start"": 286, ""end"": 292, ""label"": ""SKLADISTE"", ""text"": ""5 puta""}]",[]
K0160,152,body,4,SUVISNO,SKLADISTE," bitna/hdimi-vga-dvia port

Hdd : Mn.2-256 mb(brzi 5 puta od sds)+pomocni 160gb

Optika : Dvd rw-povezan

Napajane :500 wati besuno tiho

NAPOMENA: Ne radi muzicka, brljavi kupljena usb ",[],"[{""start"": 325, ""end"": 331, ""label"": ""SKLADISTE"", ""text"": ""Dvd rw""}]",[]
K0161,155,body,1,GRANICA_SIRA,SKLADISTE,"athlon x4 840/8ddr3/1000gbhdd/gt630-2gb, za word inernet, i skolu igrice u skladu sa grafickom itd. . .

ploca: asus a5","[{""start"": 20, ""end"": 26, ""label"": ""SKLADISTE"", ""text"": ""1000gb""}]","[{""start"": 20, ""end"": 29, ""label"": ""SKLADISTE"", ""text"": ""1000gbhdd""}]",[]
K0162,155,body,1,PROPUSTENO,CPU,"-2gb, za word inernet, i skolu igrice u skladu sa grafickom itd. . .

ploca: asus a55bm-k soket fm2 plus

procesor : amd atlon x4 8400 4x3,100mhz ide sam do 3,400mhz(qvad core)

memorija:8 gb3

","[{""start"": 125, ""end"": 139, ""label"": ""CPU"", ""text"": ""soket fm2 plus""}]",[],"[{""start"": 117, ""end"": 124, ""label"": ""MODEL"", ""text"": ""a55bm-k""}]"
K0163,155,body,1,SPAJANJE,CPU,"olu igrice u skladu sa grafickom itd. . .

ploca: asus a55bm-k soket fm2 plus

procesor : amd atlon x4 8400 4x3,100mhz ide sam do 3,400mhz(qvad core)

memorija:8 gb3

hdd: 1000 gb(1 terabajt)

Kuler: bakarni

Graficak : gt 630 2bg ddr3 (64","[{""start"": 152, ""end"": 180, ""label"": ""CPU"", ""text"": ""amd atlon x4 8400 4x3,100mhz""}, {""start"": 189, ""end"": 211, ""label"": ""CPU"", ""text"": ""do 3,400mhz(qvad core)""}]","[{""start"": 152, ""end"": 211, ""label"": ""CPU"", ""text"": ""amd atlon x4 8400 4x3,100mhz ide sam do 3,400mhz(qvad core)""}]",[]
K0164,159,body,4,SUVISNO,CPU,"Novo
OPTIBOX BEOGRAD
nove sve kvalitetne komponente
Računar DDR4 Asrock H510 GOLD 6405 16GB 460W
10/11 GENERACIJA
Garancija 12 meseci optibox beograd
1. Kućište MS Element M100",[],"[{""start"": 77, ""end"": 86, ""label"": ""CPU"", ""text"": ""GOLD 6405""}]","[{""start"": 72, ""end"": 76, ""label"": ""MODEL"", ""text"": ""H510""}]"
K0165,159,body,4,PROPUSTENO,RAM,"aza + USB 3.0
2. Matična Asrock H510-HDV-M.2 SE
LAN Gigabit
PCIE SLOT 3.0
NVME SLOT M.2
2 DDR4 slota može 64GB
NOVI BIOS 1.61
date slike ispravnosti !
3. Procesor Vrhunski INTEL PENTIU","[{""start"": 281, ""end"": 285, ""label"": ""RAM"", ""text"": ""DDR4""}]",[],[]
K0166,159,body,4,PROPUSTENO,RAM," Matična Asrock H510-HDV-M.2 SE
LAN Gigabit
PCIE SLOT 3.0
NVME SLOT M.2
2 DDR4 slota može 64GB
NOVI BIOS 1.61
date slike ispravnosti !
3. Procesor Vrhunski INTEL PENTIUM GOLD 6405 4 x ","[{""start"": 297, ""end"": 301, ""label"": ""RAM"", ""text"": ""64GB""}]",[],[]
K0167,159,body,4,POGRESNA_OZNAKA,CPU,"avnosti !
3. Procesor Vrhunski INTEL PENTIUM GOLD 6405 4 x 4.1GHz
najbrži jak integrisana UHD 610 + stavljena nova najbolja termalna Noctua NT-H1
4. Kuler DEEP COOL THETA /velik fun 12cm
","[{""start"": 422, ""end"": 429, ""label"": ""CPU"", ""text"": ""UHD 610""}]","[{""start"": 422, ""end"": 429, ""label"": ""GPU"", ""text"": ""UHD 610""}]",[]
K0168,159,body,4,FRAGMENTACIJA,RAM," nova najbolja termalna Noctua NT-H1
4. Kuler DEEP COOL THETA /velik fun 12cm
5. Memorija DDR4 kingston 16GB 2666 MHz
CL19 brza kvalitetna
6. Napajanje LC power 6460 460W GREEN GIANT POWER + strujni kabl
7. TOSHI","[{""start"": 531, ""end"": 563, ""label"": ""RAM"", ""text"": ""DDR4 kingston 16GB 2666 MHz\nCL19""}]","[{""start"": 531, ""end"": 558, ""label"": ""RAM"", ""text"": ""DDR4 kingston 16GB 2666 MHz""}, {""start"": 559, ""end"": 563, ""label"": ""RAM"", ""text"": ""CL19""}]",[]
K0169,159,body,4,SPAJANJE,SKLADISTE,"
CL19 brza kvalitetna
6. Napajanje LC power 6460 460W GREEN GIANT POWER + strujni kabl
7. TOSHIBA HARD 1TB 3.5 Sata nov nekorišćen 0 dana + sata kabl
8. SSD HARD SILICON POWER 128GB nov nekorišćen 0 dana +","[{""start"": 648, ""end"": 655, ""label"": ""SKLADISTE"", ""text"": ""TOSHIBA""}, {""start"": 661, ""end"": 673, ""label"": ""SKLADISTE"", ""text"": ""1TB 3.5 Sata""}]","[{""start"": 648, ""end"": 673, ""label"": ""SKLADISTE"", ""text"": ""TOSHIBA HARD 1TB 3.5 Sata""}]",[]
K0170,159,body,4,SUVISNO,SKLADISTE,"er 6460 460W GREEN GIANT POWER + strujni kabl
7. TOSHIBA HARD 1TB 3.5 Sata nov nekorišćen 0 dana + sata kabl
8. SSD HARD SILICON POWER 128GB nov nekorišćen 0 dana + sata kabl
data slika ",[],"[{""start"": 689, ""end"": 695, ""label"": ""SKLADISTE"", ""text"": ""0 dana""}]",[]
K0171,159,body,4,SUVISNO,SKLADISTE,"3.5 Sata nov nekorišćen 0 dana + sata kabl
8. SSD HARD SILICON POWER 128GB nov nekorišćen 0 dana + sata kabl
data slika RW brzina
9. USB Genius tastatura SLIM STAR 126 SR SLOVA + USB Miš",[],"[{""start"": 755, ""end"": 761, ""label"": ""SKLADISTE"", ""text"": ""0 dana""}]",[]
K0172,159,body,4,SUVISNO,SKLADISTE,"
data slika RW brzina
9. USB Genius tastatura SLIM STAR 126 SR SLOVA + USB Miš DX 110
10. Asus DVD MULTI RW + Sata kabl
11. MICROLAB ZVUČNICI M-930 NAJBOLJI MODEL Subwofer 30W daljinac
12. Belkin p",[],"[{""start"": 863, ""end"": 880, ""label"": ""SKLADISTE"", ""text"": ""Asus DVD MULTI RW""}]",[]
K0173,159,title,4,SUVISNO,CPU,Računar DDR4 Asrock H510 GOLD 6405 16GB 460W,[],"[{""start"": 25, ""end"": 34, ""label"": ""CPU"", ""text"": ""GOLD 6405""}]","[{""start"": 20, ""end"": 24, ""label"": ""MODEL"", ""text"": ""H510""}]"
K0174,161,body,1,PROPUSTENO,SKLADISTE,"nt M100 black 2 USB Ulaza + USB 3.0
2. Matična Asrock A 520 HVS
LAN Gigabit
PCIE SLOT 3.0
NVME SLOT M.2
2 DDR4 slota može 64GB
NOVI BIOS 3.90
date slike ispravnosti !
3. Procesor Vrhun","[{""start"": 245, ""end"": 249, ""label"": ""SKLADISTE"", ""text"": ""NVME""}]",[],[]
K0175,161,body,1,PROPUSTENO,SKLADISTE,"ack 2 USB Ulaza + USB 3.0
2. Matična Asrock A 520 HVS
LAN Gigabit
PCIE SLOT 3.0
NVME SLOT M.2
2 DDR4 slota može 64GB
NOVI BIOS 3.90
date slike ispravnosti !
3. Procesor Vrhunski Ryzen","[{""start"": 255, ""end"": 258, ""label"": ""SKLADISTE"", ""text"": ""M.2""}]",[],[]
K0176,161,body,1,PROPUSTENO,RAM,"USB Ulaza + USB 3.0
2. Matična Asrock A 520 HVS
LAN Gigabit
PCIE SLOT 3.0
NVME SLOT M.2
2 DDR4 slota može 64GB
NOVI BIOS 3.90
date slike ispravnosti !
3. Procesor Vrhunski Ryzen 4300G ","[{""start"": 261, ""end"": 265, ""label"": ""RAM"", ""text"": ""DDR4""}]",[],[]
K0177,161,body,1,PROPUSTENO,RAM,"3.0
2. Matična Asrock A 520 HVS
LAN Gigabit
PCIE SLOT 3.0
NVME SLOT M.2
2 DDR4 slota može 64GB
NOVI BIOS 3.90
date slike ispravnosti !
3. Procesor Vrhunski Ryzen 4300G 4/8THREADS 8 x 3","[{""start"": 277, ""end"": 281, ""label"": ""RAM"", ""text"": ""64GB""}]",[],[]
K0178,161,body,1,GRANICA_UZA,GPU,"
date slike ispravnosti !
3. Procesor Vrhunski Ryzen 4300G 4/8THREADS 8 x 3, 8GHz
brz jak integrisana AMD Radeon + najbolja termalna Noctua NT-H1
4. Kuler DEEP COOL Gamma/velik fun 12cm
5. Memorija DDR4","[{""start"": 386, ""end"": 408, ""label"": ""GPU"", ""text"": ""integrisana AMD Radeon""}]","[{""start"": 398, ""end"": 408, ""label"": ""GPU"", ""text"": ""AMD Radeon""}]",[]
K0179,161,body,1,PROPUSTENO,SKLADISTE," 500GB 3.5 Sata nov nekorišćen 0 dana + sata kabl
8. Lexar NVME 256GB 100% malo radio nov 20 dana data slika RW brzina
9. USB Genius tastatura KB 115 + USB Miš DX 160
10. Asus DVD MULTI R","[{""start"": 695, ""end"": 702, ""label"": ""SKLADISTE"", ""text"": ""20 dana""}]",[],[]
K0180,161,body,1,SUVISNO,SKLADISTE,"adio nov 20 dana data slika RW brzina
9. USB Genius tastatura KB 115 + USB Miš DX 160
10. Asus DVD MULTI RW + Sata kabl
11. Microlab zvučnici 105R Subwofwer 10W daljinac
12. WIFI usb internet anten",[],"[{""start"": 776, ""end"": 793, ""label"": ""SKLADISTE"", ""text"": ""Asus DVD MULTI RW""}]",[]
K0181,166,body,2,SPAJANJE,GPU,rafički procesor Grafika AMD® Radeon™ Model R9 390 Grafički čip Grenada PRO Proces izrade 28nm Broj unificiranih procesora 2560 Radni takt 1.000MHz (1.025MHz boost clock) Rasterske jedinice (ROP) 64 Teksturne jedinice,"[{""start"": 194, ""end"": 198, ""label"": ""GPU"", ""text"": ""28nm""}, {""start"": 227, ""end"": 231, ""label"": ""GPU"", ""text"": ""2560""}]","[{""start"": 194, ""end"": 231, ""label"": ""GPU"", ""text"": ""28nm Broj unificiranih procesora 2560""}]",[]
K0182,166,body,2,SPAJANJE,GPU,0 Grafički čip Grenada PRO Proces izrade 28nm Broj unificiranih procesora 2560 Radni takt 1.000MHz (1.025MHz boost clock) Rasterske jedinice (ROP) 64 Teksturne jedinice (TMU) 160 Memorija Količina memorije 8GB Tip memorije GDDR5 Širina memorijske magistrale 512bit Tak,"[{""start"": 243, ""end"": 274, ""label"": ""GPU"", ""text"": ""1.000MHz (1.025MHz boost clock)""}, {""start"": 300, ""end"": 302, ""label"": ""GPU"", ""text"": ""64""}, {""start"": 328, ""end"": 331, ""label"": ""GPU"", ""text"": ""160""}]","[{""start"": 243, ""end"": 331, ""label"": ""GPU"", ""text"": ""1.000MHz (1.025MHz boost clock) Rasterske jedinice (ROP) 64 Teksturne jedinice (TMU) 160""}]",[]
K0183,166,body,2,GRANICA_SIRA,GPU,"12bit Takt memorije 6GHz Priključci DisplayPort priključci 3x DisplayPort HDMI priključci 1x HDMI Ukupno DVI priključaka 1 DVI priključci 1x DVI-D Dual Link Dodatni naponski priključci 1x6pin, 1x8pin Ostale karak","[{""start"": 502, ""end"": 509, ""label"": ""GPU"", ""text"": ""1x HDMI""}]","[{""start"": 502, ""end"": 534, ""label"": ""GPU"", ""text"": ""1x HDMI Ukupno DVI priključaka 1""}]",[]
K0184,166,body,2,SPAJANJE,GPU,"MI Ukupno DVI priključaka 1 DVI priključci 1x DVI-D Dual Link Dodatni naponski priključci 1x6pin, 1x8pin Ostale karakteristike Slot PCI-Express 3.0 Multi-Card podrška AMD® CrossfireX™ Sistem hla","[{""start"": 597, ""end"": 603, ""label"": ""GPU"", ""text"": ""1x6pin""}, {""start"": 605, ""end"": 611, ""label"": ""GPU"", ""text"": ""1x8pin""}]","[{""start"": 597, ""end"": 611, ""label"": ""GPU"", ""text"": ""1x6pin, 1x8pin""}]",[]
K0185,166,body,2,SPAJANJE,GPU,".0 Multi-Card podrška AMD® CrossfireX™ Sistem hlađenja WindForce™ 2X Podržane tehnologije AMD Eyefinity™ , AMD App Acceleration, AMD PowerTune, AMD ZeroCore Power, AMD HD3D, Ultra Durable VGA™ , HDCP, OpenGL 4.4® , AMD TrueAudio, Microsoft® DirectX® 12, Mantle, AMD HD3D Technology, AMD FreeSync™ , AMD Virtual Super Re","[{""start"": 742, ""end"": 756, ""label"": ""GPU"", ""text"": ""AMD Eyefinity™""}, {""start"": 759, ""end"": 779, ""label"": ""GPU"", ""text"": ""AMD App Acceleration""}, {""start"": 781, ""end"": 794, ""label"": ""GPU"", ""text"": ""AMD PowerTune""}, {""start"": 796, ""end"": 814, ""label"": ""GPU"", ""text"": ""AMD ZeroCore Power""}, {""start"": 816, ""end"": 824, ""label"": ""GPU"", ""text"": ""AMD HD3D""}, {""start"": 826, ""end"": 844, ""label"": ""GPU"", ""text"": ""Ultra Durable VGA™""}, {""start"": 847, ""end"": 851, ""label"": ""GPU"", ""text"": ""HDCP""}, {""start"": 853, ""end"": 864, ""label"": ""GPU"", ""text"": ""OpenGL 4.4®""}, {""start"": 867, ""end"": 880, ""label"": ""GPU"", ""text"": ""AMD TrueAudio""}, {""start"": 882, ""end"": 904, ""label"": ""GPU"", ""text"": ""Microsoft® DirectX® 12""}, {""start"": 906, ""end"": 912, ""label"": ""GPU"", ""text"": ""Mantle""}, {""start"": 914, ""end"": 933, ""label"": ""GPU"", ""text"": ""AMD HD3D Technology""}, {""start"": 935, ""end"": 948, ""label"": ""GPU"", ""text"": ""AMD FreeSync™""}, {""start"": 951, ""end"": 971, ""label"": ""GPU"", ""text"": ""AMD Virtual Super Re""}]","[{""start"": 742, ""end"": 971, ""label"": ""GPU"", ""text"": ""AMD Eyefinity™ , AMD App Acceleration, AMD PowerTune, AMD ZeroCore Power, AMD HD3D, Ultra Durable VGA™ , HDCP, OpenGL 4.4® , AMD TrueAudio, Microsoft® DirectX® 12, Mantle, AMD HD3D Technology, AMD FreeSync™ , AMD Virtual Super Re""}]",[]
K0186,171,body,4,PROPUSTENO,GPU,"Graficka kartica GTX PRO 1050 3 Gb. Stara 6 meseci. 3 godine garancijeNova je, , nema nigde ogrebotine, koristena je za probu 3 dana, uznju ","[{""start"": 42, ""end"": 50, ""label"": ""GPU"", ""text"": ""6 meseci""}]",[],"[{""start"": 52, ""end"": 60, ""label"": ""GARANCIJA"", ""text"": ""3 godine""}]"
K0187,171,body,4,FRAGMENTACIJA,GPU," winlands, witcher 3, tomb raider, vamir, gta 5, asasian cred sve nastavke i druge, , ima hdmi slot, vga, ddr5 je verzija, 3gb rom memorije, posto imam zavrsen fakultet informacionih nauka, po meni ov","[{""start"": 679, ""end"": 699, ""label"": ""GPU"", ""text"": ""hdmi slot, vga, ddr5""}]","[{""start"": 679, ""end"": 683, ""label"": ""GPU"", ""text"": ""hdmi""}, {""start"": 690, ""end"": 699, ""label"": ""GPU"", ""text"": ""vga, ddr5""}]",[]
K0188,171,body,4,GRANICA_SIRA,GPU,", vamir, gta 5, asasian cred sve nastavke i druge, , ima hdmi slot, vga, ddr5 je verzija, 3gb rom memorije, posto imam zavrsen fakultet informacionih nauka, po meni ovo je savrsena karta u srednjo","[{""start"": 712, ""end"": 719, ""label"": ""GPU"", ""text"": ""3gb rom""}]","[{""start"": 712, ""end"": 728, ""label"": ""GPU"", ""text"": ""3gb rom memorije""}]",[]
K0189,171,body,4,GRANICA_UZA,GPU,"Force GTX 1050 PRO

Manufacturer NVIDIA

Model GeForce GTX 1050 PRO

Device ID 10DE-1C81

Revision A2

Subvendor ASUStek Computer Inc (1043)

Current Performance Level Level 0

Current GPU Cl","[{""start"": 1046, ""end"": 1057, ""label"": ""GPU"", ""text"": ""Revision A2""}]","[{""start"": 1055, ""end"": 1057, ""label"": ""GPU"", ""text"": ""A2""}]",[]
K0190,171,body,4,GRANICA_UZA,GPU,"t Memory Clock 445 MHz

Current Shader Clock 445 MHz

Voltage 0. 675 V

Technology 14 nm

Bus Interface PCI Express x4

Temperature 27 °C

Driver version 26. 21. 14. 4587

BIOS Version 86. 07. 39. 40. 1e

Phy","[{""start"": 1256, ""end"": 1284, ""label"": ""GPU"", ""text"": ""Bus Interface PCI Express x4""}]","[{""start"": 1270, ""end"": 1284, ""label"": ""GPU"", ""text"": ""PCI Express x4""}]",[]
K0191,171,body,4,GRANICA_SIRA,GPU,". 39. 40. 1e

Physical Memory 3 gb

Virtual Memory 3 gb

Count of performance levels : 1

Level 1 - ""Perf Level 0""

GPU Clock 202 MHz","[{""start"": 1458, ""end"": 1470, ""label"": ""GPU"", ""text"": ""Perf Level 0""}]","[{""start"": 1447, ""end"": 1471, ""label"": ""GPU"", ""text"": ""Level 1 - \""Perf Level 0\""""}]",[]
K0192,172,body,3,FRAGMENTACIJA,GPU,"0P4LFB6
Oznaka čipa RX470
Brzina grafičkog čipa GPU Clock: 1226MHz; Memory Clock: 7000Mhz
DirectX DirectX™ 12 Support OpenGL 4.5 Support
Tip memorije DDR5
Količina memorije 4GB
Memorijska magistrala 256bit
Hlađenje Dual Unibod","[{""start"": 205, ""end"": 251, ""label"": ""GPU"", ""text"": ""DirectX DirectX™ 12 Support OpenGL 4.5 Support""}]","[{""start"": 213, ""end"": 224, ""label"": ""GPU"", ""text"": ""DirectX™ 12""}, {""start"": 233, ""end"": 243, ""label"": ""GPU"", ""text"": ""OpenGL 4.5""}]",[]
K0193,177,body,3,PROPUSTENO,GPU,"Rig je profi sklopljen okupno daje 180 mega hesa konfiguracija je sledeca

Napajanje 1000w

Ploca neka ddr3

4gb rama

Ssd 128gb ili je mo","[{""start"": 35, ""end"": 48, ""label"": ""GPU"", ""text"": ""180 mega hesa""}]",[],[]
K0194,177,body,3,PROPUSTENO,GPU,"Rig je profi sklopljen okupno daje 180 mega hesa konfiguracija je sledeca

Napajanje 1000w

Ploca neka ddr3

4gb rama

Ssd 128gb ili je možda i 256gb nisam siguran

Graficke su rx ","[{""start"": 85, ""end"": 90, ""label"": ""GPU"", ""text"": ""1000w""}]",[],[]
K0195,177,body,3,GRANICA_UZA,RAM,"jen okupno daje 180 mega hesa konfiguracija je sledeca

Napajanje 1000w

Ploca neka ddr3

4gb rama

Ssd 128gb ili je možda i 256gb nisam siguran

Graficke su rx 580 od nitro plus od 4giga ","[{""start"": 109, ""end"": 117, ""label"": ""RAM"", ""text"": ""4gb rama""}]","[{""start"": 109, ""end"": 112, ""label"": ""RAM"", ""text"": ""4gb""}]",[]
K0196,177,title,3,GRANICA_SIRA,GPU,Rig sa sest rx 580 4 giga karti,"[{""start"": 12, ""end"": 25, ""label"": ""GPU"", ""text"": ""rx 580 4 giga""}]","[{""start"": 7, ""end"": 25, ""label"": ""GPU"", ""text"": ""sest rx 580 4 giga""}]",[]
K0197,178,body,2,SUVISNO,GPU,"Nvidia GeForce4 MX 440 VGA 64MB AGP

DX9.0

pasivni hladnjak

p/N : CN-0J0880-69861

šifra prilikom upita: D018",[],"[{""start"": 37, ""end"": 42, ""label"": ""GPU"", ""text"": ""DX9.0""}]",[]
K0198,178,body,2,SUVISNO,GPU,"Nvidia GeForce4 MX 440 VGA 64MB AGP

DX9.0

pasivni hladnjak

p/N : CN-0J0880-69861

šifra prilikom upita: D018",[],"[{""start"": 44, ""end"": 60, ""label"": ""GPU"", ""text"": ""pasivni hladnjak""}]",[]
K0199,179,body,1,SPAJANJE,GPU,"Kartica je potpuno ispravna i testirana. Ima 512 MB RAM-a DDR3, 256bit. Od izlaza ima DVI x2, tv izlaz.

Product Name : Gainward 9600GT 512MB

Barcode : 471846200-9245

GPU : NVIDIA GeForce® 9","[{""start"": 86, ""end"": 92, ""label"": ""GPU"", ""text"": ""DVI x2""}, {""start"": 94, ""end"": 96, ""label"": ""GPU"", ""text"": ""tv""}]","[{""start"": 86, ""end"": 102, ""label"": ""GPU"", ""text"": ""DVI x2, tv izlaz""}]",[]
K0200,179,body,1,SUVISNO,GPU,"emory : 512 MB GDDR3 (256 bits)

Memory Clockspeed : 900 MHz

Pixels per clock

(peak) :

N/A

Bandwidth : 57.6 GB/s

Ramdac : 400 MHz

Bus : PCI-Express

Cooling : 2-Slot Fan

Video-",[],"[{""start"": 316, ""end"": 319, ""label"": ""GPU"", ""text"": ""N/A""}]",[]
K0201,182,body,2,GRANICA_UZA,GPU,"939G1 GAMING-8GD

U odlicnom stanju. Garancija 7 dana.

Graphics Processing Radeon R9 390
I/O Dual-link DVI-D / HDMI / DisplayPort*3
Core Clock 1025 MHz
Process Technology 28 nm
Memory Clock 6000 MHz
Memory Size 8 GB
Memor","[{""start"": 94, ""end"": 136, ""label"": ""GPU"", ""text"": ""I/O Dual-link DVI-D / HDMI / DisplayPort*3""}]","[{""start"": 98, ""end"": 136, ""label"": ""GPU"", ""text"": ""Dual-link DVI-D / HDMI / DisplayPort*3""}]",[]
K0202,182,body,2,GRANICA_SIRA,GPU,"ija 7 dana.

Graphics Processing Radeon R9 390
I/O Dual-link DVI-D / HDMI / DisplayPort*3
Core Clock 1025 MHz
Process Technology 28 nm
Memory Clock 6000 MHz
Memory Size 8 GB
Memory Type GDDR5
Memory ","[{""start"": 148, ""end"": 156, ""label"": ""GPU"", ""text"": ""1025 MHz""}]","[{""start"": 137, ""end"": 156, ""label"": ""GPU"", ""text"": ""Core Clock 1025 MHz""}]",[]
K0203,182,body,2,GRANICA_SIRA,GPU,"0
I/O Dual-link DVI-D / HDMI / DisplayPort*3
Core Clock 1025 MHz
Process Technology 28 nm
Memory Clock 6000 MHz
Memory Size 8 GB
Memory Type GDDR5
Memory Bus 512 bit
Card Bus PCI-E 3.0
Digital max reso","[{""start"": 195, ""end"": 203, ""label"": ""GPU"", ""text"": ""6000 MHz""}]","[{""start"": 182, ""end"": 203, ""label"": ""GPU"", ""text"": ""Memory Clock 6000 MHz""}]",[]
K0204,182,body,2,GRANICA_SIRA,GPU,"y Clock 6000 MHz
Memory Size 8 GB
Memory Type GDDR5
Memory Bus 512 bit
Card Bus PCI-E 3.0
Digital max resolution 4096 X 2160
Multi-view 4
Card size H=42 L=243 W=114 mm
PCB Form ATX
DirectX 12
OpenGL 4.4
Recommended","[{""start"": 300, ""end"": 311, ""label"": ""GPU"", ""text"": ""4096 X 2160""}]","[{""start"": 277, ""end"": 311, ""label"": ""GPU"", ""text"": ""Digital max resolution 4096 X 2160""}]",[]
K0205,182,body,2,GRANICA_UZA,GPU,"s PCI-E 3.0
Digital max resolution 4096 X 2160
Multi-view 4
Card size H=42 L=243 W=114 mm
PCB Form ATX
DirectX 12
OpenGL 4.4
Recommended PSU 600W (with one 8-pin and one 6-pin external power c","[{""start"": 355, ""end"": 367, ""label"": ""GPU"", ""text"": ""PCB Form ATX""}]","[{""start"": 364, ""end"": 367, ""label"": ""GPU"", ""text"": ""ATX""}]",[]
K0206,182,body,2,SUVISNO,GPU,"rd size H=42 L=243 W=114 mm
PCB Form ATX
DirectX 12
OpenGL 4.4
Recommended PSU 600W (with one 8-pin and one 6-pin external power connector)
Analog max resolution 2048 x 1536",[],"[{""start"": 417, ""end"": 465, ""label"": ""GPU"", ""text"": ""one 8-pin and one 6-pin external power connector""}]",[]
K0207,182,body,2,GRANICA_SIRA,GPU,"2
OpenGL 4.4
Recommended PSU 600W (with one 8-pin and one 6-pin external power connector)
Analog max resolution 2048 x 1536","[{""start"": 489, ""end"": 500, ""label"": ""GPU"", ""text"": ""2048 x 1536""}]","[{""start"": 467, ""end"": 500, ""label"": ""GPU"", ""text"": ""Analog max resolution 2048 x 1536""}]",[]
K0208,184,body,4,GRANICA_SIRA,GPU,"oktobar 2024) (4. slika u oglasu)

Može zamena, isključivo za Nvidia GTX ili RTX karte sa minimum 4GB memorije, ili za Radeon karte serije 6000 sa minimum 8GB memorije!

Nemojte mi nuditi Rad","[{""start"": 611, ""end"": 614, ""label"": ""GPU"", ""text"": ""4GB""}]","[{""start"": 603, ""end"": 614, ""label"": ""GPU"", ""text"": ""minimum 4GB""}]",[]
K0209,184,body,4,SPAJANJE,GPU,"asu)

Može zamena, isključivo za Nvidia GTX ili RTX karte sa minimum 4GB memorije, ili za Radeon karte serije 6000 sa minimum 8GB memorije!

Nemojte mi nuditi Radeone RX 470, 570, 580, 590 i slične matore","[{""start"": 632, ""end"": 638, ""label"": ""GPU"", ""text"": ""Radeon""}, {""start"": 645, ""end"": 656, ""label"": ""GPU"", ""text"": ""serije 6000""}]","[{""start"": 632, ""end"": 656, ""label"": ""GPU"", ""text"": ""Radeon karte serije 6000""}]",[]
K0210,184,body,4,GRANICA_SIRA,GPU,"o za Nvidia GTX ili RTX karte sa minimum 4GB memorije, ili za Radeon karte serije 6000 sa minimum 8GB memorije!

Nemojte mi nuditi Radeone RX 470, 570, 580, 590 i slične matore Radeone, jer t","[{""start"": 668, ""end"": 671, ""label"": ""GPU"", ""text"": ""8GB""}]","[{""start"": 660, ""end"": 671, ""label"": ""GPU"", ""text"": ""minimum 8GB""}]",[]
K0211,184,body,4,SPAJANJE,GPU,"4GB memorije, ili za Radeon karte serije 6000 sa minimum 8GB memorije!

Nemojte mi nuditi Radeone RX 470, 570, 580, 590 i slične matore Radeone, jer to su u 99% slučajeva raspali rudarski krševi.

Može lično p","[{""start"": 701, ""end"": 715, ""label"": ""GPU"", ""text"": ""Radeone RX 470""}, {""start"": 717, ""end"": 720, ""label"": ""GPU"", ""text"": ""570""}, {""start"": 722, ""end"": 725, ""label"": ""GPU"", ""text"": ""580""}, {""start"": 727, ""end"": 730, ""label"": ""GPU"", ""text"": ""590""}]","[{""start"": 701, ""end"": 730, ""label"": ""GPU"", ""text"": ""Radeone RX 470, 570, 580, 590""}]",[]
K0212,185,body,3,FRAGMENTACIJA,GPU," Express 4.0

Proizvođač čipa: amd radeon

Brzina memorije: 16 Gbps

Brzina GPU: OC Mode: do 2340 MHz (Boost Clock) / 2105 MHz (Game Clock)

Gaming mode: do 2310 MHz (Boost Clock) / 2075 MHz (Game Clock)

Stream procesori: 5120

","[{""start"": 631, ""end"": 680, ""label"": ""GPU"", ""text"": ""do 2340 MHz (Boost Clock) / 2105 MHz (Game Clock)""}]","[{""start"": 631, ""end"": 642, ""label"": ""GPU"", ""text"": ""do 2340 MHz""}, {""start"": 659, ""end"": 667, ""label"": ""GPU"", ""text"": ""2105 MHz""}]",[]
K0213,185,body,3,FRAGMENTACIJA,GPU,"bps

Brzina GPU: OC Mode: do 2340 MHz (Boost Clock) / 2105 MHz (Game Clock)

Gaming mode: do 2310 MHz (Boost Clock) / 2075 MHz (Game Clock)

Stream procesori: 5120

Hladjenje: Aktivno

HDMI: 1

DisplayPort: 3

Konektor za napajan","[{""start"": 695, ""end"": 744, ""label"": ""GPU"", ""text"": ""do 2310 MHz (Boost Clock) / 2075 MHz (Game Clock)""}]","[{""start"": 695, ""end"": 706, ""label"": ""GPU"", ""text"": ""do 2310 MHz""}, {""start"": 723, ""end"": 731, ""label"": ""GPU"", ""text"": ""2075 MHz""}]",[]
K0214,185,title,3,GRANICA_SIRA,GPU,Asus tuf gaming Radeon RX 6900 XT OC 16GB GDDR6,"[{""start"": 16, ""end"": 47, ""label"": ""GPU"", ""text"": ""Radeon RX 6900 XT OC 16GB GDDR6""}]","[{""start"": 0, ""end"": 47, ""label"": ""GPU"", ""text"": ""Asus tuf gaming Radeon RX 6900 XT OC 16GB GDDR6""}]",[]
K0215,187,body,4,PROPUSTENO,CENA,"i!

Nove, neotpakovane grafičke kartice sa garancijom od 2 godine!

Povoljniji za više od 800 evra u odnosu na prodavce kao što su Tehnomanija ili Gigatron!

Dogovor oko popusta na količin","[{""start"": 102, ""end"": 110, ""label"": ""CENA"", ""text"": ""800 evra""}]",[],[]
K0216,190,body,3,SUVISNO,GPU,"ifikacije možete najbolje videti na ovom sajtu:

U kratkim crtama:

1GB GDDR5 128-bit V2

TDP 55w

Minimum napajanje je kako sajt kaže 250w, što je super

Portovi:

1xDvi

1xHdmi

1xDispl",[],"[{""start"": 431, ""end"": 438, ""label"": ""GPU"", ""text"": ""TDP 55w""}]",[]
K0217,190,body,3,SUVISNO,GPU,"R5 128-bit V2

TDP 55w

Minimum napajanje je kako sajt kaže 250w, što je super

Portovi:

1xDvi

1xHdmi

1xDisplayPort",[],"[{""start"": 506, ""end"": 511, ""label"": ""GPU"", ""text"": ""1xDvi""}]",[]
K0218,190,body,3,SUVISNO,GPU,"bit V2

TDP 55w

Minimum napajanje je kako sajt kaže 250w, što je super

Portovi:

1xDvi

1xHdmi

1xDisplayPort",[],"[{""start"": 513, ""end"": 519, ""label"": ""GPU"", ""text"": ""1xHdmi""}]",[]
K0219,190,body,3,SUVISNO,GPU,"TDP 55w

Minimum napajanje je kako sajt kaže 250w, što je super

Portovi:

1xDvi

1xHdmi

1xDisplayPort",[],"[{""start"": 521, ""end"": 534, ""label"": ""GPU"", ""text"": ""1xDisplayPort""}]",[]
K0220,191,body,4,SUVISNO,GPU,"Ispravna grafička kartica

extra xfx gaming grafička kartica / video karta / grafika, oznake gt-220-znf2 aka gt220 625m, slede",[],"[{""start"": 33, ""end"": 36, ""label"": ""GPU"", ""text"": ""xfx""}]",[]
K0221,191,body,4,PROPUSTENO,GPU,"ka:

kapacitet memorije - 1gb

interfejs - 128bita

- hdmi, dvi, vga

hlađenje - aktivno

dodatno napajanje - ne zahteva","[{""start"": 232, ""end"": 249, ""label"": ""GPU"", ""text"": ""dodatno napajanje""}]",[],[]
K0222,191,body,4,SUVISNO,GPU,"ije - 1gb

interfejs - 128bita

- hdmi, dvi, vga

hlađenje - aktivno

dodatno napajanje - ne zahteva",[],"[{""start"": 252, ""end"": 262, ""label"": ""GPU"", ""text"": ""ne zahteva""}]",[]
K0223,199,body,2,PROPUSTENO,GPU,"Ispravna PCI-E graficka kartica

- Ati

- Radeon HD 2400 Pro (Ati -102-B27602(B))

2 X VGA izlaz

TV izl","[{""start"": 9, ""end"": 14, ""label"": ""GPU"", ""text"": ""PCI-E""}]",[],[]
K0224,199,body,2,SPAJANJE,GPU,"Ispravna PCI-E graficka kartica

- Ati

- Radeon HD 2400 Pro (Ati -102-B27602(B))

2 X VGA izlaz

TV izlaz

DDR2 - 256 Mb / 64 bit

1 X ventilator hladjenja

- Win index >","[{""start"": 42, ""end"": 60, ""label"": ""GPU"", ""text"": ""Radeon HD 2400 Pro""}, {""start"": 62, ""end"": 80, ""label"": ""GPU"", ""text"": ""Ati -102-B27602(B)""}]","[{""start"": 42, ""end"": 81, ""label"": ""GPU"", ""text"": ""Radeon HD 2400 Pro (Ati -102-B27602(B))""}]",[]
K0225,199,body,2,GRANICA_SIRA,GPU,"Ispravna PCI-E graficka kartica

- Ati

- Radeon HD 2400 Pro (Ati -102-B27602(B))

2 X VGA izlaz

TV izlaz

DDR2 - 256 Mb / 64 bit

1 X ventilator hladjenja

- Win index > 3.9/5.5

Ispra","[{""start"": 83, ""end"": 90, ""label"": ""GPU"", ""text"": ""2 X VGA""}]","[{""start"": 83, ""end"": 96, ""label"": ""GPU"", ""text"": ""2 X VGA izlaz""}]",[]
K0226,199,body,2,GRANICA_SIRA,GPU," PCI-E graficka kartica

- Ati

- Radeon HD 2400 Pro (Ati -102-B27602(B))

2 X VGA izlaz

TV izlaz

DDR2 - 256 Mb / 64 bit

1 X ventilator hladjenja

- Win index > 3.9/5.5

Ispravnost nave","[{""start"": 98, ""end"": 100, ""label"": ""GPU"", ""text"": ""TV""}]","[{""start"": 98, ""end"": 106, ""label"": ""GPU"", ""text"": ""TV izlaz""}]",[]
K0227,199,body,2,SUVISNO,GPU,"Radeon HD 2400 Pro (Ati -102-B27602(B))

2 X VGA izlaz

TV izlaz

DDR2 - 256 Mb / 64 bit

1 X ventilator hladjenja

- Win index > 3.9/5.5

Ispravnost navedene graficke kartice je poverena

U kombinaciji s",[],"[{""start"": 132, ""end"": 156, ""label"": ""GPU"", ""text"": ""1 X ventilator hladjenja""}]",[]
K0228,199,body,2,SUVISNO,CPU,"st navedene graficke kartice je poverena

U kombinaciji sa maticnim plocama koje koriste

Intel-ove procesore.

- DELL 840 - OS WIN 7-64 bit

- P5K PRO - Q-6600 - OS WIN 10-64 bin

Prov",[],"[{""start"": 279, ""end"": 284, ""label"": ""CPU"", ""text"": ""Intel""}]",[]
K0229,200,body,4,GRANICA_UZA,GPU,"Ispravna PCI-E graficka kartica

- Asus

- EN9800-HTDP-512M-A

- 2 X DVI izlaz

- 1 X TV izlaz

- 512 Mb

- aktivno hladjenje za ogromnim hladnjakom

- aktivno hladjenj","[{""start"": 65, ""end"": 78, ""label"": ""GPU"", ""text"": ""2 X DVI izlaz""}]","[{""start"": 65, ""end"": 72, ""label"": ""GPU"", ""text"": ""2 X DVI""}]",[]
K0230,200,body,4,GRANICA_UZA,GPU,"Ispravna PCI-E graficka kartica

- Asus

- EN9800-HTDP-512M-A

- 2 X DVI izlaz

- 1 X TV izlaz

- 512 Mb

- aktivno hladjenje za ogromnim hladnjakom

- aktivno hladjenje sa velikom tur","[{""start"": 82, ""end"": 94, ""label"": ""GPU"", ""text"": ""1 X TV izlaz""}]","[{""start"": 82, ""end"": 88, ""label"": ""GPU"", ""text"": ""1 X TV""}]",[]
K0231,200,body,4,GRANICA_POMERENA,GPU,"ficka kartica

- Asus

- EN9800-HTDP-512M-A

- 2 X DVI izlaz

- 1 X TV izlaz

- 512 Mb

- aktivno hladjenje za ogromnim hladnjakom

- aktivno hladjenje sa velikom turbinom

- potrebno kvalitetnije i jace napajanje za ovu","[{""start"": 116, ""end"": 148, ""label"": ""GPU"", ""text"": ""hladjenje za ogromnim hladnjakom""}]","[{""start"": 108, ""end"": 125, ""label"": ""GPU"", ""text"": ""aktivno hladjenje""}]",[]
K0232,200,body,4,GRANICA_POMERENA,GPU,"
- 2 X DVI izlaz

- 1 X TV izlaz

- 512 Mb

- aktivno hladjenje za ogromnim hladnjakom

- aktivno hladjenje sa velikom turbinom

- potrebno kvalitetnije i jace napajanje za ovu karticu

- potreban 6 - to pinski konekt","[{""start"": 160, ""end"": 189, ""label"": ""GPU"", ""text"": ""hladjenje sa velikom turbinom""}]","[{""start"": 152, ""end"": 169, ""label"": ""GPU"", ""text"": ""aktivno hladjenje""}]",[]
K0233,200,body,4,SUVISNO,GPU," sa velikom turbinom

- potrebno kvalitetnije i jace napajanje za ovu karticu

- potreban 6 - to pinski konektor

Vrlo vazno

Ispravnost navedene graficke kartice je poverena

U kombinaciji sa maticnim ",[],"[{""start"": 259, ""end"": 281, ""label"": ""GPU"", ""text"": ""6 - to pinski konektor""}]",[]
K0234,200,body,4,SUVISNO,CPU,"st navedene graficke kartice je poverena

U kombinaciji sa maticnim plocama koje koriste

Intel-ove procesore

- Siemens - OS WIN 7-32 bit

- P5Q - E-5300 - OS WIN 10-64 bin

Proverite da l",[],"[{""start"": 393, ""end"": 402, ""label"": ""CPU"", ""text"": ""Intel-ove""}]",[]
K0235,200,body,4,PROPUSTENO,GPU,"rtice je poverena

U kombinaciji sa maticnim plocama koje koriste

Intel-ove procesore

- Siemens - OS WIN 7-32 bit

- P5Q - E-5300 - OS WIN 10-64 bin

Proverite da li je ova kartica kompatibilna

sa vasom","[{""start"": 416, ""end"": 441, ""label"": ""GPU"", ""text"": ""Siemens - OS WIN 7-32 bit""}]",[],"[{""start"": 416, ""end"": 423, ""label"": ""BRAND"", ""text"": ""Siemens""}]"
K0236,200,body,4,GRANICA_I_OZNAKA,GPU,"iji sa maticnim plocama koje koriste

Intel-ove procesore

- Siemens - OS WIN 7-32 bit

- P5Q - E-5300 - OS WIN 10-64 bin

Proverite da li je ova kartica kompatibilna

sa vasom maticnom plocom i brzinama memorij","[{""start"": 445, ""end"": 476, ""label"": ""GPU"", ""text"": ""P5Q - E-5300 - OS WIN 10-64 bin""}]","[{""start"": 451, ""end"": 457, ""label"": ""CPU"", ""text"": ""E-5300""}]","[{""start"": 445, ""end"": 448, ""label"": ""MODEL"", ""text"": ""P5Q""}]"
K0237,201,body,1,GRANICA_SIRA,GPU,"Ispravna PCI-E graficka kartica

- Asus

- Radeon X1650PRO 512M

- 2 X DVI izlaz

- 1 x TV izlaz

- 512 Mb

- hladnjak sa ispravnom turbinom

Vrlo vazno

Ispravnost naved","[{""start"": 67, ""end"": 74, ""label"": ""GPU"", ""text"": ""2 X DVI""}]","[{""start"": 67, ""end"": 80, ""label"": ""GPU"", ""text"": ""2 X DVI izlaz""}]",[]
K0238,201,body,1,GRANICA_SIRA,GPU,"Ispravna PCI-E graficka kartica

- Asus

- Radeon X1650PRO 512M

- 2 X DVI izlaz

- 1 x TV izlaz

- 512 Mb

- hladnjak sa ispravnom turbinom

Vrlo vazno

Ispravnost navedene graficke kar","[{""start"": 84, ""end"": 90, ""label"": ""GPU"", ""text"": ""1 x TV""}]","[{""start"": 84, ""end"": 96, ""label"": ""GPU"", ""text"": ""1 x TV izlaz""}]",[]
K0239,201,body,1,SUVISNO,GPU," Radeon X1650PRO 512M

- 2 X DVI izlaz

- 1 x TV izlaz

- 512 Mb

- hladnjak sa ispravnom turbinom

Vrlo vazno

Ispravnost navedene graficke kartice je poverena

U kombinaciji sa maticnim ",[],"[{""start"": 132, ""end"": 140, ""label"": ""GPU"", ""text"": ""turbinom""}]",[]
K0240,201,body,1,GRANICA_UZA,CPU,"st navedene graficke kartice je poverena

U kombinaciji sa maticnim plocama koje koriste

Intel-ove procesore

- DELL 755 - OS WIN 7-32 bit

- P5Q - E-8200 - OS WIN 10-64 bin

Proverite da ","[{""start"": 252, ""end"": 261, ""label"": ""CPU"", ""text"": ""Intel-ove""}]","[{""start"": 252, ""end"": 257, ""label"": ""CPU"", ""text"": ""Intel""}]",[]
K0241,202,body,3,SUVISNO,GPU,"Ispravna PCI-E graficka kartica

- Gigabyte

- GV-R4350C-512I

- 1 X HDMI izlaz

- 1 x DVI izlaz

- 1 x ",[],"[{""start"": 9, ""end"": 14, ""label"": ""GPU"", ""text"": ""PCI-E""}]",[]
K0242,202,body,3,PROPUSTENO,CPU,"rtice je poverena

U kombinaciji sa maticnim plocama koje koriste

Intel-ove procesore

- DELL 755 - OS WIN 7-32 bit

- P5K PRO - Q-6600 - OS WIN 10-64 bin

Proverite da li je ova kartica ","[{""start"": 269, ""end"": 277, ""label"": ""CPU"", ""text"": ""DELL 755""}]",[],"[{""start"": 269, ""end"": 273, ""label"": ""BRAND"", ""text"": ""DELL""}, {""start"": 274, ""end"": 277, ""label"": ""MODEL"", ""text"": ""755""}]"
K0243,202,body,3,PROPUSTENO,CPU,"ji sa maticnim plocama koje koriste

Intel-ove procesore

- DELL 755 - OS WIN 7-32 bit

- P5K PRO - Q-6600 - OS WIN 10-64 bin

Proverite da li je ova kartica kompatibilna

sa vasom maticn","[{""start"": 299, ""end"": 306, ""label"": ""CPU"", ""text"": ""P5K PRO""}]",[],"[{""start"": 299, ""end"": 306, ""label"": ""MODEL"", ""text"": ""P5K PRO""}]"
K0244,202,title,3,POGRESNA_OZNAKA,RAM,Grafička (162) Gigabyte GV-R4350C-512I,"[{""start"": 15, ""end"": 38, ""label"": ""RAM"", ""text"": ""Gigabyte GV-R4350C-512I""}]","[{""start"": 15, ""end"": 38, ""label"": ""GPU"", ""text"": ""Gigabyte GV-R4350C-512I""}]",[]
K0245,203,body,3,SUVISNO,GPU,"ventilator hladjenja

- potrebno kvalitetnije i jace napajanje za ovu karticu

- potreban 1 X 6 - to pinski konektor dodatnog napajanja

- Win index > 6.1/6.0

Ispravnost navedene graficke kartice je poverena

U kombinaciji s",[],"[{""start"": 225, ""end"": 270, ""label"": ""GPU"", ""text"": ""1 X 6 - to pinski konektor dodatnog napajanja""}]",[]
K0246,203,body,3,PROPUSTENO,GPU,"e za ovu karticu

- potreban 1 X 6 - to pinski konektor dodatnog napajanja

- Win index > 6.1/6.0

Ispravnost navedene graficke kartice je poverena

U kombinaciji sa maticnim plocama koje","[{""start"": 286, ""end"": 293, ""label"": ""GPU"", ""text"": ""6.1/6.0""}]",[],[]
K0247,203,body,3,GRANICA_SIRA,CPU,"st navedene graficke kartice je poverena

U kombinaciji sa maticnim plocama koje koriste

Intel-ove procesore

- DELL 840 - OS WIN 7-64 bit

- P5K PRO - Q-6600 - OS WIN 10-64 bin

Proverite","[{""start"": 393, ""end"": 398, ""label"": ""CPU"", ""text"": ""Intel""}]","[{""start"": 393, ""end"": 402, ""label"": ""CPU"", ""text"": ""Intel-ove""}]",[]
K0248,203,body,3,PROPUSTENO,CPU,"rtice je poverena

U kombinaciji sa maticnim plocama koje koriste

Intel-ove procesore

- DELL 840 - OS WIN 7-64 bit

- P5K PRO - Q-6600 - OS WIN 10-64 bin

Proverite da li je ova kartica ","[{""start"": 416, ""end"": 424, ""label"": ""CPU"", ""text"": ""DELL 840""}]",[],"[{""start"": 416, ""end"": 420, ""label"": ""BRAND"", ""text"": ""DELL""}, {""start"": 421, ""end"": 424, ""label"": ""MODEL"", ""text"": ""840""}]"
K0249,203,body,3,GRANICA_UZA,CPU,"ji sa maticnim plocama koje koriste

Intel-ove procesore

- DELL 840 - OS WIN 7-64 bit

- P5K PRO - Q-6600 - OS WIN 10-64 bin

Proverite da li je ova kartica kompatibilna

sa vasom maticnom plocom","[{""start"": 446, ""end"": 462, ""label"": ""CPU"", ""text"": ""P5K PRO - Q-6600""}]","[{""start"": 456, ""end"": 462, ""label"": ""CPU"", ""text"": ""Q-6600""}]","[{""start"": 446, ""end"": 453, ""label"": ""MODEL"", ""text"": ""P5K PRO""}]"
K0250,208,body,1,SPAJANJE,GPU," graficka za kompijuter.

Potrebno dodatno napajanje ( 6-pinski molex ).

Ram 256Mb ddr3

2 X DVI i tv izlaz.

Radna garancija 14 dana.","[{""start"": 104, ""end"": 111, ""label"": ""GPU"", ""text"": ""2 X DVI""}, {""start"": 114, ""end"": 116, ""label"": ""GPU"", ""text"": ""tv""}]","[{""start"": 104, ""end"": 122, ""label"": ""GPU"", ""text"": ""2 X DVI i tv izlaz""}]",[]
K0251,209,body,3,FRAGMENTACIJA,GPU,"Na prodaju odlična grafička karta Palit GeForce GTX 560 Ti sa 1GB GDDR5 memorije na 256bit-a, sa izlazima 1x VGA, 2x Dual-DVI i 1x HDMI. Inače Palit je čuveni i ","[{""start"": 34, ""end"": 71, ""label"": ""GPU"", ""text"": ""Palit GeForce GTX 560 Ti sa 1GB GDDR5""}]","[{""start"": 34, ""end"": 58, ""label"": ""GPU"", ""text"": ""Palit GeForce GTX 560 Ti""}, {""start"": 62, ""end"": 71, ""label"": ""GPU"", ""text"": ""1GB GDDR5""}]",[]
K0252,209,body,3,PROPUSTENO,GPU,"60 Ti sa 1GB GDDR5 memorije na 256bit-a, sa izlazima 1x VGA, 2x Dual-DVI i 1x HDMI. Inače Palit je čuveni i jedan od najvećih brendova u elektronskoj industriji što se tiče izrade grafi","[{""start"": 143, ""end"": 148, ""label"": ""GPU"", ""text"": ""Palit""}]",[],[]
K0253,209,body,3,PROPUSTENO,GPU," 2x6pin adaptera, troši 170W u punom opterećenju, tako da je potrebno brand napajanje bar od 450W prave snage! Dodatni priključak adapter 1x6pin je 250 din.

Karakteristike:

Proizvođač :","[{""start"": 564, ""end"": 571, ""label"": ""GPU"", ""text"": ""od 450W""}]",[],[]
K0254,210,body,4,FRAGMENTACIJA,GPU,"Na prodaju graficka karta

Gigabyte

5450 HD O.C.

ATI Radeon

512 Mb Gddr3

64 bit

Dvi

Vga

HDMI POZLACEN

aktivno hladjenje sa ventilatorom

DX 11

GPU Clock 700 Mhz

Memory CLock 1600 Mhz

Pci express 2.1

Maksimalna digitalna rezoluci","[{""start"": 27, ""end"": 150, ""label"": ""GPU"", ""text"": ""Gigabyte\n\n5450 HD O.C.\n\nATI Radeon\n\n512 Mb Gddr3\n\n64 bit\n\nDvi\n\nVga\n\nHDMI POZLACEN\n\naktivno hladjenje sa ventilatorom\n\nDX 11""}]","[{""start"": 27, ""end"": 35, ""label"": ""GPU"", ""text"": ""Gigabyte""}, {""start"": 37, ""end"": 49, ""label"": ""GPU"", ""text"": ""5450 HD O.C.""}, {""start"": 51, ""end"": 61, ""label"": ""GPU"", ""text"": ""ATI Radeon""}, {""start"": 63, ""end"": 75, ""label"": ""GPU"", ""text"": ""512 Mb Gddr3""}, {""start"": 77, ""end"": 83, ""label"": ""GPU"", ""text"": ""64 bit""}, {""start"": 85, ""end"": 88, ""label"": ""GPU"", ""text"": ""Dvi""}, {""start"": 90, ""end"": 93, ""label"": ""GPU"", ""text"": ""Vga""}, {""start"": 95, ""end"": 108, ""label"": ""GPU"", ""text"": ""HDMI POZLACEN""}, {""start"": 110, ""end"": 127, ""label"": ""GPU"", ""text"": ""aktivno hladjenje""}, {""start"": 131, ""end"": 143, ""label"": ""GPU"", ""text"": ""ventilatorom""}, {""start"": 145, ""end"": 150, ""label"": ""GPU"", ""text"": ""DX 11""}]",[]
K0255,210,body,4,FRAGMENTACIJA,GPU,"Memory CLock 1600 Mhz

Pci express 2.1

Maksimalna digitalna rezolucija 2K = 2560 X 1600

Multi- view na 2 monitora

Low profile

Duzina graficke 18 cm
Fiksna cena 3200 dinara
Proba pre kupovine kod mene na mom racunar","[{""start"": 261, ""end"": 299, ""label"": ""GPU"", ""text"": ""Multi- view na 2 monitora\n\nLow profile""}]","[{""start"": 261, ""end"": 272, ""label"": ""GPU"", ""text"": ""Multi- view""}, {""start"": 276, ""end"": 286, ""label"": ""GPU"", ""text"": ""2 monitora""}, {""start"": 288, ""end"": 299, ""label"": ""GPU"", ""text"": ""Low profile""}]",[]
K0256,211,body,3,GRANICA_SIRA,GPU,"
ASUS

ATI Radeon

HD 3650 Silent

- 512 Mb Gddr2

- 128 Bit

- DX 10.1

- 725 Mhz Gpu

- 1000 mhz Memory

- 320 Shader Cores

- Dual Dvi

- HDTV / S -Video Out

- Pci - Express 2.0 / 16x

- Maks","[{""start"": 152, ""end"": 160, ""label"": ""GPU"", ""text"": ""1000 mhz""}]","[{""start"": 152, ""end"": 167, ""label"": ""GPU"", ""text"": ""1000 mhz Memory""}]",[]
K0257,211,body,3,GRANICA_SIRA,GPU,"mory

- 320 Shader Cores

- Dual Dvi

- HDTV / S -Video Out

- Pci - Express 2.0 / 16x

- Maksimalna podrzana rezolucija (2K) (DVI) 2560 x 1600 pix

Full Hd (Hdmi 1920 x 1200

Vga 2048 x 1536 pix

- Maksimalna potrosnja graficke samo 48 ","[{""start"": 284, ""end"": 310, ""label"": ""GPU"", ""text"": ""(2K) (DVI) 2560 x 1600 pix""}]","[{""start"": 253, ""end"": 310, ""label"": ""GPU"", ""text"": ""Maksimalna podrzana rezolucija (2K) (DVI) 2560 x 1600 pix""}]",[]
K0258,211,body,3,GRANICA_SIRA,GPU,"

- Pci - Express 2.0 / 16x

- Maksimalna podrzana rezolucija (2K) (DVI) 2560 x 1600 pix

Full Hd (Hdmi 1920 x 1200

Vga 2048 x 1536 pix

- Maksimalna potrosnja graficke samo 48 W

- Nepohodno kvalitetno n","[{""start"": 321, ""end"": 337, ""label"": ""GPU"", ""text"": ""Hdmi 1920 x 1200""}]","[{""start"": 312, ""end"": 337, ""label"": ""GPU"", ""text"": ""Full Hd (Hdmi 1920 x 1200""}]",[]
K0259,211,body,3,SUVISNO,GPU," rezolucija (2K) (DVI) 2560 x 1600 pix

Full Hd (Hdmi 1920 x 1200

Vga 2048 x 1536 pix

- Maksimalna potrosnja graficke samo 48 W

- Nepohodno kvalitetno napajanje od bar 300 W

- Napaja se samo iz pc - expres",[],"[{""start"": 362, ""end"": 391, ""label"": ""GPU"", ""text"": ""Maksimalna potrosnja graficke""}]",[]
K0260,211,title,3,GRANICA_SIRA,GPU,Asus HD 3650 Ati Radeon 512 / 128 bit silent,"[{""start"": 0, ""end"": 37, ""label"": ""GPU"", ""text"": ""Asus HD 3650 Ati Radeon 512 / 128 bit""}]","[{""start"": 0, ""end"": 44, ""label"": ""GPU"", ""text"": ""Asus HD 3650 Ati Radeon 512 / 128 bit silent""}]",[]
K0261,214,body,4,FRAGMENTACIJA,GPU,"Na prodaju odlicna graficka karta N-VIDIA /GE - Force za PCI -EXPRESS slot

Gainward GT 440 1 GB/ 128 BIT

Tiha, hladna, stabilna u radu, ocuvana, sa jos uvek fabri","[{""start"": 34, ""end"": 74, ""label"": ""GPU"", ""text"": ""N-VIDIA /GE - Force za PCI -EXPRESS slot""}]","[{""start"": 34, ""end"": 53, ""label"": ""GPU"", ""text"": ""N-VIDIA /GE - Force""}, {""start"": 57, ""end"": 69, ""label"": ""GPU"", ""text"": ""PCI -EXPRESS""}]",[]
K0262,214,body,4,PROPUSTENO,GPU,"nara, bez ostalih predloga, molim.

Za stabilan rad neophodno kvalitetno napajanje od bar 300W,

u suprotnom, moze doci do ostecenja iste.

Licno kod mene, uz prethodnu probu na mom ra","[{""start"": 512, ""end"": 516, ""label"": ""GPU"", ""text"": ""300W""}]",[],[]
K0263,216,body,3,SUVISNO,GPU,"talih predloga, molim.

Na prodaju koriscena, ispravna N Vidia Ge Force graficka karta za Agp slot!

Model 5200, 128 MB

Konektori: VGA, TV-O (s-video input) i DVI!

Maximalna podrzan",[],"[{""start"": 140, ""end"": 143, ""label"": ""GPU"", ""text"": ""Agp""}]",[]
K0264,216,body,3,FRAGMENTACIJA,GPU,"olim.

Na prodaju koriscena, ispravna N Vidia Ge Force graficka karta za Agp slot!

Model 5200, 128 MB

Konektori: VGA, TV-O (s-video input) i DVI!

Maximalna podrzana rezolucija 2048 x 1536!
","[{""start"": 157, ""end"": 169, ""label"": ""GPU"", ""text"": ""5200, 128 MB""}]","[{""start"": 157, ""end"": 161, ""label"": ""GPU"", ""text"": ""5200""}, {""start"": 163, ""end"": 169, ""label"": ""GPU"", ""text"": ""128 MB""}]",[]
K0265,216,title,3,SUVISNO,GPU,Agp grafička Ge Force FX 5200 visokoprofilna!,[],"[{""start"": 0, ""end"": 3, ""label"": ""GPU"", ""text"": ""Agp""}]",[]
K0266,216,title,3,SUVISNO,GPU,Agp grafička Ge Force FX 5200 visokoprofilna!,[],"[{""start"": 30, ""end"": 44, ""label"": ""GPU"", ""text"": ""visokoprofilna""}]",[]
K0267,217,body,1,SUVISNO,GPU,"PowerColor Red Devil Radeon RX 570 4GB GDDR5 grafika

Cena je za 1 komad. Cena za vise na upit(dostupno 12 komada)",[],"[{""start"": 65, ""end"": 72, ""label"": ""GPU"", ""text"": ""1 komad""}]",[]
K0268,217,body,1,SUVISNO,GPU," Devil Radeon RX 570 4GB GDDR5 grafika

Cena je za 1 komad. Cena za vise na upit(dostupno 12 komada)",[],"[{""start"": 104, ""end"": 113, ""label"": ""GPU"", ""text"": ""12 komada""}]",[]
K0269,220,body,4,FRAGMENTACIJA,GPU,"gejmerska graficka karta sa prilozenih slika, malo koricena, i u svakom smislu kao nova!

Gainward RTX 3060 model Ghost! Dual Fan

12 Gb DDR6 rama , 192 bita. . . Dx 12.2

Stanje 10/10, kao nova, tiha, hladna, stabilna!","[{""start"": 110, ""end"": 149, ""label"": ""GPU"", ""text"": ""Gainward RTX 3060 model Ghost! Dual Fan""}]","[{""start"": 110, ""end"": 127, ""label"": ""GPU"", ""text"": ""Gainward RTX 3060""}, {""start"": 134, ""end"": 149, ""label"": ""GPU"", ""text"": ""Ghost! Dual Fan""}]",[]
K0270,220,body,4,SPAJANJE,GPU,", i u svakom smislu kao nova!

Gainward RTX 3060 model Ghost! Dual Fan

12 Gb DDR6 rama , 192 bita. . . Dx 12.2

Stanje 10/10, kao nova, tiha, hladna, stabilna! Kupljena nova sredinom 2021. god. (van g","[{""start"": 169, ""end"": 177, ""label"": ""GPU"", ""text"": ""192 bita""}, {""start"": 183, ""end"": 190, ""label"": ""GPU"", ""text"": ""Dx 12.2""}]","[{""start"": 169, ""end"": 190, ""label"": ""GPU"", ""text"": ""192 bita. . . Dx 12.2""}]",[]
K0271,220,body,4,PROPUSTENO,GPU,"bita. . . Dx 12.2

Stanje 10/10, kao nova, tiha, hladna, stabilna! Kupljena nova sredinom 2021. god. (van garancije). Graficka u original antistatik zastitnoj kesi, gumiranom stiroporu, kut","[{""start"": 263, ""end"": 272, ""label"": ""GPU"", ""text"": ""2021. god""}]",[],[]
K0272,220,body,4,GRANICA_SIRA,GPU,"vima dobra do vrlo dobra za gejming i na 4k rezoluciji!

Оbavezno kvalitetno napajanje od najmanje 450W-500W sa bar 38 Ampera i 1x8 pin za napajanje ove graficke karte, u suprotnom moze doci do oste","[{""start"": 785, ""end"": 794, ""label"": ""GPU"", ""text"": ""450W-500W""}]","[{""start"": 776, ""end"": 794, ""label"": ""GPU"", ""text"": ""najmanje 450W-500W""}]",[]
K0273,220,body,4,SPAJANJE,CENA,"o nov i savrseno ocuvan predmet,kako ne bi doslo do eventualnih nesuglasica.

Fiksna cena 35400 dinara / 300 eura, bez ostalih predloga, molim.","[{""start"": 1383, ""end"": 1395, ""label"": ""CENA"", ""text"": ""35400 dinara""}, {""start"": 1398, ""end"": 1406, ""label"": ""CENA"", ""text"": ""300 eura""}]","[{""start"": 1383, ""end"": 1406, ""label"": ""CENA"", ""text"": ""35400 dinara / 300 eura""}]",[]
K0274,221,body,2,SUVISNO,GPU,"sing 28 nm technological process. The graphics card is clocked at 1.006 GHz, and supports boost technology, that can increase operating frequency up to 1.058 GHz. It also has 1536 CUDA cores, 128 ",[],"[{""start"": 269, ""end"": 285, ""label"": ""GPU"", ""text"": ""boost technology""}]",[]
K0275,221,body,2,SPAJANJE,GPU,"orts boost technology, that can increase operating frequency up to 1.058 GHz. It also has 1536 CUDA cores, 128 texture units, and 32 ROPs. The GeForce GTX 680 has 2 GB of GDDR5 memory. The memory utilizes 256 bit interface, and","[{""start"": 354, ""end"": 369, ""label"": ""GPU"", ""text"": ""1536 CUDA cores""}, {""start"": 371, ""end"": 388, ""label"": ""GPU"", ""text"": ""128 texture units""}, {""start"": 394, ""end"": 401, ""label"": ""GPU"", ""text"": ""32 ROPs""}]","[{""start"": 354, ""end"": 401, ""label"": ""GPU"", ""text"": ""1536 CUDA cores, 128 texture units, and 32 ROPs""}]",[]
K0276,221,body,2,GRANICA_SIRA,GPU,"The maximum power draw of this model is 195 Watt, on a par with the reference design. The Point of View GeForce GTX 680 is compatible with SLI technology, and will perform considerably better in games when use","[{""start"": 744, ""end"": 759, ""label"": ""GPU"", ""text"": ""GeForce GTX 680""}]","[{""start"": 730, ""end"": 759, ""label"": ""GPU"", ""text"": ""Point of View GeForce GTX 680""}]",[]
K0277,221,body,2,GRANICA_SIRA,GPU," on a par with the reference design. The Point of View GeForce GTX 680 is compatible with SLI technology, and will perform considerably better in games when used with similar GPUs (up to 3 in to","[{""start"": 779, ""end"": 782, ""label"": ""GPU"", ""text"": ""SLI""}]","[{""start"": 779, ""end"": 793, ""label"": ""GPU"", ""text"": ""SLI technology""}]",[]
K0278,221,body,2,SPAJANJE,GPU,"spravnu graficku karticu

4gb ddr5 256 bita

svi podaci se vide na slikama

trazi dodatno 8 pin i 6 pin napajanje

temperature su normalne

Preuzimanje Beograd Novi Sad Kikinda Subotica Zrenjan","[{""start"": 990, ""end"": 995, ""label"": ""GPU"", ""text"": ""8 pin""}, {""start"": 998, ""end"": 1003, ""label"": ""GPU"", ""text"": ""6 pin""}]","[{""start"": 990, ""end"": 1003, ""label"": ""GPU"", ""text"": ""8 pin i 6 pin""}]",[]
K0279,222,body,3,SUVISNO,GPU,"cna graficka kartica Rtx 3060ti zotac

Kartica je u dobrom stanju, temperature perfketne, ne prelazi 65c u full loadu, kuleri dobri, sve u potpunosti ispravno",[],"[{""start"": 105, ""end"": 132, ""label"": ""GPU"", ""text"": ""ne prelazi 65c u full loadu""}]",[]
K0280,222,title,3,GRANICA_SIRA,GPU,Zotac RTX 3060 Ti kao nova,"[{""start"": 0, ""end"": 14, ""label"": ""GPU"", ""text"": ""Zotac RTX 3060""}]","[{""start"": 0, ""end"": 17, ""label"": ""GPU"", ""text"": ""Zotac RTX 3060 Ti""}]",[]
K0281,227,body,1,GRANICA_SIRA,GPU,"8GB HBM2 memorija

Referentni (blower) dizajn hlađenja

Stabilan rad, testirana kartica

Idealna za 1080p / 1440p gaming i GPU workload

Kartica","[{""start"": 19, ""end"": 38, ""label"": ""GPU"", ""text"": ""Referentni (blower)""}]","[{""start"": 19, ""end"": 54, ""label"": ""GPU"", ""text"": ""Referentni (blower) dizajn hlađenja""}]",[]
K0282,228,title,3,SUVISNO,CPU,GeForce GTX 1050 Ti Low Profile 4G + Poklon Ryzen,[],"[{""start"": 44, ""end"": 49, ""label"": ""CPU"", ""text"": ""Ryzen""}]",[]
K0283,239,body,3,GRANICA_UZA,CPU,"Laptop Gateway SA1

Intel Pentium Dual Core T2330 na 2x1.60Ghz.

Memorija 3GB

Intel

HDD 160GB

DVD-RW

Stereo speakers , microphone, camera

Wi-Fi, LAN","[{""start"": 53, ""end"": 63, ""label"": ""CPU"", ""text"": ""2x1.60Ghz.""}]","[{""start"": 53, ""end"": 62, ""label"": ""CPU"", ""text"": ""2x1.60Ghz""}]",[]
K0284,239,body,3,PROPUSTENO,CPU,"Laptop Gateway SA1

Intel Pentium Dual Core T2330 na 2x1.60Ghz.

Memorija 3GB

Intel

HDD 160GB

DVD-RW

Stereo speakers , microphone, camera

Wi-Fi, LAN, SD-MMC 6 in 1 card ","[{""start"": 79, ""end"": 84, ""label"": ""CPU"", ""text"": ""Intel""}]",[],[]
K0285,239,body,3,SUVISNO,SKLADISTE,"Gateway SA1

Intel Pentium Dual Core T2330 na 2x1.60Ghz.

Memorija 3GB

Intel

HDD 160GB

DVD-RW

Stereo speakers , microphone, camera

Wi-Fi, LAN, SD-MMC 6 in 1 card reader

VGA

LED 15",[],"[{""start"": 97, ""end"": 103, ""label"": ""SKLADISTE"", ""text"": ""DVD-RW""}]",[]
K0286,242,body,2,SPAJANJE,CPU,"ćen.
Dolazi u kompletu sa originalnim punjačem.

Evo i nekoliko karakteristika:
Procesor: Intel i5-8365U 4 jezgra i 8 tredova (do 4. 1Ghz po jezgru)
Ekran: 13. 3"" dijagonale IPS Anti-Glare, 250 nits (1920 x 1. 080 px)
Memorija: 8GB DDR4 3","[{""start"": 184, ""end"": 198, ""label"": ""CPU"", ""text"": ""Intel i5-8365U""}, {""start"": 199, ""end"": 207, ""label"": ""CPU"", ""text"": ""4 jezgra""}, {""start"": 210, ""end"": 219, ""label"": ""CPU"", ""text"": ""8 tredova""}, {""start"": 221, ""end"": 231, ""label"": ""CPU"", ""text"": ""do 4. 1Ghz""}]","[{""start"": 184, ""end"": 242, ""label"": ""CPU"", ""text"": ""Intel i5-8365U 4 jezgra i 8 tredova (do 4. 1Ghz po jezgru)""}]",[]
K0287,242,body,2,SPAJANJE,SKLADISTE,"50 nits (1920 x 1. 080 px)
Memorija: 8GB DDR4 3200 MHz
Hard disk: SKHynix 256GB m. 2 SSD (citanje 3. 702 MB/s, pisanje 1. 783 MB/s)
Grafika: Intel UHD Graphics
Konektori: 2 x USB 3. 2 Type A, 2 x USB Type C (4. 0, Thunde","[{""start"": 383, ""end"": 394, ""label"": ""SKLADISTE"", ""text"": ""3. 702 MB/s""}, {""start"": 404, ""end"": 415, ""label"": ""SKLADISTE"", ""text"": ""1. 783 MB/s""}]","[{""start"": 375, ""end"": 415, ""label"": ""SKLADISTE"", ""text"": ""citanje 3. 702 MB/s, pisanje 1. 783 MB/s""}]",[]
K0288,243,body,1,SPAJANJE,CPU,"i hp adapter/punjač od 200w.

Evo i nekoliko karakteristika:

procesor: intel i7-8850h sa 6 jezgra i 12 tredova (6 core, 9m cache / 2.6ghz, up to 4.3ghz)

ekran: 17.3"" led full-hd ips edp (1920 x 1080), 300 nits sa ambient light senzorom

memo","[{""start"": 409, ""end"": 417, ""label"": ""CPU"", ""text"": ""6 jezgra""}, {""start"": 420, ""end"": 472, ""label"": ""CPU"", ""text"": ""12 tredova (6 core, 9m cache / 2.6ghz, up to 4.3ghz)""}]","[{""start"": 409, ""end"": 472, ""label"": ""CPU"", ""text"": ""6 jezgra i 12 tredova (6 core, 9m cache / 2.6ghz, up to 4.3ghz)""}]",[]
K0289,243,body,1,GRANICA_SIRA,RAM,"n: 17.3"" led full-hd ips edp (1920 x 1080), 300 nits sa ambient light senzorom

memorija: 32gb ddr4 2667mhz maximalno 64gb (2 slota slobodna)

hard disk: sandisk 512gb m.2 pcie nvme ssd

grafika #1: intel uhd graphics 630

grafika ","[{""start"": 568, ""end"": 600, ""label"": ""RAM"", ""text"": ""32gb ddr4 2667mhz maximalno 64gb""}]","[{""start"": 568, ""end"": 619, ""label"": ""RAM"", ""text"": ""32gb ddr4 2667mhz maximalno 64gb (2 slota slobodna)""}]",[]
K0290,243,body,1,SPAJANJE,GPU,"rd disk: sandisk 512gb m.2 pcie nvme ssd

grafika #1: intel uhd graphics 630

grafika #2: nvidia quadro p3200 6gb gddr5 vram; microsoft directx 12 (shader model 5.0)

konektori: lan rj45 gigabit, 3 x usb 3.2 gen 1 (3.1 gen 1) type-a ports quantity, mini d","[{""start"": 713, ""end"": 742, ""label"": ""GPU"", ""text"": ""nvidia quadro p3200 6gb gddr5""}, {""start"": 749, ""end"": 788, ""label"": ""GPU"", ""text"": ""microsoft directx 12 (shader model 5.0)""}]","[{""start"": 713, ""end"": 788, ""label"": ""GPU"", ""text"": ""nvidia quadro p3200 6gb gddr5 vram; microsoft directx 12 (shader model 5.0)""}]",[]
K0291,243,body,1,SUVISNO,GPU,"l 5.0)

konektori: lan rj45 gigabit, 3 x usb 3.2 gen 1 (3.1 gen 1) type-a ports quantity, mini displayport 1.3, hdmi port, 2 x usb type c port, čitač elektronskih dokumenata, sd čitač, audio/microfon port

zvuk:",[],"[{""start"": 872, ""end"": 903, ""label"": ""GPU"", ""text"": ""mini displayport 1.3, hdmi port""}]",[]
K0292,243,body,1,PROPUSTENO,SKLADISTE,"ity, mini displayport 1.3, hdmi port, 2 x usb type c port, čitač elektronskih dokumenata, sd čitač, audio/microfon port

zvuk: bang & olufsen hd audio

kamera: 720p hd infrared (near","[{""start"": 957, ""end"": 959, ""label"": ""SKLADISTE"", ""text"": ""sd""}]",[],[]
K0293,246,body,3,SUVISNO,CPU,"MacBook pro 2010, 500gb, 8gb RAM, 15"" ekran, intel + nvidia grafika, original punjac MagSafe 1 85w T konektor. Detaljnije specifikacije u sl",[],"[{""start"": 45, ""end"": 50, ""label"": ""CPU"", ""text"": ""intel""}]",[]
K0294,246,body,3,SUVISNO,GPU,"MacBook pro 2010, 500gb, 8gb RAM, 15"" ekran, intel + nvidia grafika, original punjac MagSafe 1 85w T konektor. Detaljnije specifikacije u slikama ogl",[],"[{""start"": 53, ""end"": 59, ""label"": ""GPU"", ""text"": ""nvidia""}]",[]
K0295,249,body,3,SUVISNO,CPU,ati na maksimalnom osvetljenju (Youtube). Punjač je originalan. Prodajem ga samo zato što AMD nije kompatibilan sa gorepomenutim DJ programom (Rekordbox). Inače je redak laptop sa dve,[],"[{""start"": 231, ""end"": 234, ""label"": ""CPU"", ""text"": ""AMD""}]",[]
K0296,249,body,3,GRANICA_SIRA,RAM,"en 3 2200u; 2. 5GHz (up to 3. 4GHz)
GPU1: AMD Radeon Vega 3
GPU2: AMD Radeon 535 2GB
RAM: 8GB (4+4)
HDD: 1TB
SSD: 128GB M. 2
Ekran: 15. 6"" FHD LED backlight
Rezolucija: 1920 x 1080 piksela
","[{""start"": 628, ""end"": 631, ""label"": ""RAM"", ""text"": ""8GB""}]","[{""start"": 628, ""end"": 637, ""label"": ""RAM"", ""text"": ""8GB (4+4)""}]",[]
K0297,250,body,4,SUVISNO,SKLADISTE,"eta. Baterija drzi oko 1h i ide sa punjacem. Laptop je pun multimedije, digitalna kamera, DVD-RW, wireles, HDMI, USB 3x, citac memorijskih kartica. . . . Konfiguracija je sledeca:

Proce",[],"[{""start"": 275, ""end"": 281, ""label"": ""SKLADISTE"", ""text"": ""DVD-RW""}]",[]
K0298,250,body,4,POGRESNA_OZNAKA,RAM," je sledeca:

Procesor - Intel Core i5, 2430 M 2.60 GHz

Ram memorija - 8 GB

Hard disk - 500 GB

Graficka kartica - Intel HD 3000

- AMD Radeon HD 7470m

Instaliran WIN 10, sa svim draj","[{""start"": 442, ""end"": 448, ""label"": ""RAM"", ""text"": ""500 GB""}]","[{""start"": 442, ""end"": 448, ""label"": ""SKLADISTE"", ""text"": ""500 GB""}]",[]
K0299,263,body,1,SPAJANJE,GPU,"ena termalna pasta. Spreman za aktivno koriscnje.

Procesor: AMD Phenom II P960

Grafika: AMD Mobility Radeon HD 5450/5470

RAM: 4GB DDR3

Harddisk: 320HDD

Monitor: 15.6”, HD (1366 x 768), TN

Webcam: Da

Bateri","[{""start"": 206, ""end"": 233, ""label"": ""GPU"", ""text"": ""AMD Mobility Radeon HD 5450""}, {""start"": 234, ""end"": 238, ""label"": ""GPU"", ""text"": ""5470""}]","[{""start"": 206, ""end"": 238, ""label"": ""GPU"", ""text"": ""AMD Mobility Radeon HD 5450/5470""}]",[]
K0300,263,body,1,GRANICA_SIRA,SKLADISTE,": AMD Phenom II P960

Grafika: AMD Mobility Radeon HD 5450/5470

RAM: 4GB DDR3

Harddisk: 320HDD

Monitor: 15.6”, HD (1366 x 768), TN

Webcam: Da

Baterija: 2h+

Punjac ide uz laptop","[{""start"": 265, ""end"": 268, ""label"": ""SKLADISTE"", ""text"": ""320""}]","[{""start"": 265, ""end"": 271, ""label"": ""SKLADISTE"", ""text"": ""320HDD""}]",[]
K0301,267,body,3,SUVISNO,GPU,"r Intel Atom N455 1.66 GHz
Ram memorija 1Gb ddr2
Hard disk 160 Gb sata
Ekran 10.1
Grafika Intel
Wifi, Vga, USB, mem reader. ..
Prodaje se sa punjacem.",[],"[{""start"": 259, ""end"": 264, ""label"": ""GPU"", ""text"": ""Intel""}]",[]
K0302,268,body,4,SUVISNO,SKLADISTE,"000 Gb sata
Ram memorija 4 Gb ddr2
Grafika Nvidia Quadro FX770M
Ekran 15.4 led
Hdmi, vga, dvd, usb, wifi. ..
Odlican i kvalitetan laptop, super u radu, prodaje se sa punjacem.",[],"[{""start"": 309, ""end"": 312, ""label"": ""SKLADISTE"", ""text"": ""dvd""}]",[]
K0303,274,body,1,SUVISNO,SKLADISTE," DDR3 1333MHz
Grafička karta NVIDIA GeForce 525M 1GB
Hard disk 640GB SATA2
Optički uređaj DVD RW
Bežicna mreža Wireless 802.11b/g/n, Bluetooth
Mrežni adapter Ethernet RJ45 10/100Mbps
Pov",[],"[{""start"": 199, ""end"": 205, ""label"": ""SKLADISTE"", ""text"": ""DVD RW""}]",[]
K0304,278,body,2,SPAJANJE,SKLADISTE,"

- Procesor Intel Celeron(R) 560

2130 Mhz / 1 Mb / 533 MHz

- Memorija 2 Gb DDR2

- HDD 160 Gb - 100/100%

- Integrisana graficka kartica Mobile Intel(R)

965GM Expres Chipset - 128 Mb

- LCD dis","[{""start"": 157, ""end"": 163, ""label"": ""SKLADISTE"", ""text"": ""160 Gb""}, {""start"": 166, ""end"": 174, ""label"": ""SKLADISTE"", ""text"": ""100/100%""}]","[{""start"": 157, ""end"": 174, ""label"": ""SKLADISTE"", ""text"": ""160 Gb - 100/100%""}]",[]
K0305,278,body,2,SUVISNO,GPU,"leron(R) 560

2130 Mhz / 1 Mb / 533 MHz

- Memorija 2 Gb DDR2

- HDD 160 Gb - 100/100%

- Integrisana graficka kartica Mobile Intel(R)

965GM Expres Chipset - 128 Mb

- LCD displej ocuvan dij",[],"[{""start"": 178, ""end"": 189, ""label"": ""GPU"", ""text"": ""Integrisana""}]",[]
K0306,278,body,2,SPAJANJE,GPU,"orija 2 Gb DDR2

- HDD 160 Gb - 100/100%

- Integrisana graficka kartica Mobile Intel(R)

965GM Expres Chipset - 128 Mb

- LCD displej ocuvan dijagonele 15.4 inc

- Wifi

- bluetooth

- Cardreader

- DVR RW

-","[{""start"": 224, ""end"": 244, ""label"": ""GPU"", ""text"": ""965GM Expres Chipset""}, {""start"": 247, ""end"": 253, ""label"": ""GPU"", ""text"": ""128 Mb""}]","[{""start"": 224, ""end"": 253, ""label"": ""GPU"", ""text"": ""965GM Expres Chipset - 128 Mb""}]",[]
K0307,278,body,2,SUVISNO,SKLADISTE," - 128 Mb

- LCD displej ocuvan dijagonele 15.4 inc

- Wifi

- bluetooth

- Cardreader

- DVR RW

- baterija - OK

- Original HP punjac 65 W

- WIN XP / WIN 7 - 32 bit

- Win index 2,0 .",[],"[{""start"": 334, ""end"": 340, ""label"": ""SKLADISTE"", ""text"": ""DVR RW""}]",[]
K0308,278,body,2,FRAGMENTACIJA,CPU,"ex 2,0 . . .

- Cena - 6500 din

Ispravan laptop HP Compaq 6730s - broj (088)

- Procesor Intel(R) Core(TM) 2 Duo CPU T5870

2 X 2000 Mhz / 2 Mb / 800 MHz

- Memorija 3 Gb DDR2

- HDD Hitachi 320 Gb (80 Gb Sistem ","[{""start"": 512, ""end"": 545, ""label"": ""CPU"", ""text"": ""Intel(R) Core(TM) 2 Duo CPU T5870""}]","[{""start"": 512, ""end"": 535, ""label"": ""CPU"", ""text"": ""Intel(R) Core(TM) 2 Duo""}, {""start"": 540, ""end"": 545, ""label"": ""CPU"", ""text"": ""T5870""}]",[]
K0309,278,body,2,SPAJANJE,SKLADISTE,"l(R) Core(TM) 2 Duo CPU T5870

2 X 2000 Mhz / 2 Mb / 800 MHz

- Memorija 3 Gb DDR2

- HDD Hitachi 320 Gb (80 Gb Sistem + 240 Gb DATA)

- Integrisana graficka kartica Ati Radeon 320 HD

320 Mb

- LCD displej ocuvan dijagonel","[{""start"": 606, ""end"": 620, ""label"": ""SKLADISTE"", ""text"": ""Hitachi 320 Gb""}, {""start"": 622, ""end"": 627, ""label"": ""SKLADISTE"", ""text"": ""80 Gb""}, {""start"": 637, ""end"": 643, ""label"": ""SKLADISTE"", ""text"": ""240 Gb""}]","[{""start"": 606, ""end"": 649, ""label"": ""SKLADISTE"", ""text"": ""Hitachi 320 Gb (80 Gb Sistem + 240 Gb DATA)""}]",[]
K0310,278,body,2,SUVISNO,GPU," Mb / 800 MHz

- Memorija 3 Gb DDR2

- HDD Hitachi 320 Gb (80 Gb Sistem + 240 Gb DATA)

- Integrisana graficka kartica Ati Radeon 320 HD

320 Mb

- LCD displej ocuvan dijagonele 15.4 inc

- W",[],"[{""start"": 653, ""end"": 664, ""label"": ""GPU"", ""text"": ""Integrisana""}]",[]
K0311,278,body,2,SUVISNO,SKLADISTE,"

- LCD displej ocuvan dijagonele 15.4 inc

- Wifi, bluetooth, cardreader, serijski port, DVR RW

- baterija - odlicna 3h 40 min / 97%

- punjac 65 W

- ocuvan web camera

- WIN 7 - 32 b",[],"[{""start"": 797, ""end"": 803, ""label"": ""SKLADISTE"", ""text"": ""DVR RW""}]",[]
K0312,278,body,2,FRAGMENTACIJA,CPU,"era

- WIN 7 - 32 bit

- Cena - 7000 din

Ispravan laptop HP 530 - broj (089)

- Procesor Intel(R) Core(TM) 2 Duo CPU T5200

1600 Mhz / 2 Mb / 533 MHz

- Memorija 3 Gb DDR2

- HDD 500 Gb (80 Gb Sistem + 420 Gb DAT","[{""start"": 964, ""end"": 997, ""label"": ""CPU"", ""text"": ""Intel(R) Core(TM) 2 Duo CPU T5200""}]","[{""start"": 964, ""end"": 987, ""label"": ""CPU"", ""text"": ""Intel(R) Core(TM) 2 Duo""}, {""start"": 992, ""end"": 997, ""label"": ""CPU"", ""text"": ""T5200""}]",[]
K0313,278,body,2,SPAJANJE,SKLADISTE,"Intel(R) Core(TM) 2 Duo CPU T5200

1600 Mhz / 2 Mb / 533 MHz

- Memorija 3 Gb DDR2

- HDD 500 Gb (80 Gb Sistem + 420 Gb DATA)

- Integrisana graficka kartica

Mobile Intel(R) 945 Expres Chipset

Intel(R) GMA 950 - 1","[{""start"": 1054, ""end"": 1060, ""label"": ""SKLADISTE"", ""text"": ""500 Gb""}, {""start"": 1062, ""end"": 1067, ""label"": ""SKLADISTE"", ""text"": ""80 Gb""}, {""start"": 1077, ""end"": 1083, ""label"": ""SKLADISTE"", ""text"": ""420 Gb""}]","[{""start"": 1054, ""end"": 1089, ""label"": ""SKLADISTE"", ""text"": ""500 Gb (80 Gb Sistem + 420 Gb DATA)""}]",[]
K0314,278,body,2,SUVISNO,GPU," Mhz / 2 Mb / 533 MHz

- Memorija 3 Gb DDR2

- HDD 500 Gb (80 Gb Sistem + 420 Gb DATA)

- Integrisana graficka kartica

Mobile Intel(R) 945 Expres Chipset

Intel(R) GMA 950 - 128 Mb

- LCD di",[],"[{""start"": 1093, ""end"": 1104, ""label"": ""GPU"", ""text"": ""Integrisana""}]",[]
K0315,278,body,2,SPAJANJE,GPU,"istem + 420 Gb DATA)

- Integrisana graficka kartica

Mobile Intel(R) 945 Expres Chipset

Intel(R) GMA 950 - 128 Mb

- LCD displej ocuvan dijagonele 15.4 inc

- Wifi

- cardreader

- serijski port

- DVR R","[{""start"": 1159, ""end"": 1175, ""label"": ""GPU"", ""text"": ""Intel(R) GMA 950""}, {""start"": 1178, ""end"": 1184, ""label"": ""GPU"", ""text"": ""128 Mb""}]","[{""start"": 1159, ""end"": 1184, ""label"": ""GPU"", ""text"": ""Intel(R) GMA 950 - 128 Mb""}]",[]
K0316,278,body,2,SUVISNO,SKLADISTE,"28 Mb

- LCD displej ocuvan dijagonele 15.4 inc

- Wifi

- cardreader

- serijski port

- DVR RW

- baterija - 1h 38 min / 95%

- punjac 65 W

- WIN 7 - 32 bit

- Cena - 5800 din",[],"[{""start"": 1269, ""end"": 1275, ""label"": ""SKLADISTE"", ""text"": ""DVR RW""}]",[]
K0317,279,body,1,SUVISNO,SKLADISTE,"- SATA

- baterija - mrtva

- Apple VGA izlaz

- punjac

- solidno ocuvan

- bluetooth

- CD RW

- camera

- WIFI

- NOV SVEZ Operativni sistem Mac OS X Lion 10.7.5

-Cena - 5400 din

I",[],"[{""start"": 378, ""end"": 383, ""label"": ""SKLADISTE"", ""text"": ""CD RW""}]",[]
K0318,279,body,1,SUVISNO,SKLADISTE,"160 GB

- baterija - MRTVA

- Apple VGA izlaz

- punjac

- solidno ocuvan

- bluetooth

- CD-RW

- camera

- WIFI . . .

- Nov svez Operativni sistem Mac OS X Lion 10.7.5

- Cena - 5400",[],"[{""start"": 810, ""end"": 815, ""label"": ""SKLADISTE"", ""text"": ""CD-RW""}]",[]
K0319,280,body,2,SUVISNO,GPU,"isk: 750 GB

Displej: 15.6 inca LED

Grafika: Intel HD 5500

Kamera

Wireless

Bluetooth

HDMI

USB 3.0

VGA

LAN

Baterija oko sat vremena

Originalni punjac ide uz laptop

Instaliran",[],"[{""start"": 278, ""end"": 282, ""label"": ""GPU"", ""text"": ""HDMI""}]",[]
K0320,280,body,2,SUVISNO,GPU,"splej: 15.6 inca LED

Grafika: Intel HD 5500

Kamera

Wireless

Bluetooth

HDMI

USB 3.0

VGA

LAN

Baterija oko sat vremena

Originalni punjac ide uz laptop

Instaliran je Win 10 ope",[],"[{""start"": 293, ""end"": 296, ""label"": ""GPU"", ""text"": ""VGA""}]",[]
K0321,286,body,4,FRAGMENTACIJA,CPU,"kidno 4.5 sata

velicine panela je 14 inca rezolucija 1920x1080 pix FULL HD LED

procesor intel core i7 5600u na 2.60ghz turbo 3.20ghz 4mb cache

128gb ssd perfektan 100/90 radio samo 103 dana 2,5 inca sata ssd

8gb ddr3

intel hd gra","[{""start"": 432, ""end"": 486, ""label"": ""CPU"", ""text"": ""intel core i7 5600u na 2.60ghz turbo 3.20ghz 4mb cache""}]","[{""start"": 432, ""end"": 451, ""label"": ""CPU"", ""text"": ""intel core i7 5600u""}, {""start"": 455, ""end"": 486, ""label"": ""CPU"", ""text"": ""2.60ghz turbo 3.20ghz 4mb cache""}]",[]
K0322,286,body,4,SUVISNO,SKLADISTE,"LED

procesor intel core i7 5600u na 2.60ghz turbo 3.20ghz 4mb cache

128gb ssd perfektan 100/90 radio samo 103 dana 2,5 inca sata ssd

8gb ddr3

intel hd grafika 5500

nVidia geForce 84",[],"[{""start"": 508, ""end"": 514, ""label"": ""SKLADISTE"", ""text"": ""100/90""}]",[]
K0323,286,body,4,GRANICA_SIRA,SKLADISTE,"l core i7 5600u na 2.60ghz turbo 3.20ghz 4mb cache

128gb ssd perfektan 100/90 radio samo 103 dana 2,5 inca sata ssd

8gb ddr3

intel hd grafika 5500

nVidia geForce 840m 2gb svoje memorije

tastatura s","[{""start"": 535, ""end"": 548, ""label"": ""SKLADISTE"", ""text"": ""2,5 inca sata""}]","[{""start"": 526, ""end"": 548, ""label"": ""SKLADISTE"", ""text"": ""103 dana 2,5 inca sata""}]",[]
K0324,286,body,4,FRAGMENTACIJA,GPU,"hz 4mb cache

128gb ssd perfektan 100/90 radio samo 103 dana 2,5 inca sata ssd

8gb ddr3

intel hd grafika 5500

nVidia geForce 840m 2gb svoje memorije

tastatura svetleca

moze licno preuzeti u dole navedene gradove
BEOGRAD
Z","[{""start"": 564, ""end"": 610, ""label"": ""GPU"", ""text"": ""intel hd grafika 5500\n\nnVidia geForce 840m 2gb""}]","[{""start"": 564, ""end"": 572, ""label"": ""GPU"", ""text"": ""intel hd""}, {""start"": 581, ""end"": 585, ""label"": ""GPU"", ""text"": ""5500""}, {""start"": 587, ""end"": 610, ""label"": ""GPU"", ""text"": ""nVidia geForce 840m 2gb""}]",[]
K0325,287,body,4,SUVISNO,GPU," Cache 2MB
Memory: RAM 2GB DDR3
Graphics: Intel Integrated HD Graphics
Dedicated Graphics No
Storage: 32eMMC
Connectivity:
Wi-Fi standards supported 802.11 ac
Bluetooth version 4.1
I",[],"[{""start"": 346, ""end"": 348, ""label"": ""GPU"", ""text"": ""No""}]",[]
K0326,288,body,1,SPAJANJE,CPU,"Karakteristike

Ekran: 15.6-inch HD (1366x768) 16:9 aspect ratio, LED Backlit

Procesor: AMD E1 2100 Processor 1.00ghz

Memorija: 4GB DDR3

Hard disk: 500gb perfektan 100/100

Graficka karta: AMD RADEON HD 82","[{""start"": 89, ""end"": 100, ""label"": ""CPU"", ""text"": ""AMD E1 2100""}, {""start"": 111, ""end"": 118, ""label"": ""CPU"", ""text"": ""1.00ghz""}]","[{""start"": 89, ""end"": 118, ""label"": ""CPU"", ""text"": ""AMD E1 2100 Processor 1.00ghz""}]",[]
K0327,288,body,1,SUVISNO,SKLADISTE,"

Procesor: AMD E1 2100 Processor 1.00ghz

Memorija: 4GB DDR3

Hard disk: 500gb perfektan 100/100

Graficka karta: AMD RADEON HD 8210

Operativni sistem: Windows 10

Optički uređaj: DVD

",[],"[{""start"": 167, ""end"": 174, ""label"": ""SKLADISTE"", ""text"": ""100/100""}]",[]
K0328,288,body,1,SUVISNO,SKLADISTE,"0/100

Graficka karta: AMD RADEON HD 8210

Operativni sistem: Windows 10

Optički uređaj: DVD

Mreža: Wi-Fi

Slotovi: 1x USB 3

2x USB 2.0 Type-A//1x HDMI 1.4

1x 3.5mm Combo Audio Ja",[],"[{""start"": 259, ""end"": 262, ""label"": ""SKLADISTE"", ""text"": ""DVD""}]",[]
K0329,288,body,1,SUVISNO,GPU,"tem: Windows 10

Optički uređaj: DVD

Mreža: Wi-Fi

Slotovi: 1x USB 3

2x USB 2.0 Type-A//1x HDMI 1.4

1x 3.5mm Combo Audio Jack

1x DC-in//N/A

Kamera: VGA camera

Audio: Built-in speaker

B",[],"[{""start"": 316, ""end"": 327, ""label"": ""GPU"", ""text"": ""1x HDMI 1.4""}]",[]
K0330,288,body,1,SUVISNO,SKLADISTE," laptop, instaliran je win 10

prodaje se sa punjacem

4gb memorija

500gb hard perfektan 100/100

amd grafika

sve je ispravno na laptopu, laptop odlicno sacuvan

instaliran office paket",[],"[{""start"": 601, ""end"": 608, ""label"": ""SKLADISTE"", ""text"": ""100/100""}]",[]
K0331,289,body,4,SUVISNO,RAM,"terije, koju treba zamenuti, na punjacu radi normalno

intel i5 3317u 1,70ghz

4gb rama u jednom slotu, drugi slot je slobodan

128gb ssd perfektan healt
BOX1903SAMOHO",[],"[{""start"": 597, ""end"": 609, ""label"": ""RAM"", ""text"": ""jednom slotu""}]",[]
K0332,291,body,2,SUVISNO,CPU,"bez ekrana, harda, memorije i punjaca. Cena 45 eu

Dell E7240, i5,4gen

U njega ima mocan i5 procesor 4 generacije ekran i baterija prodat ide ploca sa kucistem za navedenu cenu. Bez",[],"[{""start"": 509, ""end"": 511, ""label"": ""CPU"", ""text"": ""i5""}]",[]
K0333,291,body,2,SUVISNO,CPU,"harda, memorije i punjaca. Cena 45 eu

Dell E7240, i5,4gen

U njega ima mocan i5 procesor 4 generacije ekran i baterija prodat ide ploca sa kucistem za navedenu cenu. Bez harda memorije i punj",[],"[{""start"": 521, ""end"": 533, ""label"": ""CPU"", ""text"": ""4 generacije""}]",[]
K0334,293,body,4,PROPUSTENO,CENA,"ran bez mana.

Ploca potpuno ispravna A4 9125 Radeon 3 35eu

Ekran 15.6 FulHd bez tackica 45 eu prodat

Baterija 88% zdrav 20 eu

Tastatura 15 eu

Flet ekrana 10 eu

Kuler 6 eu

Hladnja","[{""start"": 167, ""end"": 172, ""label"": ""CENA"", ""text"": ""45 eu""}]",[],[]
K0335,295,body,4,PROPUSTENO,CENA,"Laptop za delove vise komada na stanju.

ploca i3 7th 4000 din prodat

Baterija ispravna 2500 din

Donje kuciste 2000 din

Parmlest sa tataturom 3000 di","[{""start"": 54, ""end"": 62, ""label"": ""CENA"", ""text"": ""4000 din""}]",[],[]
K0336,295,body,4,PROPUSTENO,CENA,"000 din prodat

Baterija ispravna 2500 din

Donje kuciste 2000 din

Parmlest sa tataturom 3000 din prodat

Kuciste ekrana bez lajsne 1800 din

Sarke 1500 din

Wifi kartica 1200 din

Flet e","[{""start"": 145, ""end"": 153, ""label"": ""CENA"", ""text"": ""3000 din""}]",[],[]
K0337,295,title,4,GRANICA_UZA,CPU,Lenovo ideapad 330-15IKB Intel,"[{""start"": 19, ""end"": 30, ""label"": ""CPU"", ""text"": ""15IKB Intel""}]","[{""start"": 25, ""end"": 30, ""label"": ""CPU"", ""text"": ""Intel""}]","[{""start"": 7, ""end"": 24, ""label"": ""MODEL"", ""text"": ""ideapad 330-15IKB""}]"
K0338,297,body,4,FRAGMENTACIJA,GPU,"Procesor: Intel Core i9-13900hx 13. generacije, 2200 Mhz

GPU: laptop RTX 4090 od 16 GB

RAM: 32 GB DDR5

2 utora za M. 2 SSD diskove

SSD disk od 1 TB

Nedostaje jedan taster, ","[{""start"": 63, ""end"": 87, ""label"": ""GPU"", ""text"": ""laptop RTX 4090 od 16 GB""}]","[{""start"": 70, ""end"": 78, ""label"": ""GPU"", ""text"": ""RTX 4090""}, {""start"": 82, ""end"": 87, ""label"": ""GPU"", ""text"": ""16 GB""}]",[]
K0339,297,body,4,SUVISNO,SKLADISTE,"Core i9-13900hx 13. generacije, 2200 Mhz

GPU: laptop RTX 4090 od 16 GB

RAM: 32 GB DDR5

2 utora za M. 2 SSD diskove

SSD disk od 1 TB

Nedostaje jedan taster, mali spoljni nedosta",[],"[{""start"": 106, ""end"": 107, ""label"": ""SKLADISTE"", ""text"": ""2""}]",[]
K0340,297,body,4,SUVISNO,SKLADISTE,"00hx 13. generacije, 2200 Mhz

GPU: laptop RTX 4090 od 16 GB

RAM: 32 GB DDR5

2 utora za M. 2 SSD diskove

SSD disk od 1 TB

Nedostaje jedan taster, mali spoljni nedostaci na zadnjoj ",[],"[{""start"": 117, ""end"": 121, ""label"": ""SKLADISTE"", ""text"": ""M. 2""}]",[]
K0341,298,body,4,PROPUSTENO,CPU,"nca rezolucije FHD 1920x1080 pix

baterija odlicna drzi oko 3 sata healt je 72 procenata

intel procesor 7. generacije i3 7130u 2.70ghz 3mb cache Kaby Lake

8gb DDR4

128gb SSD perfekta","[{""start"": 473, ""end"": 478, ""label"": ""CPU"", ""text"": ""intel""}]",[],"[{""start"": 459, ""end"": 471, ""label"": ""BATERIJA"", ""text"": ""72 procenata""}]"
K0342,302,body,4,GRANICA_UZA,GPU,"CPU: i5-6300U @ 2.40GHz
RAM: 16GB DDR4
Grafika: Intel HD Graphics 520 (Lenovo)
Displej: 15.6 FHD TN ekran sa irokim uglom gledanja dijagonale (1920 x 1080)
SSD: 256GB
D","[{""start"": 48, ""end"": 78, ""label"": ""GPU"", ""text"": ""Intel HD Graphics 520 (Lenovo)""}]","[{""start"": 48, ""end"": 69, ""label"": ""GPU"", ""text"": ""Intel HD Graphics 520""}]","[{""start"": 71, ""end"": 77, ""label"": ""BRAND"", ""text"": ""Lenovo""}]"
K0343,302,body,4,SUVISNO,SKLADISTE,")
Displej: 15.6 FHD TN ekran sa irokim uglom gledanja dijagonale (1920 x 1080)
SSD: 256GB
DVD-RW: Nema
Baterija: 5:30h. na YT (720px)
Originalan punjač
Ostalo: Svetleca tastatura - 2 niv",[],"[{""start"": 167, ""end"": 173, ""label"": ""SKLADISTE"", ""text"": ""DVD-RW""}]",[]
K0344,302,body,4,SUVISNO,GPU,"ntel Dual Band Wireless-AC 8265, Bluetooth 4.2, Mreza-LAN Gigabitni 10/100/1000Mbps-RJ45, 1 x HDMI, 3 x USB 3.0, 1 x USB , 3.1 type C`, 1 x SD Smartcard Reader-4-in-1 card reader (SD, MMC,",[],"[{""start"": 379, ""end"": 387, ""label"": ""GPU"", ""text"": ""1 x HDMI""}]",[]
K0345,304,body,2,SUVISNO,SKLADISTE,"15,6 inča LED, procesor Intel i3 2,53 GHz, grafika ATI Radeon HD 5470, RAM DDR3 2 gb.
Ima DVD, VGA, HDMI, kamericu, USB, numerička tastatura ... Baterija loša. Očišćen od prašine i za",[],"[{""start"": 168, ""end"": 171, ""label"": ""SKLADISTE"", ""text"": ""DVD""}]",[]
K0346,305,body,3,PROPUSTENO,GPU,"1080px

-Camera: Standard: 720p HD camera

-Grafika Nvidia Quadro K1100M sa 2gb sopstvene VRAM memorije

-Wireless

-Mreza-LAN-rj 45- Gigabitni 10/100/1000

-Bluetooth

-HDMI

-Webcame","[{""start"": 304, ""end"": 308, ""label"": ""GPU"", ""text"": ""VRAM""}]",[],[]
K0347,305,body,3,FRAGMENTACIJA,CPU,"s 10

prodaje se ispravan laptop, instaliran je win 10

prodaje se sa punjacem dell 130w

intel procesor i7

16 gb memorija DDR3

128 gb SSD perfektan healt

B. I. O. S. nije zakljucan

svetleca ta","[{""start"": 731, ""end"": 748, ""label"": ""CPU"", ""text"": ""intel procesor i7""}]","[{""start"": 731, ""end"": 736, ""label"": ""CPU"", ""text"": ""intel""}, {""start"": 746, ""end"": 748, ""label"": ""CPU"", ""text"": ""i7""}]",[]
K0348,305,body,3,FRAGMENTACIJA,RAM,"pravan laptop, instaliran je win 10

prodaje se sa punjacem dell 130w

intel procesor i7

16 gb memorija DDR3

128 gb SSD perfektan healt

B. I. O. S. nije zakljucan

svetleca tastatura

bateriju nem","[{""start"": 750, ""end"": 769, ""label"": ""RAM"", ""text"": ""16 gb memorija DDR3""}]","[{""start"": 750, ""end"": 755, ""label"": ""RAM"", ""text"": ""16 gb""}, {""start"": 765, ""end"": 769, ""label"": ""RAM"", ""text"": ""DDR3""}]",[]
K0349,305,title,3,POGRESNA_OZNAKA,SKLADISTE,Dell Precision M4800 intel i7-4700MQ 16gb Quadcore,"[{""start"": 37, ""end"": 41, ""label"": ""SKLADISTE"", ""text"": ""16gb""}]","[{""start"": 37, ""end"": 41, ""label"": ""RAM"", ""text"": ""16gb""}]",[]
K0350,306,body,3,GRANICA_SIRA,RAM,"Procesor: Intel(R) Core(TM) i7-7700HQ CPU @ 2. 80GHz 2. 81 GHz

Instalirana RAM memorija: 8. 00 GB (7. 88 GB upotrebljivo)

ID uređaja: A1845A510-9876-4000-9394-5DD890E7E3E2

ID proizvoda: 00328-90000-00000-AAOEM","[{""start"": 90, ""end"": 98, ""label"": ""RAM"", ""text"": ""8. 00 GB""}]","[{""start"": 90, ""end"": 122, ""label"": ""RAM"", ""text"": ""8. 00 GB (7. 88 GB upotrebljivo)""}]",[]
K0351,306,body,3,SUVISNO,CPU,"00-00000-AAOEM

Tip sistema: 64-bitni operativni sistem, procesor zasnovan na arhitekturi x64

Olovka i dodir: Za ovaj ekran nije dostupna olovka ili unos dodirom. Laptop perfektno ra",[],"[{""start"": 288, ""end"": 291, ""label"": ""CPU"", ""text"": ""x64""}]",[]
K0352,307,body,3,FRAGMENTACIJA,CPU,"Ispravan i kompletan laptop sa LED ekranom od 10,1 inča. Procesor Intel Atom CPU N270, grafika Mobile Intel 945 Express, RAM 2 gb.

Ima VGA, USB, WiFi, audio izlaze, čitač SD ","[{""start"": 66, ""end"": 85, ""label"": ""CPU"", ""text"": ""Intel Atom CPU N270""}]","[{""start"": 66, ""end"": 76, ""label"": ""CPU"", ""text"": ""Intel Atom""}, {""start"": 81, ""end"": 85, ""label"": ""CPU"", ""text"": ""N270""}]",[]
K0353,310,body,3,FRAGMENTACIJA,CPU,"prodajem ispravan laptop lenovo thinkpad L580s sa intel i5 procesorom 8. generacije

intel core i5 8250u

8gb ddr4

256gb ssd perfektan 100/100 radio samo 1 sat

intel UHD 6","[{""start"": 50, ""end"": 83, ""label"": ""CPU"", ""text"": ""intel i5 procesorom 8. generacije""}]","[{""start"": 50, ""end"": 58, ""label"": ""CPU"", ""text"": ""intel i5""}, {""start"": 70, ""end"": 83, ""label"": ""CPU"", ""text"": ""8. generacije""}]",[]
K0354,310,body,3,GRANICA_UZA,GPU," generacije

intel core i5 8250u

8gb ddr4

256gb ssd perfektan 100/100 radio samo 1 sat

intel UHD 620 grafika

tastatura svetleca

smart card reader

B. I. O. S. nije zakljucan

panel jasan i cist

p","[{""start"": 162, ""end"": 183, ""label"": ""GPU"", ""text"": ""intel UHD 620 grafika""}]","[{""start"": 162, ""end"": 175, ""label"": ""GPU"", ""text"": ""intel UHD 620""}]",[]
K0355,311,body,2,SLOZENO,CPU," koji ima punjivu bateriju.
Karakteristike: Laptop marke Asus K53E, RAM4GB DDR3, Procesor Intel(R) Pentujum® CPU B950 @ 2,1 GHZ, Grafička karta Intel(R) HD 192 MB, Hard disk 500 GB
Za više informacija pozvati.","[{""start"": 159, ""end"": 186, ""label"": ""CPU"", ""text"": ""Intel(R) Pentujum® CPU B950""}, {""start"": 189, ""end"": 196, ""label"": ""CPU"", ""text"": ""2,1 GHZ""}]","[{""start"": 159, ""end"": 177, ""label"": ""CPU"", ""text"": ""Intel(R) Pentujum®""}, {""start"": 182, ""end"": 196, ""label"": ""CPU"", ""text"": ""B950 @ 2,1 GHZ""}]",[]
K0356,313,body,4,PROPUSTENO,CPU,"je se malo koristen laptop, instaliran windows 11 pro

Procesor 14. generacije proizveden 2025 godine

cena novog u srbiji je oko 150.000 dinara

instaliran je i microsoft office paket 2024 w","[{""start"": 397, ""end"": 408, ""label"": ""CPU"", ""text"": ""2025 godine""}]",[],[]
K0357,313,body,4,GRANICA_SIRA,CENA,"an windows 11 pro

Procesor 14. generacije proizveden 2025 godine

cena novog u srbiji je oko 150.000 dinara

instaliran je i microsoft office paket 2024 word excel . . .

baterija odlicna healt 100","[{""start"": 437, ""end"": 451, ""label"": ""CENA"", ""text"": ""150.000 dinara""}]","[{""start"": 433, ""end"": 451, ""label"": ""CENA"", ""text"": ""oko 150.000 dinara""}]",[]
K0358,319,body,4,GRANICA_UZA,GPU,"del: HP 255 G9

Procesor: AMD Ryzen 3 3250U, 2.60 GHz

RAM: 8 GB DDR4, 2400 MHz

Grafika: AMD Radeon Vega 3 Graphics, 2 GB deljene memorije

SSD: 238 GB Samsung SSD

️ Ekran: 15.6""

Sistem: Windows 10/11, 64-bit

Punjač: original","[{""start"": 92, ""end"": 141, ""label"": ""GPU"", ""text"": ""AMD Radeon Vega 3 Graphics, 2 GB deljene memorije""}]","[{""start"": 92, ""end"": 132, ""label"": ""GPU"", ""text"": ""AMD Radeon Vega 3 Graphics, 2 GB deljene""}]",[]
K0359,320,body,1,PROPUSTENO,CPU,", gledanje filmova i svakodnevne zadatke.Uređaj radi izuzetno brzo zahvaljujući pouzdanom Ryzen procesoru i brzom SSD disku. Ekran je potpuno ispravan, sa čistom slikom i bez ikakvih oš","[{""start"": 284, ""end"": 289, ""label"": ""CPU"", ""text"": ""Ryzen""}]",[],[]
K0360,320,body,1,GRANICA_UZA,GPU,ksela.Specifikacije računara:Model: HP Laptop 15-db serijaProcesor: AMD Ryzen 3 3200U (sa integrisanom Radeon Vega grafikom)RAM Memorija: 8 GB DDR4Skladište (Hard disk): 256 GB ultra brzi SSDEkran: 15.6 i,"[{""start"": 490, ""end"": 514, ""label"": ""GPU"", ""text"": ""integrisanom Radeon Vega""}]","[{""start"": 503, ""end"": 514, ""label"": ""GPU"", ""text"": ""Radeon Vega""}]",[]
K0361,321,body,3,SUVISNO,SKLADISTE,"HD Graphics

• Windows 10 LTSC sa podrškom do 2032 godine

• Kamera, Wifi, čitač kartica, CD/DVD drive

• Portovi: 2x USB, 1x LAN, 1x VGA, 2x 3.5mm audio

- Moguće lično preuzimanje u No",[],"[{""start"": 360, ""end"": 366, ""label"": ""SKLADISTE"", ""text"": ""CD/DVD""}]",[]
K0362,332,body,2,PROPUSTENO,CPU,"zvođač : Gigabyte

Model : GA-946GM-S2

Forma

Dimenzije : microATX

Procesor

Procesor : Intel Core 2 Duo, Intel Core 2 Duo Extreme, Intel Core 2 Quad, , ,

Podnožje : Socket 775,

Magistrala : 5","[{""start"": 146, ""end"": 162, ""label"": ""CPU"", ""text"": ""Intel Core 2 Duo""}]",[],[]
K0363,332,body,2,PROPUSTENO,CPU,"
Model : GA-946GM-S2

Forma

Dimenzije : microATX

Procesor

Procesor : Intel Core 2 Duo, Intel Core 2 Duo Extreme, Intel Core 2 Quad, , ,

Podnožje : Socket 775,

Magistrala : 533 MHz, 800 MHz, 1066 MHz,","[{""start"": 164, ""end"": 188, ""label"": ""CPU"", ""text"": ""Intel Core 2 Duo Extreme""}]",[],[]
K0364,332,body,2,PROPUSTENO,CPU,"a

Dimenzije : microATX

Procesor

Procesor : Intel Core 2 Duo, Intel Core 2 Duo Extreme, Intel Core 2 Quad, , ,

Podnožje : Socket 775,

Magistrala : 533 MHz, 800 MHz, 1066 MHz,

Čipset

Čipset : ","[{""start"": 190, ""end"": 207, ""label"": ""CPU"", ""text"": ""Intel Core 2 Quad""}]",[],[]
K0365,332,body,2,PROPUSTENO,CPU,"Procesor : Intel Core 2 Duo, Intel Core 2 Duo Extreme, Intel Core 2 Quad, , ,

Podnožje : Socket 775,

Magistrala : 533 MHz, 800 MHz, 1066 MHz,

Čipset

Čipset : Intel 946GZ

Integrisano : S","[{""start"": 225, ""end"": 235, ""label"": ""CPU"", ""text"": ""Socket 775""}]",[],[]
K0366,332,body,2,PROPUSTENO,RAM,"0 MHz, 1066 MHz,

Čipset

Čipset : Intel 946GZ

Integrisano : SB, LAN,

Memorija

Brzina (DDR2) : 533 MHz, 667 MHz,

Broj slotova (DDR2) : 4 kom.

Maksimalno : 4 GB

Ekspanzija

Slotov","[{""start"": 352, ""end"": 356, ""label"": ""RAM"", ""text"": ""DDR2""}]",[],[]
K0367,332,body,2,PROPUSTENO,RAM,"066 MHz,

Čipset

Čipset : Intel 946GZ

Integrisano : SB, LAN,

Memorija

Brzina (DDR2) : 533 MHz, 667 MHz,

Broj slotova (DDR2) : 4 kom.

Maksimalno : 4 GB

Ekspanzija

Slotovi

PCI : 2 ","[{""start"": 360, ""end"": 367, ""label"": ""RAM"", ""text"": ""533 MHz""}]",[],[]
K0368,332,body,2,PROPUSTENO,RAM,"
Čipset

Čipset : Intel 946GZ

Integrisano : SB, LAN,

Memorija

Brzina (DDR2) : 533 MHz, 667 MHz,

Broj slotova (DDR2) : 4 kom.

Maksimalno : 4 GB

Ekspanzija

Slotovi

PCI : 2 kom.

PCI","[{""start"": 369, ""end"": 376, ""label"": ""RAM"", ""text"": ""667 MHz""}]",[],[]
K0369,332,body,2,PROPUSTENO,RAM,"946GZ

Integrisano : SB, LAN,

Memorija

Brzina (DDR2) : 533 MHz, 667 MHz,

Broj slotova (DDR2) : 4 kom.

Maksimalno : 4 GB

Ekspanzija

Slotovi

PCI : 2 kom.

PCI Express x1 : 1 kom.
","[{""start"": 393, ""end"": 397, ""label"": ""RAM"", ""text"": ""DDR2""}]",[],[]
K0370,332,body,2,PROPUSTENO,RAM,"

Memorija

Brzina (DDR2) : 533 MHz, 667 MHz,

Broj slotova (DDR2) : 4 kom.

Maksimalno : 4 GB

Ekspanzija

Slotovi

PCI : 2 kom.

PCI Express x1 : 1 kom.

PCI Express x16 : 1 kom.

Ko","[{""start"": 422, ""end"": 426, ""label"": ""RAM"", ""text"": ""4 GB""}]",[],[]
K0371,332,title,2,PROPUSTENO,CPU,Gigabyte GA-946GM-S2 775 DDR2,"[{""start"": 21, ""end"": 24, ""label"": ""CPU"", ""text"": ""775""}]",[],"[{""start"": 9, ""end"": 20, ""label"": ""MODEL"", ""text"": ""GA-946GM-S2""}]"
K0372,332,title,2,PROPUSTENO,RAM,Gigabyte GA-946GM-S2 775 DDR2,"[{""start"": 25, ""end"": 29, ""label"": ""RAM"", ""text"": ""DDR2""}]",[],[]
K0373,334,body,3,POGRESNA_OZNAKA,SKLADISTE,"Ispravna, testirana polukonfiguracija.

Ploca : Asus P5KPL-CM Socket 775.

Memorija : GEIL 2GB DDR2 (kuca casti).

Procesor : Dual Core E5200 2.50 Ghz (kuca casti).

Kuler : Intel (kuca cas","[{""start"": 86, ""end"": 99, ""label"": ""SKLADISTE"", ""text"": ""GEIL 2GB DDR2""}]","[{""start"": 86, ""end"": 99, ""label"": ""RAM"", ""text"": ""GEIL 2GB DDR2""}]",[]
K0374,343,body,1,PROPUSTENO,RAM,"85-DGS B85 radi odlično brzo sve 100% isto

novi O.S WINDOWS 11 25H2 kao na dosta skupljm DDR4/DDR5

data test slika NVME ADAPTERA RW brzina + LEXAR NVME 256GB HARD

cene

matična cena","[{""start"": 254, ""end"": 258, ""label"": ""RAM"", ""text"": ""DDR4""}]",[],[]
K0375,343,body,1,PROPUSTENO,RAM,"S B85 radi odlično brzo sve 100% isto

novi O.S WINDOWS 11 25H2 kao na dosta skupljm DDR4/DDR5

data test slika NVME ADAPTERA RW brzina + LEXAR NVME 256GB HARD

cene

matična cena fixn","[{""start"": 259, ""end"": 263, ""label"": ""RAM"", ""text"": ""DDR5""}]",[],[]
K0376,343,body,1,SPAJANJE,SKLADISTE,"E 256GB HARD

cene

matična cena fixna 3000.- bez nvme dodatka

NVME ADAPTER cena 1500.-

LEXAR NVME HARD 256GB 100% 20 dana

cena 8000.-

za ovu matičnu imam i sve druge komponente

pitajte","[{""start"": 406, ""end"": 411, ""label"": ""SKLADISTE"", ""text"": ""LEXAR""}, {""start"": 412, ""end"": 416, ""label"": ""SKLADISTE"", ""text"": ""NVME""}]","[{""start"": 406, ""end"": 416, ""label"": ""SKLADISTE"", ""text"": ""LEXAR NVME""}]",[]
K0377,343,body,1,GRANICA_UZA,SKLADISTE,"ne

matična cena fixna 3000.- bez nvme dodatka

NVME ADAPTER cena 1500.-

LEXAR NVME HARD 256GB 100% 20 dana

cena 8000.-

za ovu matičnu imam i sve druge komponente

pitajte na poruke

------------","[{""start"": 422, ""end"": 440, ""label"": ""SKLADISTE"", ""text"": ""256GB 100% 20 dana""}]","[{""start"": 422, ""end"": 432, ""label"": ""SKLADISTE"", ""text"": ""256GB 100%""}]",[]
K0378,343,title,1,PROPUSTENO,RAM,DDR3 Matična Asrock B85-DGS Garancija 12 meseci,"[{""start"": 0, ""end"": 4, ""label"": ""RAM"", ""text"": ""DDR3""}]",[],[]
K0379,353,body,2,SUVISNO,CENA,"rodajem Ispravan ekran LG Flatron 15`` , mali i praktican , dijagonala oko 35 cm . Nov je oko 15.000 din , na stanju 2 kom . Uz njega ide stalak za sto , za vise info kontakt .",[],"[{""start"": 91, ""end"": 105, ""label"": ""CENA"", ""text"": ""oko 15.000 din""}]",[]
K0380,405,body,4,SUVISNO,GPU,"apajanje Profesionalni izbor za najjače gejming i radne PC-je!
1200 W snage – dovoljno za RTX 5090 + i9/Ryzen 9 + overklok
80 PLUS Platinum sertifikat – do 94 % efikasnosti
Potpuno modular",[],"[{""start"": 151, ""end"": 159, ""label"": ""GPU"", ""text"": ""RTX 5090""}]",[]
K0381,405,body,4,SUVISNO,CPU,"ofesionalni izbor za najjače gejming i radne PC-je!
1200 W snage – dovoljno za RTX 5090 + i9/Ryzen 9 + overklok
80 PLUS Platinum sertifikat – do 94 % efikasnosti
Potpuno modularni ka",[],"[{""start"": 162, ""end"": 164, ""label"": ""CPU"", ""text"": ""i9""}]",[]
K0382,405,body,4,SUVISNO,CPU,"sionalni izbor za najjače gejming i radne PC-je!
1200 W snage – dovoljno za RTX 5090 + i9/Ryzen 9 + overklok
80 PLUS Platinum sertifikat – do 94 % efikasnosti
Potpuno modularni kablovi – ",[],"[{""start"": 165, ""end"": 172, ""label"": ""CPU"", ""text"": ""Ryzen 9""}]",[]
K0383,414,body,2,SUVISNO,RAM,"Za Apple Mac Pro & PC Servers

2x8gb IBM DD3 Memorija ECC Registered

(Double Data Rate Three) RAM

Heat spreader attac",[],"[{""start"": 3, ""end"": 29, ""label"": ""RAM"", ""text"": ""Apple Mac Pro & PC Servers""}]",[]
K0384,414,body,2,SUVISNO,RAM,"Za Apple Mac Pro & PC Servers

2x8gb IBM DD3 Memorija ECC Registered

(Double Data Rate Three) RAM

Heat spreader attached, ECC Registered

240-pin, PC3-10600R, 1333 MHz

Voltage: 1.5",[],"[{""start"": 71, ""end"": 93, ""label"": ""RAM"", ""text"": ""Double Data Rate Three""}]",[]
K0385,414,body,2,GRANICA_SIRA,RAM,"ac Pro & PC Servers

2x8gb IBM DD3 Memorija ECC Registered

(Double Data Rate Three) RAM

Heat spreader attached, ECC Registered

240-pin, PC3-10600R, 1333 MHz

Voltage: 1.5V, CL9, 2Rx4","[{""start"": 124, ""end"": 138, ""label"": ""RAM"", ""text"": ""ECC Registered""}]","[{""start"": 100, ""end"": 138, ""label"": ""RAM"", ""text"": ""Heat spreader attached, ECC Registered""}]",[]
K0386,422,body,2,GRANICA_SIRA,RAM,"H0-CF8
Modul
Tip : DDR3 200-Pin SO-DIMM
Kapacitet : 2048 MB
Performanse
Brzina : 1066 MHz
CAS latency : 7","[{""start"": 174, ""end"": 175, ""label"": ""RAM"", ""text"": ""7""}]","[{""start"": 160, ""end"": 175, ""label"": ""RAM"", ""text"": ""CAS latency : 7""}]",[]
K0387,423,title,2,SUVISNO,RAM,Nove! Serverske memorije 2x4gb ddr3 1600Mhz,[],"[{""start"": 6, ""end"": 15, ""label"": ""RAM"", ""text"": ""Serverske""}]",[]
K0388,424,body,1,PROPUSTENO,CPU,"o

na kuleru je polomljena jedna nozica

processor je ok

ram 2x 256mb

i maticna:

cpu - lga 775 for intel® pentium® xe / pentium® d / pentium® 4 / celeron® d

- fsb 1066* mhz for extern","[{""start"": 140, ""end"": 147, ""label"": ""CPU"", ""text"": ""lga 775""}]",[],[]
K0389,424,body,1,PROPUSTENO,CPU," je polomljena jedna nozica

processor je ok

ram 2x 256mb

i maticna:

cpu - lga 775 for intel® pentium® xe / pentium® d / pentium® 4 / celeron® d

- fsb 1066* mhz for external graphics (by overclo","[{""start"": 152, ""end"": 170, ""label"": ""CPU"", ""text"": ""intel® pentium® xe""}]",[],[]
K0390,424,body,1,PROPUSTENO,CPU,"nozica

processor je ok

ram 2x 256mb

i maticna:

cpu - lga 775 for intel® pentium® xe / pentium® d / pentium® 4 / celeron® d

- fsb 1066* mhz for external graphics (by overclocking)

- fsb","[{""start"": 173, ""end"": 183, ""label"": ""CPU"", ""text"": ""pentium® d""}]",[],[]
K0391,424,body,1,PROPUSTENO,CPU,"ssor je ok

ram 2x 256mb

i maticna:

cpu - lga 775 for intel® pentium® xe / pentium® d / pentium® 4 / celeron® d

- fsb 1066* mhz for external graphics (by overclocking)

- fsb 800/533 mhz ","[{""start"": 186, ""end"": 196, ""label"": ""CPU"", ""text"": ""pentium® 4""}]",[],[]
K0392,424,body,1,PROPUSTENO,CPU,"am 2x 256mb

i maticna:

cpu - lga 775 for intel® pentium® xe / pentium® d / pentium® 4 / celeron® d

- fsb 1066* mhz for external graphics (by overclocking)

- fsb 800/533 mhz for internal ","[{""start"": 199, ""end"": 209, ""label"": ""CPU"", ""text"": ""celeron® d""}]",[],[]
K0393,424,body,1,PROPUSTENO,CPU," maticna:

cpu - lga 775 for intel® pentium® xe / pentium® d / pentium® 4 / celeron® d

- fsb 1066* mhz for external graphics (by overclocking)

- fsb 800/533 mhz for internal graphics

- suppo","[{""start"": 213, ""end"": 226, ""label"": ""CPU"", ""text"": ""fsb 1066* mhz""}]",[],[]
K0394,424,body,1,PROPUSTENO,CPU,"/ pentium® 4 / celeron® d

- fsb 1066* mhz for external graphics (by overclocking)

- fsb 800/533 mhz for internal graphics

- supports hyper-threading technology

- supports untied o","[{""start"": 274, ""end"": 277, ""label"": ""CPU"", ""text"": ""800""}]",[],[]
K0395,424,body,1,PROPUSTENO,CPU,"ntium® 4 / celeron® d

- fsb 1066* mhz for external graphics (by overclocking)

- fsb 800/533 mhz for internal graphics

- supports hyper-threading technology

- supports untied overclock","[{""start"": 278, ""end"": 285, ""label"": ""CPU"", ""text"": ""533 mhz""}]",[],[]
K0396,424,body,1,PROPUSTENO,CPU," external graphics (by overclocking)

- fsb 800/533 mhz for internal graphics

- supports hyper-threading technology

- supports untied overclocking technology

- supports em64t cpu

*fsb1066-cpu","[{""start"": 320, ""end"": 335, ""label"": ""CPU"", ""text"": ""hyper-threading""}]",[],[]
K0397,424,body,1,PROPUSTENO,CPU," fsb 800/533 mhz for internal graphics

- supports hyper-threading technology

- supports untied overclocking technology

- supports em64t cpu

*fsb1066-cpu is supported by overclocking only when you","[{""start"": 359, ""end"": 378, ""label"": ""CPU"", ""text"": ""untied overclocking""}]",[],[]
K0398,424,body,1,PROPUSTENO,CPU,"upports hyper-threading technology

- supports untied overclocking technology

- supports em64t cpu

*fsb1066-cpu is supported by overclocking only when you adopt an external vga card a","[{""start"": 402, ""end"": 407, ""label"": ""CPU"", ""text"": ""em64t""}]",[],[]
K0399,424,body,1,PROPUSTENO,CPU,"r-threading technology

- supports untied overclocking technology

- supports em64t cpu

*fsb1066-cpu is supported by overclocking only when you adopt an external vga card and ddr400 cl2.","[{""start"": 414, ""end"": 421, ""label"": ""CPU"", ""text"": ""fsb1066""}]",[],[]
K0400,424,body,1,PROPUSTENO,RAM,"u

*fsb1066-cpu is supported by overclocking only when you adopt an external vga card and ddr400 cl2.5 memory modules.

Chipset - northbridge: intel® 865g

- southbridge: intel® ich5

memory -","[{""start"": 500, ""end"": 512, ""label"": ""RAM"", ""text"": ""ddr400 cl2.5""}]",[],[]
K0401,424,body,1,PROPUSTENO,RAM,"memory modules.

Chipset - northbridge: intel® 865g

- southbridge: intel® ich5

memory - dual channel ddr memory technology

- 2 x ddr dimm slots

- supports ddr400/333/266 non-ecc, un-buffered m","[{""start"": 603, ""end"": 619, ""label"": ""RAM"", ""text"": ""dual channel ddr""}]",[],[]
K0402,424,body,1,PROPUSTENO,RAM,": intel® 865g

- southbridge: intel® ich5

memory - dual channel ddr memory technology

- 2 x ddr dimm slots

- supports ddr400/333/266 non-ecc, un-buffered memory

- max. Capacity of system m","[{""start"": 641, ""end"": 653, ""label"": ""RAM"", ""text"": ""2 x ddr dimm""}]",[],[]
K0403,424,body,1,PROPUSTENO,RAM,"ntel® ich5

memory - dual channel ddr memory technology

- 2 x ddr dimm slots

- supports ddr400/333/266 non-ecc, un-buffered memory

- max. Capacity of system memory: 2gb

za vise infor","[{""start"": 672, ""end"": 678, ""label"": ""RAM"", ""text"": ""ddr400""}]",[],[]
K0404,424,body,1,PROPUSTENO,RAM,"ch5

memory - dual channel ddr memory technology

- 2 x ddr dimm slots

- supports ddr400/333/266 non-ecc, un-buffered memory

- max. Capacity of system memory: 2gb

za vise informaci","[{""start"": 679, ""end"": 682, ""label"": ""RAM"", ""text"": ""333""}]",[],[]
K0405,424,body,1,PROPUSTENO,RAM,"
memory - dual channel ddr memory technology

- 2 x ddr dimm slots

- supports ddr400/333/266 non-ecc, un-buffered memory

- max. Capacity of system memory: 2gb

za vise informacija postavite mi pitanje","[{""start"": 683, ""end"": 707, ""label"": ""RAM"", ""text"": ""266 non-ecc, un-buffered""}]",[],[]
K0406,424,body,1,PROPUSTENO,RAM,"
- supports ddr400/333/266 non-ecc, un-buffered memory

- max. Capacity of system memory: 2gb

za vise informacija postavite mi pitanje","[{""start"": 750, ""end"": 753, ""label"": ""RAM"", ""text"": ""2gb""}]",[],[]
K0407,426,body,4,FRAGMENTACIJA,RAM,"Memorije za laptop, razni moduli i marke, više komada

testirane, ispravne

Samsung, Micron, Hynix, Kingston, Crucial, Nanya, Ramaxel itd

DDR2 512MB 533 667 MHz 150 din

DDR2 1GB 667 MHz 300 din

DDR2 2GB 667 800 MHz 800 d","[{""start"": 76, ""end"": 133, ""label"": ""RAM"", ""text"": ""Samsung, Micron, Hynix, Kingston, Crucial, Nanya, Ramaxel""}]","[{""start"": 76, ""end"": 83, ""label"": ""RAM"", ""text"": ""Samsung""}, {""start"": 85, ""end"": 91, ""label"": ""RAM"", ""text"": ""Micron""}, {""start"": 93, ""end"": 98, ""label"": ""RAM"", ""text"": ""Hynix""}, {""start"": 100, ""end"": 108, ""label"": ""RAM"", ""text"": ""Kingston""}, {""start"": 110, ""end"": 117, ""label"": ""RAM"", ""text"": ""Crucial""}, {""start"": 119, ""end"": 124, ""label"": ""RAM"", ""text"": ""Nanya""}, {""start"": 126, ""end"": 133, ""label"": ""RAM"", ""text"": ""Ramaxel""}]",[]
K0408,426,body,4,FRAGMENTACIJA,RAM,"mada

testirane, ispravne

Samsung, Micron, Hynix, Kingston, Crucial, Nanya, Ramaxel itd

DDR2 512MB 533 667 MHz 150 din

DDR2 1GB 667 MHz 300 din

DDR2 2GB 667 800 MHz 800 din

DDR3 2GB 1333 MHz 600 di","[{""start"": 139, ""end"": 161, ""label"": ""RAM"", ""text"": ""DDR2 512MB 533 667 MHz""}]","[{""start"": 139, ""end"": 149, ""label"": ""RAM"", ""text"": ""DDR2 512MB""}, {""start"": 150, ""end"": 153, ""label"": ""RAM"", ""text"": ""533""}, {""start"": 154, ""end"": 161, ""label"": ""RAM"", ""text"": ""667 MHz""}]",[]
K0409,426,body,4,FRAGMENTACIJA,RAM,"n, Crucial, Nanya, Ramaxel itd

DDR2 512MB 533 667 MHz 150 din

DDR2 1GB 667 MHz 300 din

DDR2 2GB 667 800 MHz 800 din

DDR3 2GB 1333 MHz 600 din

DDR3 i DDR3L 4GB 1333 1600 MHz 1200 din

Moguća bespl","[{""start"": 197, ""end"": 217, ""label"": ""RAM"", ""text"": ""DDR2 2GB 667 800 MHz""}]","[{""start"": 197, ""end"": 205, ""label"": ""RAM"", ""text"": ""DDR2 2GB""}, {""start"": 206, ""end"": 209, ""label"": ""RAM"", ""text"": ""667""}, {""start"": 210, ""end"": 217, ""label"": ""RAM"", ""text"": ""800 MHz""}]",[]
K0410,426,body,4,FRAGMENTACIJA,RAM,"0 din

DDR2 1GB 667 MHz 300 din

DDR2 2GB 667 800 MHz 800 din

DDR3 2GB 1333 MHz 600 din

DDR3 i DDR3L 4GB 1333 1600 MHz 1200 din

Moguća besplatna ugradnja kod mene.

Isporuka na Banjici ili slanje posle uplat","[{""start"": 254, ""end"": 284, ""label"": ""RAM"", ""text"": ""DDR3 i DDR3L 4GB 1333 1600 MHz""}]","[{""start"": 254, ""end"": 258, ""label"": ""RAM"", ""text"": ""DDR3""}, {""start"": 261, ""end"": 266, ""label"": ""RAM"", ""text"": ""DDR3L""}, {""start"": 267, ""end"": 270, ""label"": ""RAM"", ""text"": ""4GB""}, {""start"": 271, ""end"": 275, ""label"": ""RAM"", ""text"": ""1333""}, {""start"": 276, ""end"": 284, ""label"": ""RAM"", ""text"": ""1600 MHz""}]",[]
K0411,426,title,4,FRAGMENTACIJA,RAM,DDR2 667 800 MHz i DDR3 1333 1600 MHz memorije SOD,"[{""start"": 0, ""end"": 16, ""label"": ""RAM"", ""text"": ""DDR2 667 800 MHz""}]","[{""start"": 0, ""end"": 8, ""label"": ""RAM"", ""text"": ""DDR2 667""}, {""start"": 9, ""end"": 16, ""label"": ""RAM"", ""text"": ""800 MHz""}]",[]
K0412,426,title,4,FRAGMENTACIJA,RAM,DDR2 667 800 MHz i DDR3 1333 1600 MHz memorije SOD,"[{""start"": 19, ""end"": 37, ""label"": ""RAM"", ""text"": ""DDR3 1333 1600 MHz""}]","[{""start"": 19, ""end"": 28, ""label"": ""RAM"", ""text"": ""DDR3 1333""}, {""start"": 29, ""end"": 37, ""label"": ""RAM"", ""text"": ""1600 MHz""}]",[]
K0413,427,body,4,FRAGMENTACIJA,RAM,"sung,Kingston i druge marke.

512mb- 400din

1gb- 700din

2gb- 1200din

4gb- 1800din. Tip DDR, DDR2, DDR3.","[{""start"": 204, ""end"": 219, ""label"": ""RAM"", ""text"": ""DDR, DDR2, DDR3""}]","[{""start"": 204, ""end"": 207, ""label"": ""RAM"", ""text"": ""DDR""}, {""start"": 209, ""end"": 213, ""label"": ""RAM"", ""text"": ""DDR2""}, {""start"": 215, ""end"": 219, ""label"": ""RAM"", ""text"": ""DDR3""}]",[]
K0414,431,body,3,SUVISNO,RAM,"32gb (2 x 16gb) ddr4 dram 3333mhz (cmr32gx4m2c3333c16)

Optimizovana za rad sa najnovijim AMD i Intel DDR4 matičnim pločama. Automatski bira maksimalno pouzdana podešavanja overkloka za najbolje m",[],"[{""start"": 112, ""end"": 128, ""label"": ""RAM"", ""text"": ""AMD i Intel DDR4""}]",[]
K0415,431,body,3,SUVISNO,RAM,"lno pouzdana podešavanja overkloka za najbolje moguće performanse i stabilnost, podržava XMP 2. 0

Svaki modul je napravljen korišćenjem prilagođenih unapređenih PCB za bolju vezu i pažl",[],"[{""start"": 260, ""end"": 268, ""label"": ""RAM"", ""text"": ""XMP 2. 0""}]",[]
K0416,431,body,3,SUVISNO,RAM,"za bolju vezu i pažljivo pregledanih IC-a za vrhunski overklok i pouzdanost na najnovijim AMD i Intel DDR4 matičnim pločama. Unapred konfigurisani XMP 2.0 profili omogućavaju automatski, pouzdan ",[],"[{""start"": 428, ""end"": 444, ""label"": ""RAM"", ""text"": ""AMD i Intel DDR4""}]",[]
K0417,431,body,3,SUVISNO,RAM,"rklok i pouzdanost na najnovijim AMD i Intel DDR4 matičnim pločama. Unapred konfigurisani XMP 2.0 profili omogućavaju automatski, pouzdan overklok.

Koristite Corsair icue za jednostavno",[],"[{""start"": 485, ""end"": 492, ""label"": ""RAM"", ""text"": ""XMP 2.0""}]",[]
K0418,431,title,3,GRANICA_SIRA,RAM,Corsair vengeance rgb 32gb (2 x 16gb) ddr4 dram 33,"[{""start"": 0, ""end"": 47, ""label"": ""RAM"", ""text"": ""Corsair vengeance rgb 32gb (2 x 16gb) ddr4 dram""}]","[{""start"": 0, ""end"": 50, ""label"": ""RAM"", ""text"": ""Corsair vengeance rgb 32gb (2 x 16gb) ddr4 dram 33""}]",[]
K0419,437,title,1,GRANICA_SIRA,RAM,8gb ram ddr3 na 1600mhz 2x4gb na pc3-12800 lenovo,"[{""start"": 33, ""end"": 42, ""label"": ""RAM"", ""text"": ""pc3-12800""}]","[{""start"": 33, ""end"": 49, ""label"": ""RAM"", ""text"": ""pc3-12800 lenovo""}]",[]
K0420,438,body,3,PROPUSTENO,RAM,"xpert od 2x 1GB DDR2, koji rade na brzini 667MHz sa latencijama na CL5 i voltaži od 1.8V! ADATA je jedan od najboljih proizvodjača memorija i veoma je poznata i na našem tržištu. Memori","[{""start"": 161, ""end"": 166, ""label"": ""RAM"", ""text"": ""ADATA""}]",[],[]
K0421,438,title,3,SUVISNO,RAM,Adata Memory Expert 2GB (2x1GB) DDR2 667MHz CL5,[],"[{""start"": 0, ""end"": 47, ""label"": ""RAM"", ""text"": ""Adata Memory Expert 2GB (2x1GB) DDR2 667MHz CL5""}]",[]
K0422,439,body,3,SPAJANJE,RAM,"Koriscene ali potpuno ispravne. Pouzdano me sluzile godinama. DDR3,- 2 komada po 2GB","[{""start"": 62, ""end"": 66, ""label"": ""RAM"", ""text"": ""DDR3""}, {""start"": 81, ""end"": 84, ""label"": ""RAM"", ""text"": ""2GB""}]","[{""start"": 62, ""end"": 84, ""label"": ""RAM"", ""text"": ""DDR3,- 2 komada po 2GB""}]",[]
K0423,442,body,3,SUVISNO,RAM,"Prodajem dva keksa Memorija DDR3 1600MHz 2GB Kingston HyperX, KHX1600C9D3/2G",[],"[{""start"": 9, ""end"": 12, ""label"": ""RAM"", ""text"": ""dva""}]",[]
K0424,442,title,3,GRANICA_SIRA,RAM,Memorija kingston ddr3,"[{""start"": 18, ""end"": 22, ""label"": ""RAM"", ""text"": ""ddr3""}]","[{""start"": 9, ""end"": 22, ""label"": ""RAM"", ""text"": ""kingston ddr3""}]",[]
K0425,443,body,3,POGRESNA_OZNAKA,CPU,"Infineon 512Mb / 400Mhz DDR1 SDRAM / set 4 kom
Saljem kao CC paket ( 200,00 rsd ) uz prethodnu uplatu.
Licno preuzimanje u Beogradu na K","[{""start"": 0, ""end"": 46, ""label"": ""CPU"", ""text"": ""Infineon 512Mb / 400Mhz DDR1 SDRAM / set 4 kom""}]","[{""start"": 0, ""end"": 46, ""label"": ""RAM"", ""text"": ""Infineon 512Mb / 400Mhz DDR1 SDRAM / set 4 kom""}]",[]
K0426,447,body,1,GRANICA_SIRA,RAM,"Hynix 512Mb / 400Mhz DDR1 SDRAM / set 4 kom

Saljem kao CC paket ( 200,00 rsd ) uz prethodnu uplatu.

Licno preuzimanje u Beogradu na","[{""start"": 0, ""end"": 31, ""label"": ""RAM"", ""text"": ""Hynix 512Mb / 400Mhz DDR1 SDRAM""}]","[{""start"": 0, ""end"": 43, ""label"": ""RAM"", ""text"": ""Hynix 512Mb / 400Mhz DDR1 SDRAM / set 4 kom""}]",[]
K0427,447,title,1,GRANICA_SIRA,RAM,Hynix 2GB / 400Mhz DDR1 SDRAM / set 4 kom,"[{""start"": 0, ""end"": 29, ""label"": ""RAM"", ""text"": ""Hynix 2GB / 400Mhz DDR1 SDRAM""}]","[{""start"": 0, ""end"": 41, ""label"": ""RAM"", ""text"": ""Hynix 2GB / 400Mhz DDR1 SDRAM / set 4 kom""}]",[]
K0428,448,body,4,SUVISNO,RAM,"Crucial Ram memorija 4GB DDR4 2400 MHz 2x

Očuvano!

Dobijate obe memorije kada kupite!",[],"[{""start"": 0, ""end"": 7, ""label"": ""RAM"", ""text"": ""Crucial""}]",[]
K0429,448,body,4,GRANICA_SIRA,RAM,"Crucial Ram memorija 4GB DDR4 2400 MHz 2x

Očuvano!

Dobijate obe memorije kada kupite!","[{""start"": 21, ""end"": 38, ""label"": ""RAM"", ""text"": ""4GB DDR4 2400 MHz""}]","[{""start"": 21, ""end"": 41, ""label"": ""RAM"", ""text"": ""4GB DDR4 2400 MHz 2x""}]",[]
K0430,448,title,4,SUVISNO,RAM,Crucial Ram memorija 4GB DDR4 2400 MHz 2x,[],"[{""start"": 0, ""end"": 7, ""label"": ""RAM"", ""text"": ""Crucial""}]",[]
K0431,448,title,4,GRANICA_SIRA,RAM,Crucial Ram memorija 4GB DDR4 2400 MHz 2x,"[{""start"": 21, ""end"": 38, ""label"": ""RAM"", ""text"": ""4GB DDR4 2400 MHz""}]","[{""start"": 21, ""end"": 41, ""label"": ""RAM"", ""text"": ""4GB DDR4 2400 MHz 2x""}]",[]
K0432,449,body,3,SUVISNO,RAM,"Testiran i ispravan ram za laptopove ddr3 3gb na 1333mhz (1x1gb i 1x2gb) radile u dual channelu cena za obe. . . . .

U ponudi jos delova za racunare. . . . .",[],"[{""start"": 82, ""end"": 95, ""label"": ""RAM"", ""text"": ""dual channelu""}]",[]
K0433,453,body,2,SUVISNO,RAM,Dva stika ispravne ram memorije ddr3 x2 8gb,[],"[{""start"": 0, ""end"": 3, ""label"": ""RAM"", ""text"": ""Dva""}]",[]
K0434,454,title,2,GRANICA_SIRA,RAM,Samsung ram memorija sodim DDR2 2Gb,"[{""start"": 27, ""end"": 35, ""label"": ""RAM"", ""text"": ""DDR2 2Gb""}]","[{""start"": 21, ""end"": 35, ""label"": ""RAM"", ""text"": ""sodim DDR2 2Gb""}]",[]
K0435,456,body,1,PROPUSTENO,RAM,"Cena fiksna 600 dinara za komplet dve memorije, prodaja za novac, bez ostalih predloga molim.

Na prodaju odlicne ram memorije
","[{""start"": 34, ""end"": 37, ""label"": ""RAM"", ""text"": ""dve""}]",[],[]
K0436,456,body,1,PROPUSTENO,RAM,"predloga molim.

Na prodaju odlicne ram memorije

DDR 1

2 X 256 MB :

INFINEON na stanju dva identicna modula 2x 256 Mb @400 Mhz / CL3

Memorije su iz mog racunara, rade odlicno.

Bl","[{""start"": 168, ""end"": 171, ""label"": ""RAM"", ""text"": ""dva""}]",[],[]
K0437,458,body,2,SUVISNO,RAM,", molim.

Na prodaju оdlicna ram memorija

Corsair

Platinum series

Xtreme memory speed (XMP)!

Sa dvostranim srebrnim memorijskim hladnjacima

Pruza izuzetno stabilan rad Vasem racu",[],"[{""start"": 135, ""end"": 138, ""label"": ""RAM"", ""text"": ""XMP""}]",[]
K0438,458,body,2,SUVISNO,RAM,"Na prodaju оdlicna ram memorija

Corsair

Platinum series

Xtreme memory speed (XMP)!

Sa dvostranim srebrnim memorijskim hladnjacima

Pruza izuzetno stabilan rad Vasem racunaru, uz niske radne tempe",[],"[{""start"": 145, ""end"": 164, ""label"": ""RAM"", ""text"": ""dvostranim srebrnim""}]",[]
K0439,458,body,2,SUVISNO,RAM,"
Corsair

Platinum series

Xtreme memory speed (XMP)!

Sa dvostranim srebrnim memorijskim hladnjacima

Pruza izuzetno stabilan rad Vasem racunaru, uz niske radne temperature!

DDR3

3 X 1 GB ",[],"[{""start"": 177, ""end"": 188, ""label"": ""RAM"", ""text"": ""hladnjacima""}]",[]
K0440,458,body,2,SPAJANJE,RAM,"adnjacima

Pruza izuzetno stabilan rad Vasem racunaru, uz niske radne temperature!

DDR3

3 X 1 GB (ukupno 3 gb! )

Default 1333 Mhz!

CL 9-9-9 - 24

1.5 V / ver2.1

Pun naziv: CORSAIR TR3X3G1333C9

Ka","[{""start"": 269, ""end"": 277, ""label"": ""RAM"", ""text"": ""3 X 1 GB""}, {""start"": 286, ""end"": 290, ""label"": ""RAM"", ""text"": ""3 gb""}]","[{""start"": 269, ""end"": 290, ""label"": ""RAM"", ""text"": ""3 X 1 GB (ukupno 3 gb""}]",[]
K0441,458,body,2,SPAJANJE,RAM,"ske radne temperature!

DDR3

3 X 1 GB (ukupno 3 gb! )

Default 1333 Mhz!

CL 9-9-9 - 24

1.5 V / ver2.1

Pun naziv: CORSAIR TR3X3G1333C9

Kao nova u svakom smislu.

Preporucujem licno placanje ","[{""start"": 329, ""end"": 334, ""label"": ""RAM"", ""text"": ""1.5 V""}, {""start"": 337, ""end"": 343, ""label"": ""RAM"", ""text"": ""ver2.1""}]","[{""start"": 329, ""end"": 343, ""label"": ""RAM"", ""text"": ""1.5 V / ver2.1""}]",[]
K0442,460,body,2,SPAJANJE,RAM,"Polovne ram memorije DDR3 od 2GB 1333Mhz.

1. Atermiter (Nanya) 2GB 1333Mhz CL9

2. Atermiter (Nanya) 2GB 1333Mhz CL9

3. Transcen","[{""start"": 21, ""end"": 25, ""label"": ""RAM"", ""text"": ""DDR3""}, {""start"": 29, ""end"": 40, ""label"": ""RAM"", ""text"": ""2GB 1333Mhz""}]","[{""start"": 21, ""end"": 40, ""label"": ""RAM"", ""text"": ""DDR3 od 2GB 1333Mhz""}]",[]
K0443,460,body,2,SUVISNO,RAM,"Mhz CL9

Memorije su potpuno ispravne, skinute su sa moje ploče zbog stavljanja modula od 4GB. Sve četiri memorije su međusobno kompatibilne i mogu raditi u dual channel modu ako to m",[],"[{""start"": 258, ""end"": 261, ""label"": ""RAM"", ""text"": ""4GB""}]",[]
K0444,460,body,2,SUVISNO,RAM,"Memorije su potpuno ispravne, skinute su sa moje ploče zbog stavljanja modula od 4GB. Sve četiri memorije su međusobno kompatibilne i mogu raditi u dual channel modu ako to matična ploča",[],"[{""start"": 267, ""end"": 273, ""label"": ""RAM"", ""text"": ""četiri""}]",[]
K0445,460,body,2,SUVISNO,RAM,"g stavljanja modula od 4GB. Sve četiri memorije su međusobno kompatibilne i mogu raditi u dual channel modu ako to matična ploča podržava.

Cena je za sva četiri modula.",[],"[{""start"": 325, ""end"": 337, ""label"": ""RAM"", ""text"": ""dual channel""}]",[]
K0446,460,title,2,GRANICA_SIRA,RAM,Ram DDR3 2GB 4 komada,"[{""start"": 4, ""end"": 12, ""label"": ""RAM"", ""text"": ""DDR3 2GB""}]","[{""start"": 4, ""end"": 21, ""label"": ""RAM"", ""text"": ""DDR3 2GB 4 komada""}]",[]
K0447,462,body,1,GRANICA_UZA,RAM,"Ispravna serverska DDR3 memorija

- Micron

- 4Gb 2RX4 PC3-10600R-9-10-JP

- brzina 1333 MHz

- 4096 Mb/1333 MHz
","[{""start"": 9, ""end"": 23, ""label"": ""RAM"", ""text"": ""serverska DDR3""}]","[{""start"": 19, ""end"": 23, ""label"": ""RAM"", ""text"": ""DDR3""}]",[]
K0448,465,body,4,GRANICA_SIRA,RAM,"3 MHz.

Kapacitet: 8 GB

Tip memorije: DDR4

Brzina: 2133 MHz

Latencija memorije: CL 16

Hladnjak: Da

Napon: 1.35 V

Karakteristike:

Dobar kvalitet

Testirano i sertifikovano

Odgovarajuće ","[{""start"": 195, ""end"": 197, ""label"": ""RAM"", ""text"": ""Da""}]","[{""start"": 185, ""end"": 197, ""label"": ""RAM"", ""text"": ""Hladnjak: Da""}]",[]
K0449,465,title,4,GRANICA_UZA,RAM,MicroMemory MMHP004-8GB RAM Memorija DDR4 2133 DK,"[{""start"": 37, ""end"": 49, ""label"": ""RAM"", ""text"": ""DDR4 2133 DK""}]","[{""start"": 37, ""end"": 46, ""label"": ""RAM"", ""text"": ""DDR4 2133""}]",[]
K0450,467,body,4,SUVISNO,RAM,"Cena za obe memorije Corsair XMS2 2Gb 800MHz ddr2

Pozeljno licno preuzimanje, Beograd - Konjarnik.

",[],"[{""start"": 8, ""end"": 11, ""label"": ""RAM"", ""text"": ""obe""}]",[]
K0451,471,body,4,SUVISNO,RAM,"F

DDR3 RAM memorija, namenjena primarno Lenovo laptopovima (na poleđini memorije i stoji Lenovo logo)

Lično preuzimanje u Beogradu ili slanje PostExpressom.

Plaćanje pouzećem, troškov",[],"[{""start"": 197, ""end"": 203, ""label"": ""RAM"", ""text"": ""Lenovo""}]",[]
K0452,474,title,3,GRANICA_SIRA,RAM,Crucial DDR4 memorija,"[{""start"": 8, ""end"": 12, ""label"": ""RAM"", ""text"": ""DDR4""}]","[{""start"": 0, ""end"": 12, ""label"": ""RAM"", ""text"": ""Crucial DDR4""}]",[]
K0453,475,body,4,GRANICA_SIRA,RAM,"Lenovo - SK Hynix 8GB DDR4 3200MHz, HMAA1GS6CJR6N-XN
SO-DIMM Laptop RAM memorija
CL16, CAS Supported: 10 11 12 13 14 15 16 17 18 19 20 21 22 2","[{""start"": 0, ""end"": 34, ""label"": ""RAM"", ""text"": ""Lenovo - SK Hynix 8GB DDR4 3200MHz""}]","[{""start"": 0, ""end"": 52, ""label"": ""RAM"", ""text"": ""Lenovo - SK Hynix 8GB DDR4 3200MHz, HMAA1GS6CJR6N-XN""}]",[]
K0454,475,body,4,SUVISNO,RAM,"Lenovo - SK Hynix 8GB DDR4 3200MHz, HMAA1GS6CJR6N-XN
SO-DIMM Laptop RAM memorija
CL16, CAS Supported: 10 11 12 13 14 15 16 17 18 19 20 21 22 24",[],"[{""start"": 81, ""end"": 85, ""label"": ""RAM"", ""text"": ""CL16""}]",[]
K0455,475,body,4,FRAGMENTACIJA,RAM,"Hynix 8GB DDR4 3200MHz, HMAA1GS6CJR6N-XN
SO-DIMM Laptop RAM memorija
CL16, CAS Supported: 10 11 12 13 14 15 16 17 18 19 20 21 22 24","[{""start"": 102, ""end"": 143, ""label"": ""RAM"", ""text"": ""10 11 12 13 14 15 16 17 18 19 20 21 22 24""}]","[{""start"": 102, ""end"": 104, ""label"": ""RAM"", ""text"": ""10""}, {""start"": 105, ""end"": 107, ""label"": ""RAM"", ""text"": ""11""}, {""start"": 108, ""end"": 110, ""label"": ""RAM"", ""text"": ""12""}, {""start"": 111, ""end"": 113, ""label"": ""RAM"", ""text"": ""13""}, {""start"": 114, ""end"": 116, ""label"": ""RAM"", ""text"": ""14""}, {""start"": 117, ""end"": 119, ""label"": ""RAM"", ""text"": ""15""}, {""start"": 120, ""end"": 122, ""label"": ""RAM"", ""text"": ""16""}, {""start"": 123, ""end"": 125, ""label"": ""RAM"", ""text"": ""17""}, {""start"": 126, ""end"": 128, ""label"": ""RAM"", ""text"": ""18""}, {""start"": 129, ""end"": 131, ""label"": ""RAM"", ""text"": ""19""}, {""start"": 132, ""end"": 134, ""label"": ""RAM"", ""text"": ""20""}, {""start"": 135, ""end"": 137, ""label"": ""RAM"", ""text"": ""21""}, {""start"": 138, ""end"": 140, ""label"": ""RAM"", ""text"": ""22""}, {""start"": 141, ""end"": 143, ""label"": ""RAM"", ""text"": ""24""}]",[]
K0456,477,body,3,GRANICA_SIRA,SKLADISTE,"USB flash 2Gb, marke Verbatim. Ispravan. Slika je sa neta-isto izgleda.","[{""start"": 10, ""end"": 13, ""label"": ""SKLADISTE"", ""text"": ""2Gb""}]","[{""start"": 0, ""end"": 13, ""label"": ""SKLADISTE"", ""text"": ""USB flash 2Gb""}]",[]
K0457,477,body,3,SUVISNO,SKLADISTE,"USB flash 2Gb, marke Verbatim. Ispravan. Slika je sa neta-isto izgleda.",[],"[{""start"": 21, ""end"": 29, ""label"": ""SKLADISTE"", ""text"": ""Verbatim""}]",[]
K0458,477,title,3,GRANICA_SIRA,SKLADISTE,USB 2Gb flash Verbatim,"[{""start"": 4, ""end"": 7, ""label"": ""SKLADISTE"", ""text"": ""2Gb""}]","[{""start"": 0, ""end"": 22, ""label"": ""SKLADISTE"", ""text"": ""USB 2Gb flash Verbatim""}]",[]
K0459,480,body,4,GRANICA_UZA,SKLADISTE,"64GB. USB Flash, Ultra S
USB flash memorija velikog kapaciteta odlična za skladištenje podataka.

Izuzetno tanka m","[{""start"": 0, ""end"": 24, ""label"": ""SKLADISTE"", ""text"": ""64GB. USB Flash, Ultra S""}]","[{""start"": 0, ""end"": 9, ""label"": ""SKLADISTE"", ""text"": ""64GB. USB""}]",[]
K0460,480,body,4,PROPUSTENO,SKLADISTE,"64GB. USB Flash, Ultra S
USB flash memorija velikog kapaciteta odlična za skladištenje podataka.

Izuzetno tanka memorija te","[{""start"": 25, ""end"": 34, ""label"": ""SKLADISTE"", ""text"": ""USB flash""}]",[],[]
K0461,480,title,4,GRANICA_UZA,SKLADISTE,"64GB. USB Flash, Ultra Slim, novo","[{""start"": 0, ""end"": 27, ""label"": ""SKLADISTE"", ""text"": ""64GB. USB Flash, Ultra Slim""}]","[{""start"": 0, ""end"": 9, ""label"": ""SKLADISTE"", ""text"": ""64GB. USB""}]",[]
K0462,485,body,4,GRANICA_UZA,SKLADISTE,"HDD Western Digital 320 Gb, malo korišćen, potpuno ispravan (ispitano u servisu).","[{""start"": 0, ""end"": 26, ""label"": ""SKLADISTE"", ""text"": ""HDD Western Digital 320 Gb""}]","[{""start"": 4, ""end"": 26, ""label"": ""SKLADISTE"", ""text"": ""Western Digital 320 Gb""}]",[]
K0463,485,title,4,GRANICA_UZA,SKLADISTE,HDD Western Digital 320 GB,"[{""start"": 0, ""end"": 26, ""label"": ""SKLADISTE"", ""text"": ""HDD Western Digital 320 GB""}]","[{""start"": 4, ""end"": 26, ""label"": ""SKLADISTE"", ""text"": ""Western Digital 320 GB""}]",[]
K0464,488,body,1,SPAJANJE,SKLADISTE,Na prodaju sata 2.5' hard disk za laptopove. U hd sentinelu pokazuje 100% health i 100% performance. Prodaje se kao polovan. za sva pitanja vam stojim na raspolaganju.,"[{""start"": 69, ""end"": 73, ""label"": ""SKLADISTE"", ""text"": ""100%""}, {""start"": 83, ""end"": 87, ""label"": ""SKLADISTE"", ""text"": ""100%""}]","[{""start"": 69, ""end"": 99, ""label"": ""SKLADISTE"", ""text"": ""100% health i 100% performance""}]",[]
K0465,489,body,2,SPAJANJE,SKLADISTE,"jac Samsung

Model MZ-V7E250BW

Tip SSD (Solid state drive)

Kapacitet 250GB

Povezivanje M.2 (M type)

Brzina citanja/pisanja Brzina citanja: 3400MB/s, Brzina upisa: 1500MB/s

Kontroler Samsu","[{""start"": 525, ""end"": 528, ""label"": ""SKLADISTE"", ""text"": ""M.2""}, {""start"": 530, ""end"": 536, ""label"": ""SKLADISTE"", ""text"": ""M type""}]","[{""start"": 525, ""end"": 537, ""label"": ""SKLADISTE"", ""text"": ""M.2 (M type)""}]",[]
K0466,489,body,2,SUVISNO,SKLADISTE,"Kontroler Samsung Phoenix (S4LR020)

Predvidjeni vek trajanja 1.5 Miliona sati

Dimenzije 80x22x2.38mm

Masa 9g

Garancija 60 meseci

EAN kod 8801643205386",[],"[{""start"": 702, ""end"": 714, ""label"": ""SKLADISTE"", ""text"": ""80x22x2.38mm""}]",[]
K0467,489,body,2,SUVISNO,SKLADISTE,"hoenix (S4LR020)

Predvidjeni vek trajanja 1.5 Miliona sati

Dimenzije 80x22x2.38mm

Masa 9g

Garancija 60 meseci

EAN kod 8801643205386",[],"[{""start"": 721, ""end"": 723, ""label"": ""SKLADISTE"", ""text"": ""9g""}]",[]
K0468,489,body,2,SUVISNO,SKLADISTE," trajanja 1.5 Miliona sati

Dimenzije 80x22x2.38mm

Masa 9g

Garancija 60 meseci

EAN kod 8801643205386",[],"[{""start"": 754, ""end"": 767, ""label"": ""SKLADISTE"", ""text"": ""8801643205386""}]",[]
K0469,490,body,3,SUVISNO,SKLADISTE,"– Karakteristike:

USB flash memorija u obliku Mercedes Benz auto ključa

memorija 8GB

Tip interfejsa 2.0",[],"[{""start"": 19, ""end"": 28, ""label"": ""SKLADISTE"", ""text"": ""USB flash""}]",[]
K0470,490,body,3,SUVISNO,SKLADISTE,"– Karakteristike:

USB flash memorija u obliku Mercedes Benz auto ključa

memorija 8GB

Tip interfejsa 2.0",[],"[{""start"": 83, ""end"": 86, ""label"": ""SKLADISTE"", ""text"": ""8GB""}]",[]
K0471,490,body,3,SUVISNO,SKLADISTE,"ike:

USB flash memorija u obliku Mercedes Benz auto ključa

memorija 8GB

Tip interfejsa 2.0",[],"[{""start"": 103, ""end"": 106, ""label"": ""SKLADISTE"", ""text"": ""2.0""}]",[]
K0472,490,title,3,SUVISNO,SKLADISTE,USB flash memorija u obliku Mercedes auto ključa,[],"[{""start"": 0, ""end"": 9, ""label"": ""SKLADISTE"", ""text"": ""USB flash""}]",[]
K0473,495,body,4,PROPUSTENO,SKLADISTE,"Proizvodjac: WD

Model: WD10EURX

Tip: Interni hard disk

Povezivanje: Sata III (SATA 6Gb/s)

Kapacitet: 1TB

Bafer kes: 64MB

Broj obrtaja u minu","[{""start"": 39, ""end"": 56, ""label"": ""SKLADISTE"", ""text"": ""Interni hard disk""}]",[],[]
K0474,495,body,4,GRANICA_UZA,SKLADISTE,"II (SATA 6Gb/s)

Kapacitet: 1TB

Bafer kes: 64MB

Broj obrtaja u minuti: 7200rpm

Format: 3.5"" za desktop racunar

hdd rack harddisk HDD

Hard disk je u originalnom ne otvaranom pakovanju.","[{""start"": 167, ""end"": 190, ""label"": ""SKLADISTE"", ""text"": ""3.5\"" za desktop racunar""}]","[{""start"": 167, ""end"": 171, ""label"": ""SKLADISTE"", ""text"": ""3.5\""""}]",[]
K0475,495,body,4,PROPUSTENO,SKLADISTE,"t: 1TB

Bafer kes: 64MB

Broj obrtaja u minuti: 7200rpm

Format: 3.5"" za desktop racunar

hdd rack harddisk HDD

Hard disk je u originalnom ne otvaranom pakovanju.","[{""start"": 192, ""end"": 213, ""label"": ""SKLADISTE"", ""text"": ""hdd rack harddisk HDD""}]",[],[]
K0476,495,title,4,GRANICA_UZA,SKLADISTE,HDD 3.5 1TB WD10EURX WD AV-GP Green IntelliPower,"[{""start"": 0, ""end"": 48, ""label"": ""SKLADISTE"", ""text"": ""HDD 3.5 1TB WD10EURX WD AV-GP Green IntelliPower""}]","[{""start"": 4, ""end"": 48, ""label"": ""SKLADISTE"", ""text"": ""3.5 1TB WD10EURX WD AV-GP Green IntelliPower""}]",[]
K0477,496,body,4,PROPUSTENO,SKLADISTE,"Proizvodjac: WD

Model: WD5000AUDX

Tip: Interni hard disk harddisk HDD

Povezivanje: Sata III

Kapacitet: 500GB

Bafer kes: 32MB

Broj obrtaja u minuti: 5400rpm","[{""start"": 68, ""end"": 71, ""label"": ""SKLADISTE"", ""text"": ""HDD""}]",[],[]
K0478,496,body,4,GRANICA_UZA,SKLADISTE,"nje: Sata III

Kapacitet: 500GB

Bafer kes: 32MB

Broj obrtaja u minuti: 5400rpm

Format: 3.5"" za desktop racunar

hdd rack

Hard disk je u originalnom ne otvaranom pakovanju.","[{""start"": 171, ""end"": 194, ""label"": ""SKLADISTE"", ""text"": ""3.5\"" za desktop racunar""}]","[{""start"": 171, ""end"": 175, ""label"": ""SKLADISTE"", ""text"": ""3.5\""""}]",[]
K0479,496,title,4,GRANICA_UZA,SKLADISTE,HDD 3.5 500GB WD5000AUDX WD AV-GP Green IntelliPo,"[{""start"": 0, ""end"": 49, ""label"": ""SKLADISTE"", ""text"": ""HDD 3.5 500GB WD5000AUDX WD AV-GP Green IntelliPo""}]","[{""start"": 4, ""end"": 49, ""label"": ""SKLADISTE"", ""text"": ""3.5 500GB WD5000AUDX WD AV-GP Green IntelliPo""}]",[]
K0480,498,body,4,SPAJANJE,SKLADISTE," 100%, health 97% (provereno u hdd sentinel).

Brzina čitanja do 540 mb/s, brzina pisanja do 520 mb/s, samsung mgx kontroler.

cena je 60 eura ili 7.200, oo dinara fiksno

za sva dodatna pitanja stojim na raspolaga","[{""start"": 177, ""end"": 188, ""label"": ""SKLADISTE"", ""text"": ""do 520 mb/s""}, {""start"": 190, ""end"": 211, ""label"": ""SKLADISTE"", ""text"": ""samsung mgx kontroler""}]","[{""start"": 177, ""end"": 201, ""label"": ""SKLADISTE"", ""text"": ""do 520 mb/s, samsung mgx""}]",[]
K0481,499,body,3,GRANICA_SIRA,SKLADISTE,"Nove Kingston USB memorije 32-256GB, u originalnom pakovanju sa garancijom 5 godina, visok kvalitet i brzin","[{""start"": 5, ""end"": 13, ""label"": ""SKLADISTE"", ""text"": ""Kingston""}]","[{""start"": 5, ""end"": 17, ""label"": ""SKLADISTE"", ""text"": ""Kingston USB""}]",[]
K0482,499,title,3,GRANICA_SIRA,SKLADISTE,Kingston USB flash memorije 32-256GB,"[{""start"": 0, ""end"": 8, ""label"": ""SKLADISTE"", ""text"": ""Kingston""}]","[{""start"": 0, ""end"": 12, ""label"": ""SKLADISTE"", ""text"": ""Kingston USB""}]",[]
K0483,501,body,2,SUVISNO,SKLADISTE,"Novi, nikad korišćeni WD PURPLE hard diskovi od 4TB!

Stigli iz Švajcarske, neotpakovani!

5400rpm - mnogo bolji od 7200r",[],"[{""start"": 22, ""end"": 31, ""label"": ""SKLADISTE"", ""text"": ""WD PURPLE""}]",[]
K0484,501,body,2,SUVISNO,SKLADISTE,"jer se manje greju i dugotrajniji su

Purple serija Wester Digitala napravljena je za rad 24/7 pa su zato najbolji za video nadzor kao i popularno CHIA majnovanje. Naravno, najbolji su",[],"[{""start"": 214, ""end"": 218, ""label"": ""SKLADISTE"", ""text"": ""24/7""}]",[]
K0485,508,title,3,FRAGMENTACIJA,SKLADISTE,Hitachi 80 GB Sata health 9/100 HTS721080G9SA00,"[{""start"": 0, ""end"": 47, ""label"": ""SKLADISTE"", ""text"": ""Hitachi 80 GB Sata health 9/100 HTS721080G9SA00""}]","[{""start"": 0, ""end"": 18, ""label"": ""SKLADISTE"", ""text"": ""Hitachi 80 GB Sata""}, {""start"": 26, ""end"": 47, ""label"": ""SKLADISTE"", ""text"": ""9/100 HTS721080G9SA00""}]",[]
K0486,510,body,1,FRAGMENTACIJA,SKLADISTE,"Caddy-kasete-fioke za SAS/SATA diskove veličine 2.5` i 3.5"".

Za sve HP Proliant servere Generacije G1/G2/G3/G4/G5/G6/G7","[{""start"": 22, ""end"": 30, ""label"": ""SKLADISTE"", ""text"": ""SAS/SATA""}]","[{""start"": 22, ""end"": 25, ""label"": ""SKLADISTE"", ""text"": ""SAS""}, {""start"": 26, ""end"": 30, ""label"": ""SKLADISTE"", ""text"": ""SATA""}]",[]
K0487,510,body,1,FRAGMENTACIJA,SKLADISTE," Proliant servere Generacije G1/G2/G3/G4/G5/G6/G7/G8 /G9 i G10 koji koriste 2.5 /3.5 inča SAS/SATA diskove.

Oznake:
HP2.5` SFF 371593-001 - HP G1/G2/G3/G4/G5/G6/G7 ,
2.5` SFF 651687-001 -","[{""start"": 161, ""end"": 169, ""label"": ""SKLADISTE"", ""text"": ""SAS/SATA""}]","[{""start"": 161, ""end"": 164, ""label"": ""SKLADISTE"", ""text"": ""SAS""}, {""start"": 165, ""end"": 169, ""label"": ""SKLADISTE"", ""text"": ""SATA""}]",[]
K0488,513,body,3,SUVISNO,SKLADISTE,"67.3 x 21.04 x 10.14 mm

Boja: crna

Prava potrošača: Zakonska saobraznost 2 godine

EAN: 740617309829",[],"[{""start"": 148, ""end"": 160, ""label"": ""SKLADISTE"", ""text"": ""740617309829""}]",[]
K0489,513,title,3,FRAGMENTACIJA,SKLADISTE,64gb dtx/64gb Kingston usb flash memorija,"[{""start"": 0, ""end"": 22, ""label"": ""SKLADISTE"", ""text"": ""64gb dtx/64gb Kingston""}]","[{""start"": 0, ""end"": 8, ""label"": ""SKLADISTE"", ""text"": ""64gb dtx""}, {""start"": 9, ""end"": 22, ""label"": ""SKLADISTE"", ""text"": ""64gb Kingston""}]",[]
K0490,517,body,3,GRANICA_SIRA,SKLADISTE,"tachi Deskstar 320GB - ODE

7. WD Blue 500 GB - 2000 din

8. Samsung 500GB - 2000 din

9. Hitachi Deskstar 500GB (98%) - 1200 din

10. WD Enterprise 500GB (NOVO) - 3000 din

11. WD 640 GB - 2500 din

12. WD B","[{""start"": 337, ""end"": 359, ""label"": ""SKLADISTE"", ""text"": ""Hitachi Deskstar 500GB""}]","[{""start"": 337, ""end"": 365, ""label"": ""SKLADISTE"", ""text"": ""Hitachi Deskstar 500GB (98%)""}]",[]
K0491,519,body,1,GRANICA_SIRA,SKLADISTE,"USB 64GB 3u1 TYPE C/android/racunar

Text me Usb flash drives

OTG pen drive

3 IN 1

To android

Type C

PC, laptop

pendriv","[{""start"": 0, ""end"": 19, ""label"": ""SKLADISTE"", ""text"": ""USB 64GB 3u1 TYPE C""}]","[{""start"": 0, ""end"": 35, ""label"": ""SKLADISTE"", ""text"": ""USB 64GB 3u1 TYPE C/android/racunar""}]",[]
K0492,519,body,1,SUVISNO,SKLADISTE,"USB 64GB 3u1 TYPE C/android/racunar

Text me Usb flash drives

OTG pen drive

3 IN 1

To android

Type C

PC, laptop

pendrive usb stick 6",[],"[{""start"": 45, ""end"": 48, ""label"": ""SKLADISTE"", ""text"": ""Usb""}]",[]
K0493,519,body,1,SUVISNO,SKLADISTE,"USB 64GB 3u1 TYPE C/android/racunar

Text me Usb flash drives

OTG pen drive

3 IN 1

To android

Type C

PC, laptop

pendrive usb stick 64gb

usb 2.0 OTG usb

Potpuno novi USB flash od ",[],"[{""start"": 89, ""end"": 96, ""label"": ""SKLADISTE"", ""text"": ""android""}]",[]
K0494,519,body,1,SUVISNO,SKLADISTE,"E C/android/racunar

Text me Usb flash drives

OTG pen drive

3 IN 1

To android

Type C

PC, laptop

pendrive usb stick 64gb

usb 2.0 OTG usb

Potpuno novi USB flash od 64 GB.

Veoma dobar ",[],"[{""start"": 106, ""end"": 116, ""label"": ""SKLADISTE"", ""text"": ""PC, laptop""}]",[]
K0495,519,body,1,SUVISNO,SKLADISTE,"Text me Usb flash drives

OTG pen drive

3 IN 1

To android

Type C

PC, laptop

pendrive usb stick 64gb

usb 2.0 OTG usb

Potpuno novi USB flash od 64 GB.

Veoma dobar i praktičan, k",[],"[{""start"": 127, ""end"": 130, ""label"": ""SKLADISTE"", ""text"": ""usb""}]",[]
K0496,519,title,1,SPAJANJE,SKLADISTE,"USB 64 GB 3u1, android/Type C/računar","[{""start"": 0, ""end"": 13, ""label"": ""SKLADISTE"", ""text"": ""USB 64 GB 3u1""}, {""start"": 23, ""end"": 29, ""label"": ""SKLADISTE"", ""text"": ""Type C""}]","[{""start"": 0, ""end"": 37, ""label"": ""SKLADISTE"", ""text"": ""USB 64 GB 3u1, android/Type C/računar""}]",[]
K0497,527,title,1,SPAJANJE,SKLADISTE,Lenovo USB Flash 2TB,"[{""start"": 0, ""end"": 6, ""label"": ""SKLADISTE"", ""text"": ""Lenovo""}, {""start"": 7, ""end"": 10, ""label"": ""SKLADISTE"", ""text"": ""USB""}, {""start"": 17, ""end"": 20, ""label"": ""SKLADISTE"", ""text"": ""2TB""}]","[{""start"": 0, ""end"": 20, ""label"": ""SKLADISTE"", ""text"": ""Lenovo USB Flash 2TB""}]",[]
K0498,534,body,4,FRAGMENTACIJA,SKLADISTE,Na prodaju novi nekorišćeni Xiaomi USB sa 2TB. Na slikama takodje možete videti i dodatak za ulazni tip C za telefon kao i rupicu koja ,"[{""start"": 28, ""end"": 45, ""label"": ""SKLADISTE"", ""text"": ""Xiaomi USB sa 2TB""}]","[{""start"": 28, ""end"": 38, ""label"": ""SKLADISTE"", ""text"": ""Xiaomi USB""}, {""start"": 42, ""end"": 45, ""label"": ""SKLADISTE"", ""text"": ""2TB""}]",[]
K0499,534,body,4,PROPUSTENO,SKLADISTE,"s: Tip C &USB 3.1 · Neto težina: 9g · Veličina: 69 * 19 * 5,5 mm · Kapacitet: 2TB · Boja: Srebrna · Sistem podrške: Podržava sve tipove operativnih sistema · Sadrži: USB fleš + dodatak za","[{""start"": 515, ""end"": 522, ""label"": ""SKLADISTE"", ""text"": ""Srebrna""}]",[],[]
K0500,534,body,4,PROPUSTENO,SKLADISTE,"ežina: 9g · Veličina: 69 * 19 * 5,5 mm · Kapacitet: 2TB · Boja: Srebrna · Sistem podrške: Podržava sve tipove operativnih sistema · Sadrži: USB fleš + dodatak za ključeve + C ulaz Karakteristike: · Velika brzina i stabi","[{""start"": 541, ""end"": 580, ""label"": ""SKLADISTE"", ""text"": ""Podržava sve tipove operativnih sistema""}]",[],[]
K0501,534,body,4,GRANICA_UZA,SKLADISTE,": 2TB · Boja: Srebrna · Sistem podrške: Podržava sve tipove operativnih sistema · Sadrži: USB fleš + dodatak za ključeve + C ulaz Karakteristike: · Velika brzina i stabilan prenos podataka, dizajniran za uređaje sledeć","[{""start"": 591, ""end"": 630, ""label"": ""SKLADISTE"", ""text"": ""USB fleš + dodatak za ključeve + C ulaz""}]","[{""start"": 591, ""end"": 599, ""label"": ""SKLADISTE"", ""text"": ""USB fleš""}]",[]
K0502,534,body,4,SUVISNO,SKLADISTE,"ika brzina i stabilan prenos podataka, dizajniran za uređaje sledeće generacije sa novim USB tipom C portom. · Nije potrebno eksterno napajanje. · Dizajn 2 u 1 sa portom tipa C i USB 3.1 kon",[],"[{""start"": 742, ""end"": 753, ""label"": ""SKLADISTE"", ""text"": ""USB tipom C""}]",[]
K0503,534,body,4,PROPUSTENO,SKLADISTE,"a, dizajniran za uređaje sledeće generacije sa novim USB tipom C portom. · Nije potrebno eksterno napajanje. · Dizajn 2 u 1 sa portom tipa C i USB 3.1 konektorom, lak za prenos podataka između uređ","[{""start"": 778, ""end"": 796, ""label"": ""SKLADISTE"", ""text"": ""eksterno napajanje""}]",[],[]
K0504,534,body,4,GRANICA_SIRA,SKLADISTE,"prenos podataka između uređaja tipa C i računara. · Koristi čip A klase, briše ga više od 100.000 puta. · Solid State Storage - prenosivi, ultra prozirni poklopac može dobro zaštititi konektor","[{""start"": 949, ""end"": 956, ""label"": ""SKLADISTE"", ""text"": ""100.000""}]","[{""start"": 949, ""end"": 961, ""label"": ""SKLADISTE"", ""text"": ""100.000 puta""}]",[]
K0505,534,body,4,GRANICA_UZA,SKLADISTE,"između uređaja tipa C i računara. · Koristi čip A klase, briše ga više od 100.000 puta. · Solid State Storage - prenosivi, ultra prozirni poklopac može dobro zaštititi konektor od udarca, padova i grebanja. · Br","[{""start"": 965, ""end"": 996, ""label"": ""SKLADISTE"", ""text"": ""Solid State Storage - prenosivi""}]","[{""start"": 965, ""end"": 984, ""label"": ""SKLADISTE"", ""text"": ""Solid State Storage""}]",[]
K0506,535,title,4,PROPUSTENO,SKLADISTE,USB HUB 4 ulaza,"[{""start"": 0, ""end"": 15, ""label"": ""SKLADISTE"", ""text"": ""USB HUB 4 ulaza""}]",[],[]
K0507,536,body,2,SPAJANJE,SKLADISTE,"nju.

Specifikacije:

Seagate Laptop Thin HDD - 500 GB
Seagate Momentus Thin HDD - 500 GB
Toshiba MQ01ABF050 - 500 GB
Cena:

2000 dinara za sva tri diska zajedno
1000 dinara po komadu
Svi diskovi su testiran","[{""start"": 159, ""end"": 177, ""label"": ""SKLADISTE"", ""text"": ""Toshiba MQ01ABF050""}, {""start"": 180, ""end"": 186, ""label"": ""SKLADISTE"", ""text"": ""500 GB""}]","[{""start"": 159, ""end"": 186, ""label"": ""SKLADISTE"", ""text"": ""Toshiba MQ01ABF050 - 500 GB""}]",[]
K0508,537,body,1,SUVISNO,SKLADISTE,"ređaji predstavljaju apsolutno najbolji kvalitet u ovoj oblasti.

4. Plastična školjka od 7 mm, jednostavna za ugradnju u desktop laptop.

5. Sa velikom brzinom čitanja i pisanja. Do 5",[],"[{""start"": 485, ""end"": 489, ""label"": ""SKLADISTE"", ""text"": ""7 mm""}]",[]
K0509,537,title,1,SUVISNO,SKLADISTE,Eksterni hard diskovi,[],"[{""start"": 0, ""end"": 8, ""label"": ""SKLADISTE"", ""text"": ""Eksterni""}]",[]
K0510,542,title,2,GRANICA_SIRA,SKLADISTE,"Multiboot usb 64gb , Zorin OS Pro , Android","[{""start"": 14, ""end"": 18, ""label"": ""SKLADISTE"", ""text"": ""64gb""}]","[{""start"": 0, ""end"": 18, ""label"": ""SKLADISTE"", ""text"": ""Multiboot usb 64gb""}]",[]
K0511,543,body,2,SPAJANJE,SKLADISTE,"Prodajem ispravne hardove za desktop racunare, velicine 3.5 inca, sata konekcija

cena za jedan komad je 2000 dinara

troskove slanja placa kupac

moze i licno ","[{""start"": 56, ""end"": 64, ""label"": ""SKLADISTE"", ""text"": ""3.5 inca""}, {""start"": 66, ""end"": 70, ""label"": ""SKLADISTE"", ""text"": ""sata""}]","[{""start"": 56, ""end"": 70, ""label"": ""SKLADISTE"", ""text"": ""3.5 inca, sata""}]",[]
K0512,543,title,2,FRAGMENTACIJA,SKLADISTE,Hard Disk HDD 500gb 3.5 Sata 100/100 Seagate Wd,"[{""start"": 14, ""end"": 44, ""label"": ""SKLADISTE"", ""text"": ""500gb 3.5 Sata 100/100 Seagate""}]","[{""start"": 14, ""end"": 36, ""label"": ""SKLADISTE"", ""text"": ""500gb 3.5 Sata 100/100""}, {""start"": 37, ""end"": 44, ""label"": ""SKLADISTE"", ""text"": ""Seagate""}]",[]
K0513,544,body,4,SUVISNO,SKLADISTE,"Prodajem ispravne 2. 5 inca hardove, konekcija sa racunarom samo sa usb kablicem, netreba nikakvo dodatno napajanje, samo vam je potreban kablic.

Toshiba 1tb 10",[],"[{""start"": 68, ""end"": 71, ""label"": ""SKLADISTE"", ""text"": ""usb""}]",[]
K0514,544,body,4,GRANICA_SIRA,SKLADISTE,"
HGST 320gb 100/100 radio samo 3/18 dana, slika 5 i slika 6. . . . . . . . . 2000 dinara

Toshiba 500gb 2 komada 100/100 radio samo 100/12 i 73/17 dana, slika 7 8 9 10. . . cena 3000 din

Samsung","[{""start"": 417, ""end"": 430, ""label"": ""SKLADISTE"", ""text"": ""Toshiba 500gb""}]","[{""start"": 417, ""end"": 432, ""label"": ""SKLADISTE"", ""text"": ""Toshiba 500gb 2""}]",[]
K0515,544,body,4,FRAGMENTACIJA,SKLADISTE,"slika 5 i slika 6. . . . . . . . . 2000 dinara

Toshiba 500gb 2 komada 100/100 radio samo 100/12 i 73/17 dana, slika 7 8 9 10. . . cena 3000 din

Samsung 500gb 100/100 radio samo 0/19 sati, slika 11 ","[{""start"": 459, ""end"": 478, ""label"": ""SKLADISTE"", ""text"": ""100/12 i 73/17 dana""}]","[{""start"": 459, ""end"": 465, ""label"": ""SKLADISTE"", ""text"": ""100/12""}, {""start"": 468, ""end"": 478, ""label"": ""SKLADISTE"", ""text"": ""73/17 dana""}]",[]
K0516,544,title,4,SUVISNO,SKLADISTE,Externi Hard Disk 250gb 320gb 500gb 1TB 2.5 inca,[],"[{""start"": 0, ""end"": 7, ""label"": ""SKLADISTE"", ""text"": ""Externi""}]",[]
K0517,544,title,4,FRAGMENTACIJA,SKLADISTE,Externi Hard Disk 250gb 320gb 500gb 1TB 2.5 inca,"[{""start"": 18, ""end"": 48, ""label"": ""SKLADISTE"", ""text"": ""250gb 320gb 500gb 1TB 2.5 inca""}]","[{""start"": 18, ""end"": 23, ""label"": ""SKLADISTE"", ""text"": ""250gb""}, {""start"": 24, ""end"": 29, ""label"": ""SKLADISTE"", ""text"": ""320gb""}, {""start"": 30, ""end"": 35, ""label"": ""SKLADISTE"", ""text"": ""500gb""}, {""start"": 36, ""end"": 39, ""label"": ""SKLADISTE"", ""text"": ""1TB""}, {""start"": 40, ""end"": 48, ""label"": ""SKLADISTE"", ""text"": ""2.5 inca""}]",[]
K0518,545,title,3,SUVISNO,SKLADISTE,USB flash memorija 2TB novo Lenovo!,[],"[{""start"": 0, ""end"": 9, ""label"": ""SKLADISTE"", ""text"": ""USB flash""}]",[]
K0519,545,title,3,SUVISNO,SKLADISTE,USB flash memorija 2TB novo Lenovo!,[],"[{""start"": 28, ""end"": 34, ""label"": ""SKLADISTE"", ""text"": ""Lenovo""}]",[]
K0520,549,body,3,FRAGMENTACIJA,SKLADISTE,"Samsung SATA harddisk / hdd, kapaciteta 160GB, model HD161HJ, RPM 7200RPM, cache 8MB

Nekorišćen, 0 radnih sati!

Test u prilogu, perfektan","[{""start"": 53, ""end"": 84, ""label"": ""SKLADISTE"", ""text"": ""HD161HJ, RPM 7200RPM, cache 8MB""}]","[{""start"": 53, ""end"": 60, ""label"": ""SKLADISTE"", ""text"": ""HD161HJ""}, {""start"": 66, ""end"": 73, ""label"": ""SKLADISTE"", ""text"": ""7200RPM""}, {""start"": 81, ""end"": 84, ""label"": ""SKLADISTE"", ""text"": ""8MB""}]",[]
K0521,549,body,3,GRANICA_SIRA,SKLADISTE,"SATA harddisk / hdd, kapaciteta 160GB, model HD161HJ, RPM 7200RPM, cache 8MB

Nekorišćen, 0 radnih sati!

Test u prilogu, perfektan","[{""start"": 98, ""end"": 99, ""label"": ""SKLADISTE"", ""text"": ""0""}]","[{""start"": 98, ""end"": 111, ""label"": ""SKLADISTE"", ""text"": ""0 radnih sati""}]",[]
K0522,549,title,3,GRANICA_SIRA,SKLADISTE,"Samsung SATA 160GB 7200RPM 8MB, NOV, 0 radnih sati","[{""start"": 37, ""end"": 38, ""label"": ""SKLADISTE"", ""text"": ""0""}]","[{""start"": 37, ""end"": 50, ""label"": ""SKLADISTE"", ""text"": ""0 radnih sati""}]",[]
K0523,550,body,2,GRANICA_SIRA,SKLADISTE,"Hard disk Toshiba 500Gb
Model MQ01ABD050
Pogledajte slike","[{""start"": 18, ""end"": 23, ""label"": ""SKLADISTE"", ""text"": ""500Gb""}]","[{""start"": 10, ""end"": 23, ""label"": ""SKLADISTE"", ""text"": ""Toshiba 500Gb""}]",[]
K0524,554,body,2,FRAGMENTACIJA,SKLADISTE," 128GB

1. Silicon power ssd 128GB Nov fabrička kutija cena 3600. -

2. Silicon power ssd 128GB 100% 0 dana/18h data slika 4 cena 3500. -

3. Silicon power ssd 128GB 100% 346 dana cena 2000. - TEST dat","[{""start"": 107, ""end"": 128, ""label"": ""SKLADISTE"", ""text"": ""128GB 100% 0 dana/18h""}]","[{""start"": 107, ""end"": 112, ""label"": ""SKLADISTE"", ""text"": ""128GB""}, {""start"": 113, ""end"": 128, ""label"": ""SKLADISTE"", ""text"": ""100% 0 dana/18h""}]",[]
K0525,554,body,2,FRAGMENTACIJA,SKLADISTE,". Silicon power ssd 128GB 100% 0 dana/18h data slika 4 cena 3500. -

3. Silicon power ssd 128GB 100% 346 dana cena 2000. - TEST data slika 5

SSD SILICON POWER KVALITETAN BRAND

brz savršeno stabilno","[{""start"": 177, ""end"": 196, ""label"": ""SKLADISTE"", ""text"": ""128GB 100% 346 dana""}]","[{""start"": 177, ""end"": 182, ""label"": ""SKLADISTE"", ""text"": ""128GB""}, {""start"": 183, ""end"": 196, ""label"": ""SKLADISTE"", ""text"": ""100% 346 dana""}]",[]
K0526,554,body,2,SUVISNO,SKLADISTE," HARD > ciljano se koristi samo da se stavi > O. S Windows dosta sve brže radi od običnog SATA HARDA tako da (treba nepreterano uložiti) u SSD HARD za O.S WINDOWS !

128GB ovo je dovol",[],"[{""start"": 427, ""end"": 431, ""label"": ""SKLADISTE"", ""text"": ""SATA""}]",[]
K0527,554,body,2,GRANICA_SIRA,SKLADISTE,"WS !

128GB ovo je dovoljan kapacitet za O. S Windows po instaliranju ostaće vam slobodno oko 80GB za brz rad > a sve ostalo slike dokumenta stavite na običan neki velik HARD ovo je najbol","[{""start"": 591, ""end"": 595, ""label"": ""SKLADISTE"", ""text"": ""80GB""}]","[{""start"": 587, ""end"": 595, ""label"": ""SKLADISTE"", ""text"": ""oko 80GB""}]",[]
K0528,559,title,2,GRANICA_SIRA,SKLADISTE,SSD Sandisk 512GB 100% helt,"[{""start"": 4, ""end"": 22, ""label"": ""SKLADISTE"", ""text"": ""Sandisk 512GB 100%""}]","[{""start"": 4, ""end"": 27, ""label"": ""SKLADISTE"", ""text"": ""Sandisk 512GB 100% helt""}]",[]
K0529,560,body,4,FRAGMENTACIJA,SKLADISTE,"Novo nekorišćeno !
Toshiba Hard 1TB 3. 5 sata + HDD Rack LC POWER !
ODLIČAN Komplet Toshiba Hard 1TB 3. 5 sata
+ HDD Rack LC POWER HIDRA
ceo komplet sa isp","[{""start"": 19, ""end"": 65, ""label"": ""SKLADISTE"", ""text"": ""Toshiba Hard 1TB 3. 5 sata + HDD Rack LC POWER""}]","[{""start"": 19, ""end"": 26, ""label"": ""SKLADISTE"", ""text"": ""Toshiba""}, {""start"": 32, ""end"": 45, ""label"": ""SKLADISTE"", ""text"": ""1TB 3. 5 sata""}]","[{""start"": 57, ""end"": 65, ""label"": ""BRAND"", ""text"": ""LC POWER""}]"
K0530,560,body,4,FRAGMENTACIJA,SKLADISTE,"Novo nekorišćeno !
Toshiba Hard 1TB 3. 5 sata + HDD Rack LC POWER !
ODLIČAN Komplet Toshiba Hard 1TB 3. 5 sata
+ HDD Rack LC POWER HIDRA
ceo komplet sa ispravljačem
Novo sve U fabričkoj kutiji
Ovaj hard sata je najdbrži rw oko","[{""start"": 84, ""end"": 136, ""label"": ""SKLADISTE"", ""text"": ""Toshiba Hard 1TB 3. 5 sata\n+ HDD Rack LC POWER HIDRA""}]","[{""start"": 84, ""end"": 91, ""label"": ""SKLADISTE"", ""text"": ""Toshiba""}, {""start"": 97, ""end"": 110, ""label"": ""SKLADISTE"", ""text"": ""1TB 3. 5 sata""}]","[{""start"": 122, ""end"": 130, ""label"": ""BRAND"", ""text"": ""LC POWER""}, {""start"": 131, ""end"": 136, ""label"": ""MODEL"", ""text"": ""HIDRA""}]"
K0531,560,body,4,SUVISNO,SKLADISTE,"HDD Rack LC POWER HIDRA
ceo komplet sa ispravljačem
Novo sve U fabričkoj kutiji
Ovaj hard sata je najdbrži rw oko 180MB/s dat test sa neta slika !
0 dana nekorišćen
standarni hard je k",[],"[{""start"": 203, ""end"": 207, ""label"": ""SKLADISTE"", ""text"": ""sata""}]",[]
K0532,560,body,4,GRANICA_UZA,SKLADISTE,"DRA
ceo komplet sa ispravljačem
Novo sve U fabričkoj kutiji
Ovaj hard sata je najdbrži rw oko 180MB/s dat test sa neta slika !
0 dana nekorišćen
standarni hard je kvalitetan mnogo duže traje ","[{""start"": 223, ""end"": 234, ""label"": ""SKLADISTE"", ""text"": ""oko 180MB/s""}]","[{""start"": 227, ""end"": 234, ""label"": ""SKLADISTE"", ""text"": ""180MB/s""}]",[]
K0533,560,body,4,SUVISNO,SKLADISTE,"sve U fabričkoj kutiji
Ovaj hard sata je najdbrži rw oko 180MB/s dat test sa neta slika !
0 dana nekorišćen
standarni hard je kvalitetan mnogo duže traje od usb flasha
treba za bitne sli",[],"[{""start"": 260, ""end"": 266, ""label"": ""SKLADISTE"", ""text"": ""0 dana""}]",[]
K0534,560,title,4,FRAGMENTACIJA,SKLADISTE,Novo Toshiba HARD 1TB+HDD RACK LC POWER Hidra novo,"[{""start"": 5, ""end"": 45, ""label"": ""SKLADISTE"", ""text"": ""Toshiba HARD 1TB+HDD RACK LC POWER Hidra""}]","[{""start"": 5, ""end"": 12, ""label"": ""SKLADISTE"", ""text"": ""Toshiba""}, {""start"": 18, ""end"": 21, ""label"": ""SKLADISTE"", ""text"": ""1TB""}]","[{""start"": 31, ""end"": 39, ""label"": ""BRAND"", ""text"": ""LC POWER""}, {""start"": 40, ""end"": 45, ""label"": ""MODEL"", ""text"": ""Hidra""}]"
K0535,567,body,3,SUVISNO,SKLADISTE,"a tableta je odlicno ocuvana
- 16GB / 2GB (DDR3), android 4.4.2, srpski meni
- podrska za SD karticu (do 128GB), ima HDMI slot
- 10.1 inca, 4 jezgra, 2 kamere, usb prikljucak
- bater",[],"[{""start"": 342, ""end"": 344, ""label"": ""SKLADISTE"", ""text"": ""SD""}]",[]
K0536,567,body,3,SUVISNO,GPU,"a
- 16GB / 2GB (DDR3), android 4.4.2, srpski meni
- podrska za SD karticu (do 128GB), ima HDMI slot
- 10.1 inca, 4 jezgra, 2 kamere, usb prikljucak
- baterije nije testirana detaljno
-",[],"[{""start"": 369, ""end"": 373, ""label"": ""GPU"", ""text"": ""HDMI""}]",[]
K0537,567,body,3,SUVISNO,CPU,"android 4.4.2, srpski meni
- podrska za SD karticu (do 128GB), ima HDMI slot
- 10.1 inca, 4 jezgra, 2 kamere, usb prikljucak
- baterije nije testirana detaljno
- prodaje se bez punjaca i d",[],"[{""start"": 392, ""end"": 400, ""label"": ""CPU"", ""text"": ""4 jezgra""}]","[{""start"": 381, ""end"": 390, ""label"": ""EKRAN"", ""text"": ""10.1 inca""}]"
K0538,573,body,1,PROPUSTENO,SKLADISTE,"va GPS/A-GPS/GLONASS/Beidou

Ulazni/izlazni konektori

- 2 x SIM slot (Nano+Nano ili Nano+TF)
- 1 x USB Tip-C port
- 1 x 3.5mm Audio konektor za slušalice ili zvučnike:

Pribor i opr","[{""start"": 1016, ""end"": 1018, ""label"": ""SKLADISTE"", ""text"": ""TF""}]",[],[]
K0539,581,body,2,SUVISNO,CENA,ije pa dolazi sa strujnim adapterom namenjenim za ta trzista (adapter za nase uticnice je oko 100din u bilo kojoj elektro radnji).,[],"[{""start"": 261, ""end"": 271, ""label"": ""CENA"", ""text"": ""oko 100din""}]",[]
K0540,594,body,3,SUVISNO,GPU,"ta 18,85x 10,8 cm.

- Android 13

- Quad Core procesor

- proizvođač grafičkih procesora: Allwinner

- maksimalna memorijska kartica 512GB

- 2GB RAM memorija, mogušnost proširenja za još 2",[],"[{""start"": 263, ""end"": 272, ""label"": ""GPU"", ""text"": ""Allwinner""}]",[]
K0541,594,body,3,SUVISNO,RAM,"r

- maksimalna memorijska kartica 512GB

- 2GB RAM memorija, mogušnost proširenja za još 2GB

- 32GB ROM memorija

- litijumska baterija-polimer 3500mAh

- dvostruka kamera - 0,3 i 2",[],"[{""start"": 361, ""end"": 364, ""label"": ""RAM"", ""text"": ""2GB""}]",[]
K0542,594,body,3,GRANICA_SIRA,SKLADISTE,"ksimalna memorijska kartica 512GB

- 2GB RAM memorija, mogušnost proširenja za još 2GB

- 32GB ROM memorija

- litijumska baterija-polimer 3500mAh

- dvostruka kamera - 0,3 i 2,0 MP

- dvo","[{""start"": 368, ""end"": 372, ""label"": ""SKLADISTE"", ""text"": ""32GB""}]","[{""start"": 368, ""end"": 376, ""label"": ""SKLADISTE"", ""text"": ""32GB ROM""}]",[]
K0543,628,body,4,GRANICA_SIRA,SKLADISTE,"kcionišu putem radio talasa.

Specifikacije:

DUAL SIM

Operativni Sistem-TGuard

Slot za Micro SD (do 32GB)

GSM Dual Band 850/900/1800 / 1900MHz

Baterija: 4,2 V , 2800mAh Li-Ion baterija

Rezoluc","[{""start"": 744, ""end"": 751, ""label"": ""SKLADISTE"", ""text"": ""do 32GB""}]","[{""start"": 734, ""end"": 752, ""label"": ""SKLADISTE"", ""text"": ""Micro SD (do 32GB)""}]",[]
K0544,637,body,4,SUVISNO,SKLADISTE,"uc

Potpuno nov mini mobilni ""Nokia""

Ekran: 0, 66inca

2 sim kartice ili 1 sim kartica + 1 tft kartica

Velicina:68*28*12mm

Baterija:350mah

Ram:32mb

Sd kartica 8gb (nije ukljucena)
",[],"[{""start"": 252, ""end"": 257, ""label"": ""SKLADISTE"", ""text"": ""1 tft""}]",[]
K0545,638,body,3,SUVISNO,SKLADISTE," mala beba… )

Snimanje razgovora

Telefon ima mesta za 2 SIM kartice ili 1 SIM kartica + 1 TFT kartica

Omogućava sinhronizaciju poruka preko Bluetooth-a

Koristi se kao Bluetooth telefon za ",[],"[{""start"": 335, ""end"": 348, ""label"": ""SKLADISTE"", ""text"": ""1 TFT kartica""}]",[]
K0546,638,body,3,SUVISNO,SKLADISTE,"stavan za nošenje i rukovanje.

Specifikacije:

Najmanji telefon ikada

Dual sim

Slot za SD karticu (kartica nije uključena)

Dug vek trajanja baterije

MP3

Može se povezati sa bilo kojim ",[],"[{""start"": 562, ""end"": 572, ""label"": ""SKLADISTE"", ""text"": ""SD karticu""}]",[]
K0547,638,body,3,SUVISNO,SKLADISTE,"m kao bluetooth uređaj

Veličina ekrana: 0, 66 inča

SIM kartica: Dual nano SIM kartica i 1 TF kartica se mogu ubaciti u isto vreme

RAM: 32MB

Eksterna memorija: TF kartica do 8GB (nije uklju",[],"[{""start"": 760, ""end"": 772, ""label"": ""SKLADISTE"", ""text"": ""1 TF kartica""}]",[]
K0548,638,body,3,GRANICA_SIRA,SKLADISTE,"no SIM kartica i 1 TF kartica se mogu ubaciti u isto vreme

RAM: 32MB

Eksterna memorija: TF kartica do 8GB (nije uključena)

Bluetooth: Da

Utor za TF karticu: Da

Micro USB slot: Da

Vreme razgov","[{""start"": 844, ""end"": 850, ""label"": ""SKLADISTE"", ""text"": ""do 8GB""}]","[{""start"": 833, ""end"": 850, ""label"": ""SKLADISTE"", ""text"": ""TF kartica do 8GB""}]",[]
K0549,638,body,3,SUVISNO,SKLADISTE,"Eksterna memorija: TF kartica do 8GB (nije uključena)

Bluetooth: Da

Utor za TF karticu: Da

Micro USB slot: Da

Vreme razgovora: 3 sata

Vreme pripravnosti: 72-120 sati

Dodatne ka",[],"[{""start"": 904, ""end"": 906, ""label"": ""SKLADISTE"", ""text"": ""Da""}]",[]
K0550,638,body,3,SUVISNO,SKLADISTE,"tne karakteristike: Alarm, Bluetooth

Baterija: 380mAh

2 SIM kartice ili 1 SIM kartica + 1 TFT kartica

Velicina: 68*28*12mm

Na stanju vise boja

Licno preuzimanje u Beogradu, po dogovoru, na",[],"[{""start"": 1080, ""end"": 1093, ""label"": ""SKLADISTE"", ""text"": ""1 TFT kartica""}]",[]
K0551,666,body,4,GRANICA_SIRA,SKLADISTE,".0 MP

Blic: Da, pozadi

RAM: 3 Gb

Interna memorija: 32 Gb

Memorijska kartica: podrzana MicroSD (do 512GB), uz telefon ne ide kartica!

SIM slot: SIM 1 + SIM 2 + MicroSD

USB: tip-C

Lokacija: GPS","[{""start"": 471, ""end"": 479, ""label"": ""SKLADISTE"", ""text"": ""do 512GB""}]","[{""start"": 462, ""end"": 480, ""label"": ""SKLADISTE"", ""text"": ""MicroSD (do 512GB)""}]",[]
K0552,666,body,4,SUVISNO,SKLADISTE,"rtica: podrzana MicroSD (do 512GB), uz telefon ne ide kartica!

SIM slot: SIM 1 + SIM 2 + MicroSD

USB: tip-C

Lokacija: GPS, Glonass, Beidou, Galileo

Prikljucak za slusalice: 3.5mm Ster",[],"[{""start"": 536, ""end"": 543, ""label"": ""SKLADISTE"", ""text"": ""MicroSD""}]",[]
K0553,668,body,3,GRANICA_UZA,RAM,"Apple iPhone 6s (baterija crkla), odlično očuvan, sistem je iOS 15.7.9, ima 2Gb RAM i 32Gb interne flash memorije. Baterija je crkla, treba da se zameni, neće da uključi tel","[{""start"": 76, ""end"": 83, ""label"": ""RAM"", ""text"": ""2Gb RAM""}]","[{""start"": 76, ""end"": 79, ""label"": ""RAM"", ""text"": ""2Gb""}]",[]
K0554,695,body,3,SUVISNO,CPU,"o)

Resolution

1080 x 2460 pixels (~396 ppi density)

Platform

OS

Android 13

Chipset

Mediatek Helio G99 (6 nm)

CPU

Octa-core (2x2.2 GHz Cortex-A76 &6x2.0 GHz Cortex-A55)

GPU

Mali-G57 MC2

Memory

",[],"[{""start"": 546, ""end"": 571, ""label"": ""CPU"", ""text"": ""Mediatek Helio G99 (6 nm)""}]",[]
K0555,695,body,3,SUVISNO,SKLADISTE,"-core (2x2.2 GHz Cortex-A76 &6x2.0 GHz Cortex-A55)

GPU

Mali-G57 MC2

Memory

Card slot

microSDXC

Internal

256GB 12GB RAM

Main Camera

Dual

108 MP, f/1.8, (wide), 1/1.67"", 0.64µm, PDA",[],"[{""start"": 672, ""end"": 681, ""label"": ""SKLADISTE"", ""text"": ""microSDXC""}]",[]
K0556,709,body,4,GRANICA_UZA,CPU,"Product CollectionIntel® Celeron® Processor G Series
Code NameProducts formerly Coffee Lake
Vertical SegmentDesktop
Processor Number G4930
Sta","[{""start"": 0, ""end"": 52, ""label"": ""CPU"", ""text"": ""Product CollectionIntel® Celeron® Processor G Series""}]","[{""start"": 18, ""end"": 52, ""label"": ""CPU"", ""text"": ""Intel® Celeron® Processor G Series""}]",[]
K0557,709,body,4,SUVISNO,CPU,"Product CollectionIntel® Celeron® Processor G Series
Code NameProducts formerly Coffee Lake
Vertical SegmentDesktop
Processor Number G4930
StatusLaunched
Launch Date Q2'19
Lithograp",[],"[{""start"": 80, ""end"": 91, ""label"": ""CPU"", ""text"": ""Coffee Lake""}]",[]
K0558,709,body,4,GRANICA_SIRA,CPU,"href="""" data-search-icon=""true"" data-keyboard=""true""> PC/Client/Tablet
CPU Specifications
# of Cores 2
# of Threads 2
Processor Base Frequency 3.20 GHz
Cache 2 MB Intel® Smart Cache
Bus Speed ","[{""start"": 500, ""end"": 501, ""label"": ""CPU"", ""text"": ""2""}]","[{""start"": 489, ""end"": 501, ""label"": ""CPU"", ""text"": ""# of Cores 2""}]",[]
K0559,709,body,4,GRANICA_SIRA,CPU,"search-icon=""true"" data-keyboard=""true""> PC/Client/Tablet
CPU Specifications
# of Cores 2
# of Threads 2
Processor Base Frequency 3.20 GHz
Cache 2 MB Intel® Smart Cache
Bus Speed 8 GT/s
TDP 54 W","[{""start"": 515, ""end"": 516, ""label"": ""CPU"", ""text"": ""2""}]","[{""start"": 502, ""end"": 516, ""label"": ""CPU"", ""text"": ""# of Threads 2""}]",[]
K0560,709,body,4,GRANICA_SIRA,CPU,"ue"" data-keyboard=""true""> PC/Client/Tablet
CPU Specifications
# of Cores 2
# of Threads 2
Processor Base Frequency 3.20 GHz
Cache 2 MB Intel® Smart Cache
Bus Speed 8 GT/s
TDP 54 W
Supplemental Information
Embedded","[{""start"": 542, ""end"": 550, ""label"": ""CPU"", ""text"": ""3.20 GHz""}]","[{""start"": 517, ""end"": 550, ""label"": ""CPU"", ""text"": ""Processor Base Frequency 3.20 GHz""}]",[]
K0561,709,body,4,GRANICA_SIRA,CPU,"t/Tablet
CPU Specifications
# of Cores 2
# of Threads 2
Processor Base Frequency 3.20 GHz
Cache 2 MB Intel® Smart Cache
Bus Speed 8 GT/s
TDP 54 W
Supplemental Information
Embedded Options Available No
Datashee","[{""start"": 557, ""end"": 580, ""label"": ""CPU"", ""text"": ""2 MB Intel® Smart Cache""}]","[{""start"": 551, ""end"": 580, ""label"": ""CPU"", ""text"": ""Cache 2 MB Intel® Smart Cache""}]",[]
K0562,709,body,4,GRANICA_SIRA,CPU,"hreads 2
Processor Base Frequency 3.20 GHz
Cache 2 MB Intel® Smart Cache
Bus Speed 8 GT/s
TDP 54 W
Supplemental Information
Embedded Options Available No
DatasheetView now
Memory Specifica","[{""start"": 602, ""end"": 606, ""label"": ""CPU"", ""text"": ""54 W""}]","[{""start"": 598, ""end"": 606, ""label"": ""CPU"", ""text"": ""TDP 54 W""}]",[]
K0563,709,body,4,PROPUSTENO,CPU,"3.20 GHz
Cache 2 MB Intel® Smart Cache
Bus Speed 8 GT/s
TDP 54 W
Supplemental Information
Embedded Options Available No
DatasheetView now
Memory Specifications
Max Memory Size (dependent on memory type) 64 ","[{""start"": 632, ""end"": 658, ""label"": ""CPU"", ""text"": ""Embedded Options Available""}]",[],[]
K0564,709,body,4,GRANICA_SIRA,CPU,"emental Information
Embedded Options Available No
DatasheetView now
Memory Specifications
Max Memory Size (dependent on memory type) 64 GB
Memory Types DDR4-2400
Max # of Memory Channels 2
ECC Memory Supported ‡ Yes
Processor Gr","[{""start"": 745, ""end"": 750, ""label"": ""CPU"", ""text"": ""64 GB""}]","[{""start"": 702, ""end"": 750, ""label"": ""CPU"", ""text"": ""Max Memory Size (dependent on memory type) 64 GB""}]",[]
K0565,709,body,4,GRANICA_SIRA,CPU,"ry Specifications
Max Memory Size (dependent on memory type) 64 GB
Memory Types DDR4-2400
Max # of Memory Channels 2
ECC Memory Supported ‡ Yes
Processor Graphics
Processor Graphics ‡ Intel® UHD Graphics 61","[{""start"": 799, ""end"": 800, ""label"": ""CPU"", ""text"": ""2""}]","[{""start"": 774, ""end"": 800, ""label"": ""CPU"", ""text"": ""Max # of Memory Channels 2""}]",[]
K0566,709,body,4,GRANICA_SIRA,CPU,"y Size (dependent on memory type) 64 GB
Memory Types DDR4-2400
Max # of Memory Channels 2
ECC Memory Supported ‡ Yes
Processor Graphics
Processor Graphics ‡ Intel® UHD Graphics 610
Graphics Base Frequency 3","[{""start"": 801, ""end"": 821, ""label"": ""CPU"", ""text"": ""ECC Memory Supported""}]","[{""start"": 801, ""end"": 827, ""label"": ""CPU"", ""text"": ""ECC Memory Supported ‡ Yes""}]",[]
K0567,709,body,4,GRANICA_SIRA,GPU,"CC Memory Supported ‡ Yes
Processor Graphics
Processor Graphics ‡ Intel® UHD Graphics 610
Graphics Base Frequency 350 MHz
Graphics Max Dynamic Frequency 1.05 GHz
Graphics Video Max Memory 64 GB
4K Support Yes, a","[{""start"": 916, ""end"": 923, ""label"": ""GPU"", ""text"": ""350 MHz""}]","[{""start"": 892, ""end"": 923, ""label"": ""GPU"", ""text"": ""Graphics Base Frequency 350 MHz""}]",[]
K0568,709,body,4,GRANICA_SIRA,GPU,"sor Graphics
Processor Graphics ‡ Intel® UHD Graphics 610
Graphics Base Frequency 350 MHz
Graphics Max Dynamic Frequency 1.05 GHz
Graphics Video Max Memory 64 GB
4K Support Yes, at 60Hz
Max Resolution (HDMI)‡ 4096x2304@","[{""start"": 955, ""end"": 963, ""label"": ""GPU"", ""text"": ""1.05 GHz""}]","[{""start"": 924, ""end"": 963, ""label"": ""GPU"", ""text"": ""Graphics Max Dynamic Frequency 1.05 GHz""}]",[]
K0569,709,body,4,GRANICA_SIRA,GPU," UHD Graphics 610
Graphics Base Frequency 350 MHz
Graphics Max Dynamic Frequency 1.05 GHz
Graphics Video Max Memory 64 GB
4K Support Yes, at 60Hz
Max Resolution (HDMI)‡ 4096x2304@24Hz
Max Resolution (DP)‡ 4096x2","[{""start"": 990, ""end"": 995, ""label"": ""GPU"", ""text"": ""64 GB""}]","[{""start"": 964, ""end"": 995, ""label"": ""GPU"", ""text"": ""Graphics Video Max Memory 64 GB""}]",[]
K0570,709,body,4,GRANICA_SIRA,GPU,"Frequency 350 MHz
Graphics Max Dynamic Frequency 1.05 GHz
Graphics Video Max Memory 64 GB
4K Support Yes, at 60Hz
Max Resolution (HDMI)‡ 4096x2304@24Hz
Max Resolution (DP)‡ 4096x2304@60Hz
Max Resolution ","[{""start"": 996, ""end"": 1006, ""label"": ""GPU"", ""text"": ""4K Support""}]","[{""start"": 996, ""end"": 1019, ""label"": ""GPU"", ""text"": ""4K Support Yes, at 60Hz""}]",[]
K0571,709,body,4,GRANICA_SIRA,GPU,"cs Max Dynamic Frequency 1.05 GHz
Graphics Video Max Memory 64 GB
4K Support Yes, at 60Hz
Max Resolution (HDMI)‡ 4096x2304@24Hz
Max Resolution (DP)‡ 4096x2304@60Hz
Max Resolution (eDP - Integrated Flat Panel)‡ 4096x23","[{""start"": 1043, ""end"": 1057, ""label"": ""GPU"", ""text"": ""4096x2304@24Hz""}]","[{""start"": 1020, ""end"": 1057, ""label"": ""GPU"", ""text"": ""Max Resolution (HDMI)‡ 4096x2304@24Hz""}]",[]
K0572,709,body,4,GRANICA_SIRA,GPU,"hics Video Max Memory 64 GB
4K Support Yes, at 60Hz
Max Resolution (HDMI)‡ 4096x2304@24Hz
Max Resolution (DP)‡ 4096x2304@60Hz
Max Resolution (eDP - Integrated Flat Panel)‡ 4096x2304@60Hz
DirectX* Support 12
OpenGL* ","[{""start"": 1079, ""end"": 1093, ""label"": ""GPU"", ""text"": ""4096x2304@60Hz""}]","[{""start"": 1058, ""end"": 1093, ""label"": ""GPU"", ""text"": ""Max Resolution (DP)‡ 4096x2304@60Hz""}]",[]
K0573,709,body,4,GRANICA_SIRA,GPU,"rt Yes, at 60Hz
Max Resolution (HDMI)‡ 4096x2304@24Hz
Max Resolution (DP)‡ 4096x2304@60Hz
Max Resolution (eDP - Integrated Flat Panel)‡ 4096x2304@60Hz
DirectX* Support 12
OpenGL* Support 4.5
Intel® Quick Sync Video Yes
Intel® InTru™ 3D Tech","[{""start"": 1140, ""end"": 1154, ""label"": ""GPU"", ""text"": ""4096x2304@60Hz""}]","[{""start"": 1094, ""end"": 1154, ""label"": ""GPU"", ""text"": ""Max Resolution (eDP - Integrated Flat Panel)‡ 4096x2304@60Hz""}]",[]
K0574,709,body,4,GRANICA_SIRA,GPU,"ion (eDP - Integrated Flat Panel)‡ 4096x2304@60Hz
DirectX* Support 12
OpenGL* Support 4.5
Intel® Quick Sync Video Yes
Intel® InTru™ 3D Technology Yes
Intel® Clear Video HD Technology Yes
Intel® Clear Video T","[{""start"": 1195, ""end"": 1218, ""label"": ""GPU"", ""text"": ""Intel® Quick Sync Video""}]","[{""start"": 1195, ""end"": 1222, ""label"": ""GPU"", ""text"": ""Intel® Quick Sync Video Yes""}]",[]
K0575,709,body,4,GRANICA_SIRA,GPU,"anel)‡ 4096x2304@60Hz
DirectX* Support 12
OpenGL* Support 4.5
Intel® Quick Sync Video Yes
Intel® InTru™ 3D Technology Yes
Intel® Clear Video HD Technology Yes
Intel® Clear Video Technology Yes
# of Displays Supp","[{""start"": 1223, ""end"": 1250, ""label"": ""GPU"", ""text"": ""Intel® InTru™ 3D Technology""}]","[{""start"": 1223, ""end"": 1254, ""label"": ""GPU"", ""text"": ""Intel® InTru™ 3D Technology Yes""}]",[]
K0576,709,body,4,GRANICA_SIRA,GPU,"upport 12
OpenGL* Support 4.5
Intel® Quick Sync Video Yes
Intel® InTru™ 3D Technology Yes
Intel® Clear Video HD Technology Yes
Intel® Clear Video Technology Yes
# of Displays Supported ‡3
Device ID0x3E93
Expansion Op","[{""start"": 1255, ""end"": 1287, ""label"": ""GPU"", ""text"": ""Intel® Clear Video HD Technology""}]","[{""start"": 1255, ""end"": 1291, ""label"": ""GPU"", ""text"": ""Intel® Clear Video HD Technology Yes""}]",[]
K0577,709,body,4,GRANICA_SIRA,GPU,"Quick Sync Video Yes
Intel® InTru™ 3D Technology Yes
Intel® Clear Video HD Technology Yes
Intel® Clear Video Technology Yes
# of Displays Supported ‡3
Device ID0x3E93
Expansion Options
Scalability1S Only
PCI Expre","[{""start"": 1292, ""end"": 1321, ""label"": ""GPU"", ""text"": ""Intel® Clear Video Technology""}]","[{""start"": 1292, ""end"": 1325, ""label"": ""GPU"", ""text"": ""Intel® Clear Video Technology Yes""}]",[]
K0578,709,body,4,GRANICA_SIRA,GPU," 3D Technology Yes
Intel® Clear Video HD Technology Yes
Intel® Clear Video Technology Yes
# of Displays Supported ‡3
Device ID0x3E93
Expansion Options
Scalability1S Only
PCI Express Revision 3.0
PCI Express","[{""start"": 1351, ""end"": 1352, ""label"": ""GPU"", ""text"": ""3""}]","[{""start"": 1326, ""end"": 1352, ""label"": ""GPU"", ""text"": ""# of Displays Supported ‡3""}]",[]
K0579,709,body,4,SUVISNO,GPU,"o HD Technology Yes
Intel® Clear Video Technology Yes
# of Displays Supported ‡3
Device ID0x3E93
Expansion Options
Scalability1S Only
PCI Express Revision 3.0
PCI Express Configurations ",[],"[{""start"": 1362, ""end"": 1368, ""label"": ""GPU"", ""text"": ""0x3E93""}]",[]
K0580,709,body,4,SUVISNO,CPU,"eo Technology Yes
# of Displays Supported ‡3
Device ID0x3E93
Expansion Options
Scalability1S Only
PCI Express Revision 3.0
PCI Express Configurations ‡ Up to 1x16, 2x8, 1x8+2x4
Max # of P",[],"[{""start"": 1398, ""end"": 1405, ""label"": ""CPU"", ""text"": ""1S Only""}]",[]
K0581,709,body,4,GRANICA_SIRA,CPU,"ity1S Only
PCI Express Revision 3.0
PCI Express Configurations ‡ Up to 1x16, 2x8, 1x8+2x4
Max # of PCI Express Lanes 16
Package Specifications
Sockets Supported FCLGA1151
Max CPU Configuration1
Thermal Solutio","[{""start"": 1512, ""end"": 1514, ""label"": ""CPU"", ""text"": ""16""}]","[{""start"": 1485, ""end"": 1514, ""label"": ""CPU"", ""text"": ""Max # of PCI Express Lanes 16""}]",[]
K0582,709,body,4,SUVISNO,CPU," 1x8+2x4
Max # of PCI Express Lanes 16
Package Specifications
Sockets Supported FCLGA1151
Max CPU Configuration1
Thermal Solution Specification PCG 2015C (65W)
TJUNCTION 100° C
Package Size37.5mm x 37.5",[],"[{""start"": 1566, ""end"": 1588, ""label"": ""CPU"", ""text"": ""Max CPU Configuration1""}]",[]
K0583,709,body,4,GRANICA_SIRA,CPU,"cation PCG 2015C (65W)
TJUNCTION 100° C
Package Size37.5mm x 37.5mm
Advanced Technologies
Intel® Optane™ Memory Supported ‡ Yes
Intel® Turbo Boost Technology ‡ No
Intel vPro® Platform Eligibility ‡ No
Intel® Hyper-Thr","[{""start"": 1703, ""end"": 1724, ""label"": ""CPU"", ""text"": ""Intel® Optane™ Memory""}]","[{""start"": 1703, ""end"": 1740, ""label"": ""CPU"", ""text"": ""Intel® Optane™ Memory Supported ‡ Yes""}]",[]
K0584,709,body,4,GRANICA_SIRA,CPU,"C
Package Size37.5mm x 37.5mm
Advanced Technologies
Intel® Optane™ Memory Supported ‡ Yes
Intel® Turbo Boost Technology ‡ No
Intel vPro® Platform Eligibility ‡ No
Intel® Hyper-Threading Technology ‡ No
Intel® Virtu","[{""start"": 1741, ""end"": 1770, ""label"": ""CPU"", ""text"": ""Intel® Turbo Boost Technology""}]","[{""start"": 1741, ""end"": 1775, ""label"": ""CPU"", ""text"": ""Intel® Turbo Boost Technology ‡ No""}]",[]
K0585,709,body,4,GRANICA_SIRA,CPU,"ced Technologies
Intel® Optane™ Memory Supported ‡ Yes
Intel® Turbo Boost Technology ‡ No
Intel vPro® Platform Eligibility ‡ No
Intel® Hyper-Threading Technology ‡ No
Intel® Virtualization Technology (VT-x) ‡ Yes
Inte","[{""start"": 1776, ""end"": 1808, ""label"": ""CPU"", ""text"": ""Intel vPro® Platform Eligibility""}]","[{""start"": 1776, ""end"": 1813, ""label"": ""CPU"", ""text"": ""Intel vPro® Platform Eligibility ‡ No""}]",[]
K0586,709,body,4,GRANICA_SIRA,CPU," Supported ‡ Yes
Intel® Turbo Boost Technology ‡ No
Intel vPro® Platform Eligibility ‡ No
Intel® Hyper-Threading Technology ‡ No
Intel® Virtualization Technology (VT-x) ‡ Yes
Intel® Virtualization Technology for Direct","[{""start"": 1814, ""end"": 1847, ""label"": ""CPU"", ""text"": ""Intel® Hyper-Threading Technology""}]","[{""start"": 1814, ""end"": 1852, ""label"": ""CPU"", ""text"": ""Intel® Hyper-Threading Technology ‡ No""}]",[]
K0587,709,body,4,GRANICA_SIRA,CPU,"hnology ‡ No
Intel vPro® Platform Eligibility ‡ No
Intel® Hyper-Threading Technology ‡ No
Intel® Virtualization Technology (VT-x) ‡ Yes
Intel® Virtualization Technology for Directed I/O (VT-d) ‡ Yes
Intel® VT-x with Extended ","[{""start"": 1853, ""end"": 1892, ""label"": ""CPU"", ""text"": ""Intel® Virtualization Technology (VT-x)""}]","[{""start"": 1853, ""end"": 1898, ""label"": ""CPU"", ""text"": ""Intel® Virtualization Technology (VT-x) ‡ Yes""}]",[]
K0588,709,body,4,GRANICA_SIRA,CPU,"‡ No
Intel® Hyper-Threading Technology ‡ No
Intel® Virtualization Technology (VT-x) ‡ Yes
Intel® Virtualization Technology for Directed I/O (VT-d) ‡ Yes
Intel® VT-x with Extended Page Tables (EPT) ‡ Yes
Intel® Transactional Synchronization Ex","[{""start"": 1899, ""end"": 1955, ""label"": ""CPU"", ""text"": ""Intel® Virtualization Technology for Directed I/O (VT-d)""}]","[{""start"": 1899, ""end"": 1961, ""label"": ""CPU"", ""text"": ""Intel® Virtualization Technology for Directed I/O (VT-d) ‡ Yes""}]",[]
K0589,709,body,4,GRANICA_SIRA,CPU,"on Technology (VT-x) ‡ Yes
Intel® Virtualization Technology for Directed I/O (VT-d) ‡ Yes
Intel® VT-x with Extended Page Tables (EPT) ‡ Yes
Intel® Transactional Synchronization Extensions No
Intel® 64 ‡ Yes
Instruction Set 64-bit","[{""start"": 1962, ""end"": 2005, ""label"": ""CPU"", ""text"": ""Intel® VT-x with Extended Page Tables (EPT)""}]","[{""start"": 1962, ""end"": 2011, ""label"": ""CPU"", ""text"": ""Intel® VT-x with Extended Page Tables (EPT) ‡ Yes""}]",[]
K0590,709,body,4,GRANICA_SIRA,CPU,"echnology for Directed I/O (VT-d) ‡ Yes
Intel® VT-x with Extended Page Tables (EPT) ‡ Yes
Intel® Transactional Synchronization Extensions No
Intel® 64 ‡ Yes
Instruction Set 64-bit
Instruction Set Extensions Intel® SSE4.1, Intel® S","[{""start"": 2012, ""end"": 2059, ""label"": ""CPU"", ""text"": ""Intel® Transactional Synchronization Extensions""}]","[{""start"": 2012, ""end"": 2062, ""label"": ""CPU"", ""text"": ""Intel® Transactional Synchronization Extensions No""}]",[]
K0591,709,body,4,GRANICA_SIRA,CPU," with Extended Page Tables (EPT) ‡ Yes
Intel® Transactional Synchronization Extensions No
Intel® 64 ‡ Yes
Instruction Set 64-bit
Instruction Set Extensions Intel® SSE4.1, Intel® SSE4.2
Idle State","[{""start"": 2063, ""end"": 2072, ""label"": ""CPU"", ""text"": ""Intel® 64""}]","[{""start"": 2063, ""end"": 2078, ""label"": ""CPU"", ""text"": ""Intel® 64 ‡ Yes""}]",[]
K0592,709,body,4,GRANICA_SIRA,CPU,"age Tables (EPT) ‡ Yes
Intel® Transactional Synchronization Extensions No
Intel® 64 ‡ Yes
Instruction Set 64-bit
Instruction Set Extensions Intel® SSE4.1, Intel® SSE4.2
Idle States Yes
Enhanced Intel Sp","[{""start"": 2095, ""end"": 2101, ""label"": ""CPU"", ""text"": ""64-bit""}]","[{""start"": 2079, ""end"": 2101, ""label"": ""CPU"", ""text"": ""Instruction Set 64-bit""}]",[]
K0593,709,body,4,GRANICA_SIRA,CPU,"Intel® Transactional Synchronization Extensions No
Intel® 64 ‡ Yes
Instruction Set 64-bit
Instruction Set Extensions Intel® SSE4.1, Intel® SSE4.2
Idle States Yes
Enhanced Intel SpeedStep® Technology Yes
Thermal Monitoring Technologies ","[{""start"": 2129, ""end"": 2157, ""label"": ""CPU"", ""text"": ""Intel® SSE4.1, Intel® SSE4.2""}]","[{""start"": 2102, ""end"": 2157, ""label"": ""CPU"", ""text"": ""Instruction Set Extensions Intel® SSE4.1, Intel® SSE4.2""}]",[]
K0594,709,body,4,GRANICA_SIRA,CPU,"® 64 ‡ Yes
Instruction Set 64-bit
Instruction Set Extensions Intel® SSE4.1, Intel® SSE4.2
Idle States Yes
Enhanced Intel SpeedStep® Technology Yes
Thermal Monitoring Technologies Yes
Intel® Ident","[{""start"": 2158, ""end"": 2169, ""label"": ""CPU"", ""text"": ""Idle States""}]","[{""start"": 2158, ""end"": 2173, ""label"": ""CPU"", ""text"": ""Idle States Yes""}]",[]
K0595,709,body,4,GRANICA_SIRA,CPU,"uction Set 64-bit
Instruction Set Extensions Intel® SSE4.1, Intel® SSE4.2
Idle States Yes
Enhanced Intel SpeedStep® Technology Yes
Thermal Monitoring Technologies Yes
Intel® Identity Protection Technology ‡ Yes
Intel® St","[{""start"": 2174, ""end"": 2210, ""label"": ""CPU"", ""text"": ""Enhanced Intel SpeedStep® Technology""}]","[{""start"": 2174, ""end"": 2214, ""label"": ""CPU"", ""text"": ""Enhanced Intel SpeedStep® Technology Yes""}]",[]
K0596,709,body,4,GRANICA_SIRA,CPU,"ons Intel® SSE4.1, Intel® SSE4.2
Idle States Yes
Enhanced Intel SpeedStep® Technology Yes
Thermal Monitoring Technologies Yes
Intel® Identity Protection Technology ‡ Yes
Intel® Stable Image Platform Program (SIPP) N","[{""start"": 2215, ""end"": 2246, ""label"": ""CPU"", ""text"": ""Thermal Monitoring Technologies""}]","[{""start"": 2215, ""end"": 2250, ""label"": ""CPU"", ""text"": ""Thermal Monitoring Technologies Yes""}]",[]
K0597,709,body,4,GRANICA_SIRA,CPU,"e States Yes
Enhanced Intel SpeedStep® Technology Yes
Thermal Monitoring Technologies Yes
Intel® Identity Protection Technology ‡ Yes
Intel® Stable Image Platform Program (SIPP) No
Security &Reliability
Intel® AES New Instr","[{""start"": 2251, ""end"": 2288, ""label"": ""CPU"", ""text"": ""Intel® Identity Protection Technology""}]","[{""start"": 2251, ""end"": 2294, ""label"": ""CPU"", ""text"": ""Intel® Identity Protection Technology ‡ Yes""}]",[]
K0598,709,body,4,GRANICA_SIRA,CPU,"ology Yes
Thermal Monitoring Technologies Yes
Intel® Identity Protection Technology ‡ Yes
Intel® Stable Image Platform Program (SIPP) No
Security &Reliability
Intel® AES New Instructions Yes
Secure Key Yes
Intel® Software Guar","[{""start"": 2295, ""end"": 2338, ""label"": ""CPU"", ""text"": ""Intel® Stable Image Platform Program (SIPP)""}]","[{""start"": 2295, ""end"": 2341, ""label"": ""CPU"", ""text"": ""Intel® Stable Image Platform Program (SIPP) No""}]",[]
K0599,709,body,4,GRANICA_SIRA,CPU,"ion Technology ‡ Yes
Intel® Stable Image Platform Program (SIPP) No
Security &Reliability
Intel® AES New Instructions Yes
Secure Key Yes
Intel® Software Guard Extensions (Intel® SGX) Yes with Intel® ME
Intel® Me","[{""start"": 2364, ""end"": 2391, ""label"": ""CPU"", ""text"": ""Intel® AES New Instructions""}]","[{""start"": 2364, ""end"": 2395, ""label"": ""CPU"", ""text"": ""Intel® AES New Instructions Yes""}]",[]
K0600,709,body,4,GRANICA_SIRA,CPU,"le Image Platform Program (SIPP) No
Security &Reliability
Intel® AES New Instructions Yes
Secure Key Yes
Intel® Software Guard Extensions (Intel® SGX) Yes with Intel® ME
Intel® Memory Protection","[{""start"": 2396, ""end"": 2406, ""label"": ""CPU"", ""text"": ""Secure Key""}]","[{""start"": 2396, ""end"": 2410, ""label"": ""CPU"", ""text"": ""Secure Key Yes""}]",[]
K0601,709,body,4,GRANICA_SIRA,CPU,"rm Program (SIPP) No
Security &Reliability
Intel® AES New Instructions Yes
Secure Key Yes
Intel® Software Guard Extensions (Intel® SGX) Yes with Intel® ME
Intel® Memory Protection Extensions (Intel® MPX) Yes
Intel® OS GuardYes
Intel® Trusted Ex","[{""start"": 2411, ""end"": 2456, ""label"": ""CPU"", ""text"": ""Intel® Software Guard Extensions (Intel® SGX)""}]","[{""start"": 2411, ""end"": 2475, ""label"": ""CPU"", ""text"": ""Intel® Software Guard Extensions (Intel® SGX) Yes with Intel® ME""}]",[]
K0602,709,body,4,GRANICA_SIRA,CPU,"tions Yes
Secure Key Yes
Intel® Software Guard Extensions (Intel® SGX) Yes with Intel® ME
Intel® Memory Protection Extensions (Intel® MPX) Yes
Intel® OS GuardYes
Intel® Trusted Execution Technology ‡ No
Execute Disable Bit ‡ Yes
Int","[{""start"": 2476, ""end"": 2524, ""label"": ""CPU"", ""text"": ""Intel® Memory Protection Extensions (Intel® MPX)""}]","[{""start"": 2476, ""end"": 2528, ""label"": ""CPU"", ""text"": ""Intel® Memory Protection Extensions (Intel® MPX) Yes""}]",[]
K0603,709,body,4,GRANICA_SIRA,CPU,"es with Intel® ME
Intel® Memory Protection Extensions (Intel® MPX) Yes
Intel® OS GuardYes
Intel® Trusted Execution Technology ‡ No
Execute Disable Bit ‡ Yes
Intel® Boot Guard Yes","[{""start"": 2548, ""end"": 2583, ""label"": ""CPU"", ""text"": ""Intel® Trusted Execution Technology""}]","[{""start"": 2548, ""end"": 2588, ""label"": ""CPU"", ""text"": ""Intel® Trusted Execution Technology ‡ No""}]",[]
K0604,709,body,4,GRANICA_SIRA,CPU,"n Extensions (Intel® MPX) Yes
Intel® OS GuardYes
Intel® Trusted Execution Technology ‡ No
Execute Disable Bit ‡ Yes
Intel® Boot Guard Yes","[{""start"": 2589, ""end"": 2608, ""label"": ""CPU"", ""text"": ""Execute Disable Bit""}]","[{""start"": 2589, ""end"": 2614, ""label"": ""CPU"", ""text"": ""Execute Disable Bit ‡ Yes""}]",[]
K0605,709,body,4,GRANICA_SIRA,CPU,"Yes
Intel® OS GuardYes
Intel® Trusted Execution Technology ‡ No
Execute Disable Bit ‡ Yes
Intel® Boot Guard Yes","[{""start"": 2615, ""end"": 2632, ""label"": ""CPU"", ""text"": ""Intel® Boot Guard""}]","[{""start"": 2615, ""end"": 2636, ""label"": ""CPU"", ""text"": ""Intel® Boot Guard Yes""}]",[]
K0606,709,title,4,GRANICA_SIRA,CPU,of Cores 2,"[{""start"": 9, ""end"": 10, ""label"": ""CPU"", ""text"": ""2""}]","[{""start"": 0, ""end"": 10, ""label"": ""CPU"", ""text"": ""of Cores 2""}]",[]
K0607,712,title,4,GRANICA_UZA,CPU,Procesor CPU Intel i5-2410M,"[{""start"": 9, ""end"": 27, ""label"": ""CPU"", ""text"": ""CPU Intel i5-2410M""}]","[{""start"": 13, ""end"": 27, ""label"": ""CPU"", ""text"": ""Intel i5-2410M""}]",[]
K0608,713,body,3,GRANICA_SIRA,CPU,".6 GHz Turbo 5.0 GHz
Broj fizičkih jezgra    8
Broj logičkih jezgra    16
Keš memorija    L3 : 16MB
Proizvodni proces    14nm
TDP    125W
Tip pakovanja    BOX
Integrisana grafika    Intel® ","[{""start"": 205, ""end"": 209, ""label"": ""CPU"", ""text"": ""16MB""}]","[{""start"": 200, ""end"": 209, ""label"": ""CPU"", ""text"": ""L3 : 16MB""}]",[]
K0609,713,body,3,SUVISNO,CPU,"ra    16
Keš memorija    L3 : 16MB
Proizvodni proces    14nm
TDP    125W
Tip pakovanja    BOX
Integrisana grafika    Intel® UHD Graphics 750
Maksimalna brzina memorije     DDR4-3200 M",[],"[{""start"": 265, ""end"": 268, ""label"": ""CPU"", ""text"": ""BOX""}]",[]
K0610,713,body,3,POGRESNA_OZNAKA,CPU," : 16MB
Proizvodni proces    14nm
TDP    125W
Tip pakovanja    BOX
Integrisana grafika    Intel® UHD Graphics 750
Maksimalna brzina memorije     DDR4-3200 MHz
Maksimalna podržana memorija    128 GB

2390","[{""start"": 292, ""end"": 315, ""label"": ""CPU"", ""text"": ""Intel® UHD Graphics 750""}]","[{""start"": 292, ""end"": 315, ""label"": ""GPU"", ""text"": ""Intel® UHD Graphics 750""}]",[]
K0611,713,body,3,SUVISNO,CENA," 750
Maksimalna brzina memorije     DDR4-3200 MHz
Maksimalna podržana memorija    128 GB

23900

Dsc",[],"[{""start"": 401, ""end"": 406, ""label"": ""CENA"", ""text"": ""23900""}]",[]
K0612,713,title,3,GRANICA_UZA,CPU,INTEL Core Procesor CPU s1200 i7-11700K 8-Core 3.60GHz 5.00G,"[{""start"": 20, ""end"": 60, ""label"": ""CPU"", ""text"": ""CPU s1200 i7-11700K 8-Core 3.60GHz 5.00G""}]","[{""start"": 24, ""end"": 60, ""label"": ""CPU"", ""text"": ""s1200 i7-11700K 8-Core 3.60GHz 5.00G""}]",[]
K0613,715,body,4,GRANICA_SIRA,CPU,"7 GHz Turbo 5.0 GHz
Broj fizičkih jezgra    12
Broj logičkih jezgra    20
Keš memorija    L3 : 25MB
Proizvodni proces    14nm
TDP    190W
Tip pakovanja    BOX
Integrisana grafika    Intel® ","[{""start"": 187, ""end"": 191, ""label"": ""CPU"", ""text"": ""25MB""}]","[{""start"": 182, ""end"": 191, ""label"": ""CPU"", ""text"": ""L3 : 25MB""}]",[]
K0614,715,body,4,SUVISNO,CPU,"ra    20
Keš memorija    L3 : 25MB
Proizvodni proces    14nm
TDP    190W
Tip pakovanja    BOX
Integrisana grafika    Intel® UHD Graphics 770
Maksimalna brzina memorije     DDR4-3200 M",[],"[{""start"": 247, ""end"": 250, ""label"": ""CPU"", ""text"": ""BOX""}]",[]
K0615,715,body,4,POGRESNA_OZNAKA,CPU," : 25MB
Proizvodni proces    14nm
TDP    190W
Tip pakovanja    BOX
Integrisana grafika    Intel® UHD Graphics 770
Maksimalna brzina memorije     DDR4-3200 MHz / DDR5-4800 MHz
Maksimalna podržana memorija","[{""start"": 274, ""end"": 297, ""label"": ""CPU"", ""text"": ""Intel® UHD Graphics 770""}]","[{""start"": 274, ""end"": 297, ""label"": ""GPU"", ""text"": ""Intel® UHD Graphics 770""}]",[]
K0616,715,body,4,FRAGMENTACIJA,CPU,"anja    BOX
Integrisana grafika    Intel® UHD Graphics 770
Maksimalna brzina memorije     DDR4-3200 MHz / DDR5-4800 MHz
Maksimalna podržana memorija    128 GB

26662

Dsc","[{""start"": 329, ""end"": 358, ""label"": ""CPU"", ""text"": ""DDR4-3200 MHz / DDR5-4800 MHz""}]","[{""start"": 329, ""end"": 342, ""label"": ""CPU"", ""text"": ""DDR4-3200 MHz""}, {""start"": 345, ""end"": 358, ""label"": ""CPU"", ""text"": ""DDR5-4800 MHz""}]",[]
K0617,715,body,4,SUVISNO,CENA,"brzina memorije     DDR4-3200 MHz / DDR5-4800 MHz
Maksimalna podržana memorija    128 GB

26662

Dsc",[],"[{""start"": 399, ""end"": 404, ""label"": ""CENA"", ""text"": ""26662""}]",[]
K0618,716,body,3,GRANICA_SIRA,CPU,".5 GHz Turbo 5.3 GHz
Broj fizičkih jezgra    8
Broj logičkih jezgra    16
Keš memorija    L3 : 16MB
Proizvodni proces    14nm
TDP    125W
Tip pakovanja    BOX
Integrisana grafika    Intel® ","[{""start"": 205, ""end"": 209, ""label"": ""CPU"", ""text"": ""16MB""}]","[{""start"": 200, ""end"": 209, ""label"": ""CPU"", ""text"": ""L3 : 16MB""}]",[]
K0619,716,body,3,SUVISNO,CPU,"ra    16
Keš memorija    L3 : 16MB
Proizvodni proces    14nm
TDP    125W
Tip pakovanja    BOX
Integrisana grafika    Intel® UHD Graphics 750
Maksimalna brzina memorije     DDR4-3200 M",[],"[{""start"": 265, ""end"": 268, ""label"": ""CPU"", ""text"": ""BOX""}]",[]
K0620,716,body,3,POGRESNA_OZNAKA,CPU," : 16MB
Proizvodni proces    14nm
TDP    125W
Tip pakovanja    BOX
Integrisana grafika    Intel® UHD Graphics 750
Maksimalna brzina memorije     DDR4-3200 MHz
Maksimalna podržana memorija    128GB

24749","[{""start"": 292, ""end"": 315, ""label"": ""CPU"", ""text"": ""Intel® UHD Graphics 750""}]","[{""start"": 292, ""end"": 315, ""label"": ""GPU"", ""text"": ""Intel® UHD Graphics 750""}]",[]
K0621,716,body,3,SUVISNO,CENA,"s 750
Maksimalna brzina memorije     DDR4-3200 MHz
Maksimalna podržana memorija    128GB

24749

Dsc",[],"[{""start"": 400, ""end"": 405, ""label"": ""CENA"", ""text"": ""24749""}]",[]
K0622,717,title,2,SUVISNO,CPU,AMD Procesor CPU AM4 Ryzen 3 2200G 3.7GHz Wraith C.65W,[],"[{""start"": 0, ""end"": 3, ""label"": ""CPU"", ""text"": ""AMD""}]",[]
K0623,717,title,2,FRAGMENTACIJA,CPU,AMD Procesor CPU AM4 Ryzen 3 2200G 3.7GHz Wraith C.65W,"[{""start"": 17, ""end"": 54, ""label"": ""CPU"", ""text"": ""AM4 Ryzen 3 2200G 3.7GHz Wraith C.65W""}]","[{""start"": 17, ""end"": 41, ""label"": ""CPU"", ""text"": ""AM4 Ryzen 3 2200G 3.7GHz""}, {""start"": 51, ""end"": 54, ""label"": ""CPU"", ""text"": ""65W""}]",[]
K0624,719,body,4,POGRESNA_OZNAKA,CPU,"    4.2 GHz
Način izrade    7 nm
Maks. Potrošnja u W    65
Grafičko jezgro u procesoru    AMD Radeon Graphics
Preporučeno za    Igrače
Pakovanje    Sa kulerom
Boja    Siva

27439

Dsc","[{""start"": 280, ""end"": 299, ""label"": ""CPU"", ""text"": ""AMD Radeon Graphics""}]","[{""start"": 280, ""end"": 299, ""label"": ""GPU"", ""text"": ""AMD Radeon Graphics""}]",[]
K0625,719,body,4,PROPUSTENO,CPU,"procesoru    AMD Radeon Graphics
Preporučeno za    Igrače
Pakovanje    Sa kulerom
Boja    Siva

27439

Dsc","[{""start"": 357, ""end"": 361, ""label"": ""CPU"", ""text"": ""Siva""}]",[],[]
K0626,720,body,4,POGRESNA_OZNAKA,CPU,"5.1GHz
L2 keš memorija:    6MB
L3 keš memorija:    32MB
Integrisani grafički procesor:    Radeon Graphics

33312

Dsc","[{""start"": 306, ""end"": 321, ""label"": ""CPU"", ""text"": ""Radeon Graphics""}]","[{""start"": 306, ""end"": 321, ""label"": ""GPU"", ""text"": ""Radeon Graphics""}]",[]
K0627,724,body,2,SUVISNO,SKLADISTE,"ez ventilatora

Dell Embedded Box PC 5000
Intel i5 6440EQ,   8 GB DDR4,  2x128 GB M.2 SSD Raid
Siemens CP 5613 A3 PROFIBUS PCI kartica
Cena: 250e",[],"[{""start"": 2466, ""end"": 2470, ""label"": ""SKLADISTE"", ""text"": ""Raid""}]","[{""start"": 2471, ""end"": 2478, ""label"": ""BRAND"", ""text"": ""Siemens""}]"
K0628,725,body,1,GRANICA_UZA,RAM,"procesora: 2 (4 niti)
  * Radni takt procesora: 2.1 GHz (4.1 GHz)
  * Tip memorije: DDR4, maksimalno podržano 16GB
  * Grafika: Intel® UHD Graphics for 10th Gen Intel® Processors
  * Tip skladištenja: m.2","[{""start"": 336, ""end"": 360, ""label"": ""RAM"", ""text"": ""maksimalno podržano 16GB""}]","[{""start"": 356, ""end"": 360, ""label"": ""RAM"", ""text"": ""16GB""}]",[]
K0629,725,body,1,SPAJANJE,GPU,"rocesora: 2.1 GHz (4.1 GHz)
  * Tip memorije: DDR4, maksimalno podržano 16GB
  * Grafika: Intel® UHD Graphics for 10th Gen Intel® Processors
  * Tip skladištenja: m.2 NVMe + SSD/HDD 2.5""
  * Žična mreža (LAN): 10/100/1.000Mbps (Gi","[{""start"": 374, ""end"": 393, ""label"": ""GPU"", ""text"": ""Intel® UHD Graphics""}, {""start"": 398, ""end"": 424, ""label"": ""CPU"", ""text"": ""10th Gen Intel® Processors""}]","[{""start"": 374, ""end"": 424, ""label"": ""GPU"", ""text"": ""Intel® UHD Graphics for 10th Gen Intel® Processors""}]",[]
K0630,732,body,1,PROPUSTENO,CPU,"e cene!

Specifikacije:

CPU AM5 AMD Ryzen 5 8500G 6/12 cores 3.5GHz 5.0GHz Box Wraith
MB AM5 AMD A620M
RAM DDR5 16GB 4800MHz
SSD 250GB Crucial
Rtx 2060
HD Audio 7.1, LAN 1Gbit, USB 3","[{""start"": 203, ""end"": 206, ""label"": ""CPU"", ""text"": ""AM5""}]",[],"[{""start"": 207, ""end"": 210, ""label"": ""BRAND"", ""text"": ""AMD""}]"
K0631,733,body,3,GRANICA_UZA,CPU," 2 GODINE!
Sastavljanje računara po Vašoj želji!
Najpovoljnije cene!

Specifikacije:

CPU AM5 AMD Ryzen 5 8500G 6/12 cores 3.5GHz 5.0GHz Box Wraith
MB AM5 AMD A620M
RAM DDR5 16GB 4800MHz
SSD 250GB Crucial
Rtx 3080
HD Audio 7.1, LAN 1Gbit","[{""start"": 142, ""end"": 199, ""label"": ""CPU"", ""text"": ""AM5 AMD Ryzen 5 8500G 6/12 cores 3.5GHz 5.0GHz Box Wraith""}]","[{""start"": 142, ""end"": 188, ""label"": ""CPU"", ""text"": ""AM5 AMD Ryzen 5 8500G 6/12 cores 3.5GHz 5.0GHz""}]",[]
K0632,734,body,1,PROPUSTENO,CPU,"e cene!

Specifikacije:

CPU AM5 AMD Ryzen 5 8600G 6/12 cores 3.5GHz 5.0GHz Box Wraith
MB AM5 AMD A620M
RAM DDR5 16GB 4800MHz
SSD 250GB Crucial
Rtx 2060
HD Audio 7.1, LAN 1Gbit, USB 3","[{""start"": 203, ""end"": 206, ""label"": ""CPU"", ""text"": ""AM5""}]",[],"[{""start"": 207, ""end"": 210, ""label"": ""BRAND"", ""text"": ""AMD""}]"
K0633,735,body,4,FRAGMENTACIJA,CPU,"O 2 GODINE!
Sastavljanje računara po Vašoj želji!
Najpovoljnije cene!

Specifikacije:
  * INTEL Core i3-10100 3.60GHz LGA-1200 BOX Intel
  * GIGABYTE H410M ( vise modela)
  * RAM : 16GB DDR4
  * SSD : 512GB SSD
  * Grafička ka","[{""start"": 141, ""end"": 187, ""label"": ""CPU"", ""text"": ""INTEL Core i3-10100 3.60GHz LGA-1200 BOX Intel""}]","[{""start"": 141, ""end"": 177, ""label"": ""CPU"", ""text"": ""INTEL Core i3-10100 3.60GHz LGA-1200""}, {""start"": 182, ""end"": 187, ""label"": ""CPU"", ""text"": ""Intel""}]",[]
K0634,735,body,4,GRANICA_UZA,SKLADISTE,".60GHz LGA-1200 BOX Intel
  * GIGABYTE H410M ( vise modela)
  * RAM : 16GB DDR4
  * SSD : 512GB SSD
  * Grafička kartica: Gtx 1060  (Više modela na stanju! )
  *  Napajanje: 650 80+ (BeQuie","[{""start"": 252, ""end"": 261, ""label"": ""SKLADISTE"", ""text"": ""512GB SSD""}]","[{""start"": 252, ""end"": 257, ""label"": ""SKLADISTE"", ""text"": ""512GB""}]",[]
K0635,736,body,3,GRANICA_UZA,SKLADISTE,".60GHz LGA-1200 BOX Intel
  * GIGABYTE H410M ( vise modela)
  * RAM : 16GB DDR4
  * SSD : 512GB SSD
  * Grafička kartica: Rtx 3080 (Više modela na stanju! )
  *  Napajanje: 650 80+ (BeQuiet","[{""start"": 252, ""end"": 261, ""label"": ""SKLADISTE"", ""text"": ""512GB SSD""}]","[{""start"": 252, ""end"": 257, ""label"": ""SKLADISTE"", ""text"": ""512GB""}]",[]
K0636,737,body,4,GRANICA_UZA,SKLADISTE,".60GHz LGA-1200 BOX Intel
  * GIGABYTE H410M ( vise modela)
  * RAM : 16GB DDR4
  * SSD : 512GB SSD
  * Grafička kartica: Rx6900xt (Više modela na stanju! )
  *  Napajanje: 650 80+ (BeQuiet","[{""start"": 252, ""end"": 261, ""label"": ""SKLADISTE"", ""text"": ""512GB SSD""}]","[{""start"": 252, ""end"": 257, ""label"": ""SKLADISTE"", ""text"": ""512GB""}]",[]
K0637,742,body,1,GRANICA_SIRA,CPU," 2 GODINE!
Sastavljanje računara po Vašoj želji!
Najpovoljnije cene!

Specifikacije:

CPU AM5 AMD Ryzen 5 8600G 6/12 cores 3.5GHz 5.0GHz Box Wraith
MB AM5 AMD A620M
RAM DDR5 32GB 4800MHz
SSD 250GB Crucial
Rtx 4070
HD Audio 7.1, LA","[{""start"": 142, ""end"": 188, ""label"": ""CPU"", ""text"": ""AM5 AMD Ryzen 5 8600G 6/12 cores 3.5GHz 5.0GHz""}]","[{""start"": 142, ""end"": 192, ""label"": ""CPU"", ""text"": ""AM5 AMD Ryzen 5 8600G 6/12 cores 3.5GHz 5.0GHz Box""}]","[{""start"": 193, ""end"": 199, ""label"": ""MODEL"", ""text"": ""Wraith""}]"
K0638,742,body,1,PROPUSTENO,CPU,"e cene!

Specifikacije:

CPU AM5 AMD Ryzen 5 8600G 6/12 cores 3.5GHz 5.0GHz Box Wraith
MB AM5 AMD A620M
RAM DDR5 32GB 4800MHz
SSD 250GB Crucial
Rtx 4070
HD Audio 7.1, LAN 1Gbit, USB 3","[{""start"": 203, ""end"": 206, ""label"": ""CPU"", ""text"": ""AM5""}]",[],"[{""start"": 207, ""end"": 210, ""label"": ""BRAND"", ""text"": ""AMD""}]"
K0639,744,body,4,GRANICA_UZA,CPU," 2 GODINE!
Sastavljanje računara po Vašoj želji!
Najpovoljnije cene!

Specifikacije:

CPU AM5 AMD Ryzen 5 8600G 6/12 cores 3.5GHz 5.0GHz Box Wraith
MB AM5 AMD A620M
RAM DDR5 32GB 4800MHz
SSD 250GB Crucial
Rtx 3080
HD Audio 7.1, LAN 1Gbit","[{""start"": 142, ""end"": 199, ""label"": ""CPU"", ""text"": ""AM5 AMD Ryzen 5 8600G 6/12 cores 3.5GHz 5.0GHz Box Wraith""}]","[{""start"": 142, ""end"": 188, ""label"": ""CPU"", ""text"": ""AM5 AMD Ryzen 5 8600G 6/12 cores 3.5GHz 5.0GHz""}]","[{""start"": 193, ""end"": 199, ""label"": ""MODEL"", ""text"": ""Wraith""}]"
K0640,745,body,4,GRANICA_UZA,CPU," 2 GODINE!
Sastavljanje računara po Vašoj želji!
Najpovoljnije cene!

Specifikacije:

CPU AM5 AMD Ryzen 5 8600G 6/12 cores 3.5GHz 5.0GHz Box Wraith
MB AM5 AMD A620M
RAM DDR5 32GB 4800MHz
SSD 250GB Crucial
Rtx 3070
HD Audio 7.1, LAN 1Gbit","[{""start"": 142, ""end"": 199, ""label"": ""CPU"", ""text"": ""AM5 AMD Ryzen 5 8600G 6/12 cores 3.5GHz 5.0GHz Box Wraith""}]","[{""start"": 142, ""end"": 188, ""label"": ""CPU"", ""text"": ""AM5 AMD Ryzen 5 8600G 6/12 cores 3.5GHz 5.0GHz""}]","[{""start"": 193, ""end"": 199, ""label"": ""MODEL"", ""text"": ""Wraith""}]"
K0641,746,body,1,SUVISNO,RAM,"----------------------------------------------------------------------
Popunjeni slotovi: 0
Grafika: AMD Radeon
Audio izlaz: 1
Reklamacioni period: 36 meseci
Model: 5700U
Wi-Fi: Wi-",[],"[{""start"": 607, ""end"": 608, ""label"": ""RAM"", ""text"": ""0""}]",[]
K0642,746,body,1,SUVISNO,GPU,"eon
Audio izlaz: 1
Reklamacioni period: 36 meseci
Model: 5700U
Wi-Fi: Wi-Fi
Video izlazi: 1x Mini DisplayPort, 2x HDMI
Broj jezgara procesora: 8
Disk slotovi: 1
Dimenzije: 139.1mm x 134.2mm x 48.3mm
Radni tak",[],"[{""start"": 715, ""end"": 743, ""label"": ""GPU"", ""text"": ""1x Mini DisplayPort, 2x HDMI""}]",[]
K0643,746,body,1,SUVISNO,SKLADISTE," Wi-Fi
Video izlazi: 1x Mini DisplayPort, 2x HDMI
Broj jezgara procesora: 8
Disk slotovi: 1
Dimenzije: 139.1mm x 134.2mm x 48.3mm
Radni takt procesora: 1.8 GHz (4.3 GHz)
Operativni ",[],"[{""start"": 784, ""end"": 785, ""label"": ""SKLADISTE"", ""text"": ""1""}]",[]
K0644,746,body,1,GRANICA_SIRA,SKLADISTE,"jena
Ostalo: Realtek ALC897 HD audio
Snaga napajanja: 135W
Interfejs raspooživih slotova: 1x M.2 2280 PCIe 3.0 x4
Broj slotova: 2","[{""start"": 1335, ""end"": 1355, ""label"": ""SKLADISTE"", ""text"": ""M.2 2280 PCIe 3.0 x4""}]","[{""start"": 1332, ""end"": 1355, ""label"": ""SKLADISTE"", ""text"": ""1x M.2 2280 PCIe 3.0 x4""}]",[]
K0645,747,body,2,SUVISNO,GPU,"ntel i5 procesora, RX 580 8GB grafike i brzog NVMe SSD-a obezbeđuje odlične performanse u Full HD rezoluciji, brzo podizanje sistema i stabilan rad bez kočenja.
Računar je odličan izbor z",[],"[{""start"": 213, ""end"": 220, ""label"": ""GPU"", ""text"": ""Full HD""}]",[]
K0646,747,body,2,PROPUSTENO,CPU,"do 4.3 GHz)
  * Hladnjak: Xilence LGA1200 I200

Matična ploča

  * ASRock H410M-H/M.2 SE (LGA1200)

RAM memorija

  * 16GB DDR4 (2×8GB)
  * 3200 MHz

Grafička karta
  * AFOX Radeon RX 580","[{""start"": 676, ""end"": 683, ""label"": ""CPU"", ""text"": ""LGA1200""}]",[],"[{""start"": 660, ""end"": 674, ""label"": ""MODEL"", ""text"": ""H410M-H/M.2 SE""}]"
K0647,747,body,2,SUVISNO,GPU," (2×8GB)
  * 3200 MHz

Grafička karta
  * AFOX Radeon RX 580
  * 8GB GDDR5
  * Odlična za Full HD gaming

Skladište

  * SSD M.2 NVMe 512GB – Kingfast F8N
  * Brz boot sistema i aplikacij",[],"[{""start"": 803, ""end"": 810, ""label"": ""GPU"", ""text"": ""Full HD""}]",[]
K0648,747,body,2,SPAJANJE,SKLADISTE,"ta
  * AFOX Radeon RX 580
  * 8GB GDDR5
  * Odlična za Full HD gaming

Skladište

  * SSD M.2 NVMe 512GB – Kingfast F8N
  * Brz boot sistema i aplikacija

Mreža i zvuk

  * Gigabit LAN – Realtek RTL8111H
  * 7","[{""start"": 838, ""end"": 852, ""label"": ""SKLADISTE"", ""text"": ""M.2 NVMe 512GB""}, {""start"": 855, ""end"": 867, ""label"": ""SKLADISTE"", ""text"": ""Kingfast F8N""}]","[{""start"": 838, ""end"": 867, ""label"": ""SKLADISTE"", ""text"": ""M.2 NVMe 512GB – Kingfast F8N""}]",[]
K0649,747,body,2,SUVISNO,GPU,"idmax 650W

Operativni sistem

  * Nije instaliran (moguć dogovor)

PERFORMANSE U IGRAMA (Full HD – 1080p)

  * CS2 – HIGH / VERY HIGH
  * GTA V – VERY HIGH
  * Fortnite – HIGH
  * PUBG – HIGH
  ",[],"[{""start"": 1445, ""end"": 1460, ""label"": ""GPU"", ""text"": ""Full HD – 1080p""}]",[]
K0650,747,body,2,SUVISNO,GPU,"drajvera)

✅ ZAŠTO OVAJ RAČUNAR?
✔ Jak i5 procesor (12 thread-ova)
✔ RX 580 8GB – odlična FHD grafika
✔ Brzi NVMe SSD
✔ 16GB RAM – bez štucanja
✔ RGB kućište – top izgled
✔ Spreman za",[],"[{""start"": 1693, ""end"": 1696, ""label"": ""GPU"", ""text"": ""FHD""}]",[]
K0651,752,body,1,GRANICA_UZA,CPU,"Imamo na stanju preko 50 racunara Fujitsu Esprimo d556 za sestu generaciju Intel procesora. Svi racunari imaju win10 pro licence, koja ce biti iskazana na fakturi, kao i ","[{""start"": 58, ""end"": 80, ""label"": ""CPU"", ""text"": ""sestu generaciju Intel""}]","[{""start"": 75, ""end"": 80, ""label"": ""CPU"", ""text"": ""Intel""}]",[]
K0652,752,body,1,GRANICA_SIRA,SKLADISTE,"i i za CNC masine.
Na stanju imamo 3 razlicite vrste istog modela:
PentiumG 4400/4GB DDR4/128GB m2ssd
75e+PDV
60e+PDV (na 5 komada)
i3-6100/8GB DDR4/128GB m2ssd
100e+PDV
85e+PDV (na 5 komada)","[{""start"": 330, ""end"": 338, ""label"": ""SKLADISTE"", ""text"": ""128GB m2""}]","[{""start"": 330, ""end"": 341, ""label"": ""SKLADISTE"", ""text"": ""128GB m2ssd""}]",[]
K0653,752,body,1,GRANICA_SIRA,CENA,"asine.
Na stanju imamo 3 razlicite vrste istog modela:
PentiumG 4400/4GB DDR4/128GB m2ssd
75e+PDV
60e+PDV (na 5 komada)
i3-6100/8GB DDR4/128GB m2ssd
100e+PDV
85e+PDV (na 5 komada)
5-6400/","[{""start"": 342, ""end"": 345, ""label"": ""CENA"", ""text"": ""75e""}]","[{""start"": 342, ""end"": 349, ""label"": ""CENA"", ""text"": ""75e+PDV""}]",[]
K0654,752,body,1,GRANICA_SIRA,CENA,"a stanju imamo 3 razlicite vrste istog modela:
PentiumG 4400/4GB DDR4/128GB m2ssd
75e+PDV
60e+PDV (na 5 komada)
i3-6100/8GB DDR4/128GB m2ssd
100e+PDV
85e+PDV (na 5 komada)
5-6400/8GB DDR4","[{""start"": 350, ""end"": 353, ""label"": ""CENA"", ""text"": ""60e""}]","[{""start"": 350, ""end"": 357, ""label"": ""CENA"", ""text"": ""60e+PDV""}]",[]
K0655,752,body,1,GRANICA_SIRA,SKLADISTE,"modela:
PentiumG 4400/4GB DDR4/128GB m2ssd
75e+PDV
60e+PDV (na 5 komada)
i3-6100/8GB DDR4/128GB m2ssd
100e+PDV
85e+PDV (na 5 komada)
5-6400/8GB DDR4/256GB m2ssd
130e+PDV
110e+PDV (na 5 komada","[{""start"": 389, ""end"": 397, ""label"": ""SKLADISTE"", ""text"": ""128GB m2""}]","[{""start"": 389, ""end"": 400, ""label"": ""SKLADISTE"", ""text"": ""128GB m2ssd""}]",[]
K0656,752,body,1,GRANICA_SIRA,CENA,"iumG 4400/4GB DDR4/128GB m2ssd
75e+PDV
60e+PDV (na 5 komada)
i3-6100/8GB DDR4/128GB m2ssd
100e+PDV
85e+PDV (na 5 komada)
5-6400/8GB DDR4/256GB m2ssd
130e+PDV
110e+PDV (na 5 komada)
Svi rac","[{""start"": 401, ""end"": 405, ""label"": ""CENA"", ""text"": ""100e""}]","[{""start"": 401, ""end"": 409, ""label"": ""CENA"", ""text"": ""100e+PDV""}]",[]
K0657,752,body,1,GRANICA_SIRA,CENA,"/4GB DDR4/128GB m2ssd
75e+PDV
60e+PDV (na 5 komada)
i3-6100/8GB DDR4/128GB m2ssd
100e+PDV
85e+PDV (na 5 komada)
5-6400/8GB DDR4/256GB m2ssd
130e+PDV
110e+PDV (na 5 komada)
Svi racunari po","[{""start"": 410, ""end"": 413, ""label"": ""CENA"", ""text"": ""85e""}]","[{""start"": 410, ""end"": 417, ""label"": ""CENA"", ""text"": ""85e+PDV""}]",[]
K0658,752,body,1,GRANICA_SIRA,SKLADISTE,"(na 5 komada)
i3-6100/8GB DDR4/128GB m2ssd
100e+PDV
85e+PDV (na 5 komada)
5-6400/8GB DDR4/256GB m2ssd
130e+PDV
110e+PDV (na 5 komada)
Svi racunari pored LPT, serijskog i PS/2 porta, imaju i i","[{""start"": 448, ""end"": 456, ""label"": ""SKLADISTE"", ""text"": ""256GB m2""}]","[{""start"": 448, ""end"": 459, ""label"": ""SKLADISTE"", ""text"": ""256GB m2ssd""}]",[]
K0659,752,body,1,GRANICA_SIRA,CENA,")
i3-6100/8GB DDR4/128GB m2ssd
100e+PDV
85e+PDV (na 5 komada)
5-6400/8GB DDR4/256GB m2ssd
130e+PDV
110e+PDV (na 5 komada)
Svi racunari pored LPT, serijskog i PS/2 porta, imaju i integrisan","[{""start"": 460, ""end"": 464, ""label"": ""CENA"", ""text"": ""130e""}]","[{""start"": 460, ""end"": 468, ""label"": ""CENA"", ""text"": ""130e+PDV""}]",[]
K0660,752,body,1,GRANICA_SIRA,CENA,"/8GB DDR4/128GB m2ssd
100e+PDV
85e+PDV (na 5 komada)
5-6400/8GB DDR4/256GB m2ssd
130e+PDV
110e+PDV (na 5 komada)
Svi racunari pored LPT, serijskog i PS/2 porta, imaju i integrisanu grafick","[{""start"": 469, ""end"": 473, ""label"": ""CENA"", ""text"": ""110e""}]","[{""start"": 469, ""end"": 477, ""label"": ""CENA"", ""text"": ""110e+PDV""}]",[]
K0661,752,body,1,PROPUSTENO,GPU,"d
130e+PDV
110e+PDV (na 5 komada)
Svi racunari pored LPT, serijskog i PS/2 porta, imaju i integrisanu graficku karticu sa DVI i 2 DisplayPort izlaza. Imaju 10 USB portova (po 6 x USB 3.0 + 4 ","[{""start"": 548, ""end"": 559, ""label"": ""GPU"", ""text"": ""integrisanu""}]",[],[]
K0662,752,body,1,SPAJANJE,GPU,")
Svi racunari pored LPT, serijskog i PS/2 porta, imaju i integrisanu graficku karticu sa DVI i 2 DisplayPort izlaza. Imaju 10 USB portova (po 6 x USB 3.0 + 4 x USB 2.0). Ocisceni su od prasine, zamenjene s","[{""start"": 580, ""end"": 583, ""label"": ""GPU"", ""text"": ""DVI""}, {""start"": 586, ""end"": 599, ""label"": ""GPU"", ""text"": ""2 DisplayPort""}]","[{""start"": 580, ""end"": 606, ""label"": ""GPU"", ""text"": ""DVI i 2 DisplayPort izlaza""}]",[]
K0663,753,body,2,PROPUSTENO,CENA,"pter . . . . . . . . . . . . . . . . . . . . . . . . . . . . . . . . .   . (slika 6) cena 170e PRODATO
5. NUC 8i7BEH
    procesor: i7-8559 2.70Ghz up to 4.50Ghz 8MB
    memorija: 16gb ","[{""start"": 1276, ""end"": 1280, ""label"": ""CENA"", ""text"": ""170e""}]",[],[]
K0664,753,body,2,PROPUSTENO,CENA," wifi
    adapter . . . . . . . . . . . . . . . . . . . . . . . . . . . (slika 7, 8) cena 200e
    - na stanju 2 komada PRODATO
6. NUC 6CAYH
    procesor: Intel Celelron J3455 1.50Ghz ","[{""start"": 1577, ""end"": 1581, ""label"": ""CENA"", ""text"": ""200e""}]",[],[]
K0665,758,title,4,SUVISNO,RAM,Desktop racunar DDR4,[],"[{""start"": 16, ""end"": 20, ""label"": ""RAM"", ""text"": ""DDR4""}]",[]
K0666,759,body,2,SPAJANJE,GPU,"(Navi 48 XTX)
  * Stream Processors / Shaders: 4,096
  * Compute Units: 64 CUs (including 3rd Gen Ray Accelerators &2nd Gen AI Accelerators)
  * AI Accelerators: 128
  * Infinity Cache: 64MB
  * Bus Interface: PCI-Express 5.0 x16","[{""start"": 251, ""end"": 275, ""label"": ""GPU"", ""text"": ""3rd Gen Ray Accelerators""}, {""start"": 277, ""end"": 300, ""label"": ""GPU"", ""text"": ""2nd Gen AI Accelerators""}]","[{""start"": 251, ""end"": 300, ""label"": ""GPU"", ""text"": ""3rd Gen Ray Accelerators &2nd Gen AI Accelerators""}]",[]
K0667,759,body,2,GRANICA_SIRA,GPU,"0 MHz
  * Video Memory (VRAM): 16GB GDDR6
  * Memory Bus Width: 256-bit
  * Memory Speed: 20 Gbps effective [1, 2, 3, 4, 5]
Power, Dimensions, &Cooling
  * Total Board Power (TBP): 317 Watts
  * Po","[{""start"": 600, ""end"": 607, ""label"": ""GPU"", ""text"": ""20 Gbps""}]","[{""start"": 600, ""end"": 617, ""label"": ""GPU"", ""text"": ""20 Gbps effective""}]",[]
K0668,759,body,2,GRANICA_UZA,GPU,"
Power, Dimensions, &Cooling
  * Total Board Power (TBP): 317 Watts
  * Power Connectors: 2x 8-pin PCIe cables
  * Minimum Recommended PSU: 700 Watts
  * Physical Dimensions: 320 mm (Length) x 120 mm ","[{""start"": 723, ""end"": 743, ""label"": ""GPU"", ""text"": ""2x 8-pin PCIe cables""}]","[{""start"": 723, ""end"": 736, ""label"": ""GPU"", ""text"": ""2x 8-pin PCIe""}]",[]
K0669,759,body,2,SUVISNO,GPU," (TBP): 317 Watts
  * Power Connectors: 2x 8-pin PCIe cables
  * Minimum Recommended PSU: 700 Watts
  * Physical Dimensions: 320 mm (Length) x 120 mm (Height) x 61.6 mm (Width)
  * Form Fac",[],"[{""start"": 773, ""end"": 782, ""label"": ""GPU"", ""text"": ""700 Watts""}]",[]
K0670,759,body,2,FRAGMENTACIJA,GPU,"ors: 2x 8-pin PCIe cables
  * Minimum Recommended PSU: 700 Watts
  * Physical Dimensions: 320 mm (Length) x 120 mm (Height) x 61.6 mm (Width)
  * Form Factor: 3.1-slot (requires 3 PCIe slots)
  * Cooling Tech: Tri-X Cooling Technol","[{""start"": 808, ""end"": 859, ""label"": ""GPU"", ""text"": ""320 mm (Length) x 120 mm (Height) x 61.6 mm (Width)""}]","[{""start"": 808, ""end"": 814, ""label"": ""GPU"", ""text"": ""320 mm""}, {""start"": 826, ""end"": 832, ""label"": ""GPU"", ""text"": ""120 mm""}, {""start"": 844, ""end"": 851, ""label"": ""GPU"", ""text"": ""61.6 mm""}]",[]
K0671,759,body,2,SUVISNO,GPU,": 320 mm (Length) x 120 mm (Height) x 61.6 mm (Width)
  * Form Factor: 3.1-slot (requires 3 PCIe slots)
  * Cooling Tech: Tri-X Cooling Technology with three AeroCurve fan blades and Honeywell",[],"[{""start"": 896, ""end"": 908, ""label"": ""GPU"", ""text"": ""3 PCIe slots""}]",[]
K0672,759,body,2,SUVISNO,GPU," Factor: 3.1-slot (requires 3 PCIe slots)
  * Cooling Tech: Tri-X Cooling Technology with three AeroCurve fan blades and Honeywell PTM7950 Thermal Interface Material. [1, 2, 3, 4, 5, 6, 7]
Display Outputs
  * Max Display Support: Up to 4 screens
  * Video",[],"[{""start"": 958, ""end"": 1033, ""label"": ""GPU"", ""text"": ""three AeroCurve fan blades and Honeywell PTM7950 Thermal Interface Material""}]",[]
K0673,759,body,2,SPAJANJE,GPU," 3, 4, 5, 6, 7]
Display Outputs
  * Max Display Support: Up to 4 screens
  * Video Ports: 2x HDMI, 2x DisplayPort 2.1a
  * Max Resolution: 7680×4320 (8K) [1, 2, 3]
I'll tailor my next response. Just tell me:
","[{""start"": 1131, ""end"": 1138, ""label"": ""GPU"", ""text"": ""2x HDMI""}, {""start"": 1140, ""end"": 1159, ""label"": ""GPU"", ""text"": ""2x DisplayPort 2.1a""}]","[{""start"": 1131, ""end"": 1159, ""label"": ""GPU"", ""text"": ""2x HDMI, 2x DisplayPort 2.1a""}]",[]
K0674,759,title,2,GRANICA_SIRA,GPU,PURE AMD Radeo RX 9070 XT OC GPU,"[{""start"": 5, ""end"": 28, ""label"": ""GPU"", ""text"": ""AMD Radeo RX 9070 XT OC""}]","[{""start"": 0, ""end"": 28, ""label"": ""GPU"", ""text"": ""PURE AMD Radeo RX 9070 XT OC""}]",[]
K0675,761,body,1,SPAJANJE,GPU,"ecifikacije: Model: NVIDIA Tesla K80
  * Broj GPU-ova: Dual GPU (dva GK210 procesora)
  * CUDA jezgra: 4,992 (2 x 2,496 CUDA jezgara)
  * Memorija: 24 GB GDDR5 (12 GB po GPU-u)
  * Propusnost memorije: Do 480 GB/s
  * Takt ","[{""start"": 393, ""end"": 397, ""label"": ""GPU"", ""text"": ""CUDA""}, {""start"": 406, ""end"": 436, ""label"": ""GPU"", ""text"": ""4,992 (2 x 2,496 CUDA jezgara)""}]","[{""start"": 393, ""end"": 436, ""label"": ""GPU"", ""text"": ""CUDA jezgra: 4,992 (2 x 2,496 CUDA jezgara)""}]",[]
K0676,761,body,1,SPAJANJE,GPU,"l GPU (dva GK210 procesora)
  * CUDA jezgra: 4,992 (2 x 2,496 CUDA jezgara)
  * Memorija: 24 GB GDDR5 (12 GB po GPU-u)
  * Propusnost memorije: Do 480 GB/s
  * Takt jezgra: Do 875 MHz
  * Interfejs: PCI Expre","[{""start"": 451, ""end"": 462, ""label"": ""GPU"", ""text"": ""24 GB GDDR5""}, {""start"": 464, ""end"": 469, ""label"": ""GPU"", ""text"": ""12 GB""}]","[{""start"": 451, ""end"": 479, ""label"": ""GPU"", ""text"": ""24 GB GDDR5 (12 GB po GPU-u)""}]",[]
K0677,761,body,1,GRANICA_SIRA,GPU,"UDA jezgra: 4,992 (2 x 2,496 CUDA jezgara)
  * Memorija: 24 GB GDDR5 (12 GB po GPU-u)
  * Propusnost memorije: Do 480 GB/s
  * Takt jezgra: Do 875 MHz
  * Interfejs: PCI Express 3.0 x16
  * Potrošnja: 300 W TDP
 ","[{""start"": 505, ""end"": 516, ""label"": ""GPU"", ""text"": ""Do 480 GB/s""}]","[{""start"": 484, ""end"": 516, ""label"": ""GPU"", ""text"": ""Propusnost memorije: Do 480 GB/s""}]",[]
K0678,761,body,1,GRANICA_SIRA,GPU,"gara)
  * Memorija: 24 GB GDDR5 (12 GB po GPU-u)
  * Propusnost memorije: Do 480 GB/s
  * Takt jezgra: Do 875 MHz
  * Interfejs: PCI Express 3.0 x16
  * Potrošnja: 300 W TDP
  * Hlađenje: Pasivno (zahtev","[{""start"": 534, ""end"": 544, ""label"": ""GPU"", ""text"": ""Do 875 MHz""}]","[{""start"": 521, ""end"": 544, ""label"": ""GPU"", ""text"": ""Takt jezgra: Do 875 MHz""}]",[]
K0679,761,body,1,GRANICA_SIRA,GPU,"datasetovima.
  * Podrška za CUDA: Optimizovana za paralelne računarske zadatke koristeći CUDA tehnologiju.
  * Stabilnost: Dizajnirana za rad u okruženjima gde je potrebna pouzdanost tokom dugotr","[{""start"": 960, ""end"": 964, ""label"": ""GPU"", ""text"": ""CUDA""}]","[{""start"": 960, ""end"": 976, ""label"": ""GPU"", ""text"": ""CUDA tehnologiju""}]",[]
K0680,762,body,1,GRANICA_SIRA,GPU,"2 MHz (referentna karta: 1777 MHz) CUDA

procesori: 3584

 Hladjenje: Aktivno
 Konektori: 2 x DisplayPort 1.4a 2 x HDMI 2.1 Mini DisplayPort: Ne Mini HDMI: Ne Preporučeno napajanje (minimum): 550W Konektor za napajanje: 8-pin x1 O","[{""start"": 292, ""end"": 325, ""label"": ""GPU"", ""text"": ""2 x DisplayPort 1.4a 2 x HDMI 2.1""}]","[{""start"": 292, ""end"": 342, ""label"": ""GPU"", ""text"": ""2 x DisplayPort 1.4a 2 x HDMI 2.1 Mini DisplayPort""}]",[]
K0681,762,body,1,SUVISNO,GPU,"4

 Hladjenje: Aktivno
 Konektori: 2 x DisplayPort 1.4a 2 x HDMI 2.1 Mini DisplayPort: Ne Mini HDMI: Ne Preporučeno napajanje (minimum): 550W Konektor za napajanje: 8-pin x1 Ostalo: DirectX",[],"[{""start"": 347, ""end"": 356, ""label"": ""GPU"", ""text"": ""Mini HDMI""}]",[]
K0682,764,body,2,SUVISNO,GPU,"grafičkih kartica, štiteći PCIe slot i lutajući PCB. Potpuno prilagodljiv, sa modelima za NVIDIA i Radeon serije, koji pokrivaju visinske opsege od 70 mm pa sve do 125 mm

* Podesivost:
",[],"[{""start"": 144, ""end"": 150, ""label"": ""GPU"", ""text"": ""NVIDIA""}]",[]
K0683,764,body,2,SUVISNO,GPU," kartica, štiteći PCIe slot i lutajući PCB. Potpuno prilagodljiv, sa modelima za NVIDIA i Radeon serije, koji pokrivaju visinske opsege od 70 mm pa sve do 125 mm

* Podesivost:
Veličina ",[],"[{""start"": 153, ""end"": 159, ""label"": ""GPU"", ""text"": ""Radeon""}]",[]
K0684,765,body,2,SUVISNO,GPU,Ispravna grafička za servere. Radna garancija na ispravnost.,[],"[{""start"": 21, ""end"": 28, ""label"": ""GPU"", ""text"": ""servere""}]",[]
K0685,765,title,2,SUVISNO,GPU,Serverska grafička Nvidia Tesla M60 DDR5 GPU akcelerator,[],"[{""start"": 0, ""end"": 9, ""label"": ""GPU"", ""text"": ""Serverska""}]",[]
K0686,766,body,3,FRAGMENTACIJA,GPU,"-----------------------------------
Grafički procesor
GeForce RTX™ 5050
Radni takt jezgra
2587 MHz (Referentna kartica: 2572 MHz)
CUDA® jezgra
2560
Takt memorije
20 Gbps
Veličina memorije
8 GB
Tip memorije
GDDR6
Širina ","[{""start"": 642, ""end"": 681, ""label"": ""GPU"", ""text"": ""2587 MHz (Referentna kartica: 2572 MHz)""}]","[{""start"": 642, ""end"": 650, ""label"": ""GPU"", ""text"": ""2587 MHz""}, {""start"": 672, ""end"": 680, ""label"": ""GPU"", ""text"": ""2572 MHz""}]",[]
K0687,766,body,3,FRAGMENTACIJA,GPU,"4320
Broj prikaza (Multi-view)
4
Dimenzije kartice
D=199 mm, Š=116 mm, V=40 mm
PCB format
ATX
DirectX
DirectX 12 API
OpenGL
4.6
Preporučeno napajanje
550W
Konektor za napajanje
8 Pin × 1
Izlazi
DisplayPort 2.1b × 2, H","[{""start"": 957, ""end"": 994, ""label"": ""GPU"", ""text"": ""ATX\nDirectX\nDirectX 12 API\nOpenGL\n4.6""}]","[{""start"": 957, ""end"": 960, ""label"": ""GPU"", ""text"": ""ATX""}, {""start"": 969, ""end"": 983, ""label"": ""GPU"", ""text"": ""DirectX 12 API""}, {""start"": 991, ""end"": 994, ""label"": ""GPU"", ""text"": ""4.6""}]",[]
K0688,767,body,4,FRAGMENTACIJA,GPU,"na memorije:
4 GB
Memorijska magistrala:
128-bit
Interfejs:
Podržava PCI-e 3.0
Konektori:
1x DVI
1x DisplayPort
1x HDMI
Preporučena snaga  napajanja:
400W
Prava potrošača:
Zakonska saobraznost 2 godine","[{""start"": 774, ""end"": 803, ""label"": ""GPU"", ""text"": ""1x DVI\n1x DisplayPort\n1x HDMI""}]","[{""start"": 774, ""end"": 780, ""label"": ""GPU"", ""text"": ""1x DVI""}, {""start"": 781, ""end"": 795, ""label"": ""GPU"", ""text"": ""1x DisplayPort""}, {""start"": 796, ""end"": 803, ""label"": ""GPU"", ""text"": ""1x HDMI""}]",[]
K0689,768,body,1,SUVISNO,GPU,"-------------------------------------------------------------
GPU
NVIDIA GeForce RTX 5080
CUDA jezgra
10,752
Video memorija
16 GB GDDR7
Širina memorijske magistrale
256-bitna
Radni takt (eng.",[],"[{""start"": 616, ""end"": 627, ""label"": ""GPU"", ""text"": ""CUDA jezgra""}]",[]
K0690,768,body,1,SUVISNO,GPU,"5080
CUDA jezgra
10,752
Video memorija
16 GB GDDR7
Širina memorijske magistrale
256-bitna
Radni takt (eng. Engine Clock)
2617 MHz
Takt memorije
30 Gbps
AI TOPS
1801
PCI Express
PCI Express 5.0 x16
Video izlazi
",[],"[{""start"": 701, ""end"": 731, ""label"": ""GPU"", ""text"": ""Radni takt (eng. Engine Clock)""}]",[]
K0691,768,body,1,SUVISNO,GPU,"6 GB GDDR7
Širina memorijske magistrale
256-bitna
Radni takt (eng. Engine Clock)
2617 MHz
Takt memorije
30 Gbps
AI TOPS
1801
PCI Express
PCI Express 5.0 x16
Video izlazi
3 x DisplayPort 2.1b sa",[],"[{""start"": 741, ""end"": 754, ""label"": ""GPU"", ""text"": ""Takt memorije""}]",[]
K0692,768,body,1,SUVISNO,GPU,"rijske magistrale
256-bitna
Radni takt (eng. Engine Clock)
2617 MHz
Takt memorije
30 Gbps
AI TOPS
1801
PCI Express
PCI Express 5.0 x16
Video izlazi
3 x DisplayPort 2.1b sa UHBR20 (do 4K 4",[],"[{""start"": 763, ""end"": 770, ""label"": ""GPU"", ""text"": ""AI TOPS""}]",[]
K0693,768,body,1,GRANICA_SIRA,GPU,"ess 5.0 x16
Video izlazi
3 x DisplayPort 2.1b sa UHBR20 (do 4K 480Hz ili 8K 165Hz uz DSC)
1 x HDMI® konektor (podržava 4K 480Hz HDR ili 8K 120Hz HDR uz DSC, i Gaming VRR prema HDMI 2.1b specifikacij","[{""start"": 886, ""end"": 895, ""label"": ""GPU"", ""text"": ""1 x HDMI®""}]","[{""start"": 886, ""end"": 904, ""label"": ""GPU"", ""text"": ""1 x HDMI® konektor""}]",[]
K0694,768,body,1,SPAJANJE,GPU," 480Hz ili 8K 165Hz uz DSC)
1 x HDMI® konektor (podržava 4K 480Hz HDR ili 8K 120Hz HDR uz DSC, i Gaming VRR prema HDMI 2.1b specifikaciji)
HDCP podrška
Verzija 2.3
Mogućnost više ekrana
Do četiri e","[{""start"": 948, ""end"": 951, ""label"": ""GPU"", ""text"": ""DSC""}, {""start"": 955, ""end"": 965, ""label"": ""GPU"", ""text"": ""Gaming VRR""}]","[{""start"": 948, ""end"": 965, ""label"": ""GPU"", ""text"": ""DSC, i Gaming VRR""}]",[]
K0695,768,body,1,SUVISNO,GPU,"održava 4K 480Hz HDR ili 8K 120Hz HDR uz DSC, i Gaming VRR prema HDMI 2.1b specifikaciji)
HDCP podrška
Verzija 2.3
Mogućnost više ekrana
Do četiri ekrana
Preporučeno napajanje
850W
Potrošnja e",[],"[{""start"": 997, ""end"": 1009, ""label"": ""GPU"", ""text"": ""HDCP podrška""}]",[]
K0696,768,body,1,GRANICA_UZA,GPU," Gaming VRR prema HDMI 2.1b specifikaciji)
HDCP podrška
Verzija 2.3
Mogućnost više ekrana
Do četiri ekrana
Preporučeno napajanje
850W
Potrošnja energije
360W *Visoka potrošnja – pažljivo pročitajt","[{""start"": 1044, ""end"": 1060, ""label"": ""GPU"", ""text"": ""Do četiri ekrana""}]","[{""start"": 1044, ""end"": 1053, ""label"": ""GPU"", ""text"": ""Do četiri""}]",[]
K0697,768,body,1,PROPUSTENO,GPU,"ji)
HDCP podrška
Verzija 2.3
Mogućnost više ekrana
Do četiri ekrana
Preporučeno napajanje
850W
Potrošnja energije
360W *Visoka potrošnja – pažljivo pročitajte priručnik napajanja pre i","[{""start"": 1083, ""end"": 1087, ""label"": ""GPU"", ""text"": ""850W""}]",[],[]
K0698,768,body,1,GRANICA_SIRA,GPU,"ka potrošnja – pažljivo pročitajte priručnik napajanja pre instalacije.
Ulaz za napajanje
1 x 12v-2x6 konektor
DirectX
Microsoft DirectX® 12 Ultimate
OpenGL
Verzija 4.6
Hlađenje
IceStorm 3.0
Veličina ","[{""start"": 1207, ""end"": 1218, ""label"": ""GPU"", ""text"": ""1 x 12v-2x6""}]","[{""start"": 1207, ""end"": 1227, ""label"": ""GPU"", ""text"": ""1 x 12v-2x6 konektor""}]",[]
K0699,768,body,1,SUVISNO,GPU,"nstalacije.
Ulaz za napajanje
1 x 12v-2x6 konektor
DirectX
Microsoft DirectX® 12 Ultimate
OpenGL
Verzija 4.6
Hlađenje
IceStorm 3.0
Veličina slota
2.5 slota
SLI podrška
Nema
Podržani oper",[],"[{""start"": 1267, ""end"": 1273, ""label"": ""GPU"", ""text"": ""OpenGL""}]",[]
K0700,768,body,1,SUVISNO,GPU,"ft DirectX® 12 Ultimate
OpenGL
Verzija 4.6
Hlađenje
IceStorm 3.0
Veličina slota
2.5 slota
SLI podrška
Nema
Podržani operativni sistemi
Windows 11 / Windows 10 64-bit (verzija 1809 iz novembra",[],"[{""start"": 1333, ""end"": 1344, ""label"": ""GPU"", ""text"": ""SLI podrška""}]",[]
K0701,768,body,1,SPAJANJE,GPU,"ađenje
IceStorm 3.0
Veličina slota
2.5 slota
SLI podrška
Nema
Podržani operativni sistemi
Windows 11 / Windows 10 64-bit (verzija 1809 iz novembra 2018. ili novija)
Dimenzije kartice
303.5 mm x 115.8 mm x 55.7 mm / 11.9"" x 4.6"" x 2.2""
Dodaci u pakovanju
","[{""start"": 1378, ""end"": 1388, ""label"": ""GPU"", ""text"": ""Windows 11""}, {""start"": 1391, ""end"": 1452, ""label"": ""GPU"", ""text"": ""Windows 10 64-bit (verzija 1809 iz novembra 2018. ili novija)""}]","[{""start"": 1378, ""end"": 1452, ""label"": ""GPU"", ""text"": ""Windows 11 / Windows 10 64-bit (verzija 1809 iz novembra 2018. ili novija)""}]",[]
K0702,768,body,1,PROPUSTENO,GPU,"03.5 mm x 115.8 mm x 55.7 mm / 11.9"" x 4.6"" x 2.2""
Dodaci u pakovanju
Korisničko uputstvo 3 x 8-pin u 16-pin kabl Postolje za podršku grafičke kartice","[{""start"": 1562, ""end"": 1580, ""label"": ""GPU"", ""text"": ""3 x 8-pin u 16-pin""}]",[],[]
K0703,769,body,2,SUVISNO,GPU,"stički GPU držači - dizajnirani da se savršeno uklope u svaki PC build.
Koji si ti tim?
❤️RADEON ili ? NVIDIA
Podesiva visina, stabilan oslonac i jednostavna montaža.
Mogućnost slanja il",[],"[{""start"": 226, ""end"": 232, ""label"": ""GPU"", ""text"": ""RADEON""}]",[]
K0704,769,body,2,SUVISNO,GPU,"žači - dizajnirani da se savršeno uklope u svaki PC build.
Koji si ti tim?
❤️RADEON ili ? NVIDIA
Podesiva visina, stabilan oslonac i jednostavna montaža.
Mogućnost slanja ili lično preuz",[],"[{""start"": 239, ""end"": 245, ""label"": ""GPU"", ""text"": ""NVIDIA""}]",[]
K0705,771,body,4,GRANICA_UZA,GPU,"X 3060
Tip memorije
GDDR6
Memorija grafičke
12 GB
Memorijska magistrala
192-bit
Interface
Support PCI-E 4.0
Broj HDMI portova
1
Broj DisplayPortova
3
Dimenzije
242*130*44 mm
Prava potrošača:
Zakons","[{""start"": 694, ""end"": 711, ""label"": ""GPU"", ""text"": ""Support PCI-E 4.0""}]","[{""start"": 702, ""end"": 711, ""label"": ""GPU"", ""text"": ""PCI-E 4.0""}]",[]
K0706,771,body,4,PROPUSTENO,GPU,"playPortova
3
Dimenzije
242*130*44 mm
Prava potrošača:
Zakonska saobraznost 2 godine
EAN:
4712960686915","[{""start"": 830, ""end"": 843, ""label"": ""GPU"", ""text"": ""4712960686915""}]",[],[]
K0707,772,body,2,SUVISNO,GPU,"--------------
Model
Gigabyte AORUS GeForce RTX 5090 STEALTH ICE 32G GDDR7 Grafička karta
NVIDIA GPU
GeForce RTX 50-Series
GPU Model
GeForce RTX 5090
Standard magistrale
PCI Express 5.0
",[],"[{""start"": 663, ""end"": 669, ""label"": ""GPU"", ""text"": ""NVIDIA""}]",[]
K0708,772,body,2,SPAJANJE,GPU,"X 50-Series
GPU Model
GeForce RTX 5090
Standard magistrale
PCI Express 5.0
Takt procesora
2655MHz (Reference card: 2407MHz)
CUDA procesori
21760
Količina memorije
32GB
Tip memorije
GDDR7
Brzina memorije
28 Gbps
Me","[{""start"": 774, ""end"": 781, ""label"": ""GPU"", ""text"": ""2655MHz""}, {""start"": 799, ""end"": 806, ""label"": ""GPU"", ""text"": ""2407MHz""}]","[{""start"": 774, ""end"": 807, ""label"": ""GPU"", ""text"": ""2655MHz (Reference card: 2407MHz)""}]",[]
K0709,772,body,2,GRANICA_UZA,GPU,"laz
1 x HDMI 2.1b
DisplayPort Izlaz
3x DisplayPort 2.1b
Rezolucija
7680x4320
Multi-view 4
DirectX
12
OpenGL
4.6
Potrošnja
575W
PSU Konektor
1 x 16-pin
Hladjenje
Aktivno
Dimenzije
360x150x75m","[{""start"": 1039, ""end"": 1049, ""label"": ""GPU"", ""text"": ""DirectX\n12""}]","[{""start"": 1047, ""end"": 1049, ""label"": ""GPU"", ""text"": ""12""}]",[]
K0710,772,body,2,GRANICA_UZA,GPU,"I 2.1b
DisplayPort Izlaz
3x DisplayPort 2.1b
Rezolucija
7680x4320
Multi-view 4
DirectX
12
OpenGL
4.6
Potrošnja
575W
PSU Konektor
1 x 16-pin
Hladjenje
Aktivno
Dimenzije
360x150x75mm
Dodatna o","[{""start"": 1050, ""end"": 1060, ""label"": ""GPU"", ""text"": ""OpenGL\n4.6""}]","[{""start"": 1057, ""end"": 1060, ""label"": ""GPU"", ""text"": ""4.6""}]",[]
K0711,772,body,2,SUVISNO,GPU,"x4320
Multi-view 4
DirectX
12
OpenGL
4.6
Potrošnja
575W
PSU Konektor
1 x 16-pin
Hladjenje
Aktivno
Dimenzije
360x150x75mm
Dodatna oprema
1. Quick guide
2. Warranty registration
3. 1x 12V-2",[],"[{""start"": 1110, ""end"": 1117, ""label"": ""GPU"", ""text"": ""Aktivno""}]",[]
K0712,772,body,2,SUVISNO,GPU,"
Aktivno
Dimenzije
360x150x75mm
Dodatna oprema
1. Quick guide
2. Warranty registration
3. 1x 12V-2x6 to 4x PCIe 8pin adapter
4. AORUS identity stickers
5. AORUS metal sticker
6. Versatile VGA holder
7. Versatile VG",[],"[{""start"": 1199, ""end"": 1233, ""label"": ""GPU"", ""text"": ""1x 12V-2x6 to 4x PCIe 8pin adapter""}]",[]
K0713,773,body,1,GRANICA_SIRA,GPU,"a grafičke: 12 GB
  * Memorijska magistrala: 192-bit
  * Interface: Support PCI-E 4.0
  * Broj HDMI portova: 1
  * Broj DisplayPortova: 3
  * Dimenzije: 242*130*44 mm
  * Prava potrošača: : Zakonska s","[{""start"": 496, ""end"": 497, ""label"": ""GPU"", ""text"": ""1""}]","[{""start"": 477, ""end"": 497, ""label"": ""GPU"", ""text"": ""Broj HDMI portova: 1""}]",[]
K0714,773,body,1,GRANICA_SIRA,GPU,"orijska magistrala: 192-bit
  * Interface: Support PCI-E 4.0
  * Broj HDMI portova: 1
  * Broj DisplayPortova: 3
  * Dimenzije: 242*130*44 mm
  * Prava potrošača: : Zakonska saobraznost 2 godine
  * EAN","[{""start"": 523, ""end"": 524, ""label"": ""GPU"", ""text"": ""3""}]","[{""start"": 502, ""end"": 524, ""label"": ""GPU"", ""text"": ""Broj DisplayPortova: 3""}]",[]
K0715,777,body,1,GRANICA_UZA,GPU,"HDMI Izlaz    1 x HDMI 2.1
DisplayPort Izlaz    3x DisplayPort 2.1
Rezolucija    7680x4320Multi-view 4
DirectX    12
OpenGL    4.6
Potrošnja    575W
PSU Konektor    1 x 16-pin
Hladjenje    Akt","[{""start"": 463, ""end"": 475, ""label"": ""GPU"", ""text"": ""Multi-view 4""}]","[{""start"": 474, ""end"": 475, ""label"": ""GPU"", ""text"": ""4""}]",[]
K0716,777,body,1,PROPUSTENO,GPU,"nje    Aktivno
Dimenzije    245x146x36mm
Dodatna oprema
Quick guide
Warranty registration
1x 12V-2x6 to 4x PCIe 8pin adapter
AORUS identity sticker","[{""start"": 645, ""end"": 671, ""label"": ""GPU"", ""text"": ""1x 12V-2x6 to 4x PCIe 8pin""}]",[],[]
K0717,783,body,4,PROPUSTENO,GPU,"tako da je spremna za dalji rad bez potrebe za dodatnim ulaganjem.
●U pitanju je najbolji asus-ov model sa 3 ventilatora koji pruža odlične performanse a da grafička pritom ostaje hladna ","[{""start"": 295, ""end"": 302, ""label"": ""GPU"", ""text"": ""asus-ov""}]",[],[]
K0718,786,body,2,GRANICA_SIRA,GPU,"odel: GeForce RTX 5080
Proizvođač kartice: MSI
Serija: INSPIRE 3X
Grafički čip: Blackwell
Broj CUDA jezgara: 10752
Radni takt: oko 2.295MHz (boost do oko 2.640MHz OC)
Memorija
Količina memorije: 16GB
Magi","[{""start"": 231, ""end"": 236, ""label"": ""GPU"", ""text"": ""10752""}]","[{""start"": 212, ""end"": 236, ""label"": ""GPU"", ""text"": ""Broj CUDA jezgara: 10752""}]",[]
K0719,786,body,2,SPAJANJE,GPU,"tice: MSI
Serija: INSPIRE 3X
Grafički čip: Blackwell
Broj CUDA jezgara: 10752
Radni takt: oko 2.295MHz (boost do oko 2.640MHz OC)
Memorija
Količina memorije: 16GB
Magistrala memorije: 256bit
Tip memorije: GDDR7
Brzina m","[{""start"": 249, ""end"": 261, ""label"": ""GPU"", ""text"": ""oko 2.295MHz""}, {""start"": 269, ""end"": 287, ""label"": ""GPU"", ""text"": ""do oko 2.640MHz OC""}]","[{""start"": 249, ""end"": 288, ""label"": ""GPU"", ""text"": ""oko 2.295MHz (boost do oko 2.640MHz OC)""}]",[]
K0720,786,body,2,GRANICA_SIRA,GPU,"
Tip memorije: GDDR7
Brzina memorije: 30Gbps
Propusni opseg memorije: 960GB/s

Priključci
Ukupno DisplayPort priključaka: 3
DisplayPort priključci: 3x DisplayPort 2.1b
Ukupno HDMI priključaka: 1
HDMI priključci: 1","[{""start"": 471, ""end"": 472, ""label"": ""GPU"", ""text"": ""3""}]","[{""start"": 439, ""end"": 472, ""label"": ""GPU"", ""text"": ""Ukupno DisplayPort priključaka: 3""}]",[]
K0721,786,body,2,GRANICA_SIRA,GPU,"
Priključci
Ukupno DisplayPort priključaka: 3
DisplayPort priključci: 3x DisplayPort 2.1b
Ukupno HDMI priključaka: 1
HDMI priključci: 1x HDMI 2.1b
Dodatni naponski priključci: 1x16pin (12V-2x6)
Ostale karak","[{""start"": 542, ""end"": 543, ""label"": ""GPU"", ""text"": ""1""}]","[{""start"": 517, ""end"": 543, ""label"": ""GPU"", ""text"": ""Ukupno HDMI priključaka: 1""}]",[]
K0722,786,body,2,SPAJANJE,GPU,"ventilatora: 3x ventilatora
Sistem hlađenja: STORMFORCE Fan Cooling
Podržane tehnologije: OpenGL 4.6, Microsoft DirectX 12 Ultimate, nVidia DLSS 4, Ray Tracing, nVidia Reflex 2, CUDA, MSI Center, Afterburner
Maksimalna rezolucija: 7.680 x 4.320
Podrška za monitore: do 4 monitora
Zero Frozr režim:","[{""start"": 764, ""end"": 774, ""label"": ""GPU"", ""text"": ""OpenGL 4.6""}, {""start"": 776, ""end"": 805, ""label"": ""GPU"", ""text"": ""Microsoft DirectX 12 Ultimate""}, {""start"": 807, ""end"": 820, ""label"": ""GPU"", ""text"": ""nVidia DLSS 4""}, {""start"": 822, ""end"": 833, ""label"": ""GPU"", ""text"": ""Ray Tracing""}, {""start"": 835, ""end"": 850, ""label"": ""GPU"", ""text"": ""nVidia Reflex 2""}, {""start"": 852, ""end"": 856, ""label"": ""GPU"", ""text"": ""CUDA""}]","[{""start"": 764, ""end"": 881, ""label"": ""GPU"", ""text"": ""OpenGL 4.6, Microsoft DirectX 12 Ultimate, nVidia DLSS 4, Ray Tracing, nVidia Reflex 2, CUDA, MSI Center, Afterburner""}]",[]
K0723,786,body,2,GRANICA_SIRA,GPU,"X 12 Ultimate, nVidia DLSS 4, Ray Tracing, nVidia Reflex 2, CUDA, MSI Center, Afterburner
Maksimalna rezolucija: 7.680 x 4.320
Podrška za monitore: do 4 monitora
Zero Frozr režim: Da
SFF Ready: Da

Fizičke karakteris","[{""start"": 905, ""end"": 918, ""label"": ""GPU"", ""text"": ""7.680 x 4.320""}]","[{""start"": 882, ""end"": 918, ""label"": ""GPU"", ""text"": ""Maksimalna rezolucija: 7.680 x 4.320""}]",[]
K0724,786,body,2,GRANICA_UZA,GPU,", CUDA, MSI Center, Afterburner
Maksimalna rezolucija: 7.680 x 4.320
Podrška za monitore: do 4 monitora
Zero Frozr režim: Da
SFF Ready: Da

Fizičke karakteristike
Dimenzije: oko 288mm x 112mm x","[{""start"": 940, ""end"": 953, ""label"": ""GPU"", ""text"": ""do 4 monitora""}]","[{""start"": 940, ""end"": 944, ""label"": ""GPU"", ""text"": ""do 4""}]",[]
K0725,786,body,2,SUVISNO,GPU,"nter, Afterburner
Maksimalna rezolucija: 7.680 x 4.320
Podrška za monitore: do 4 monitora
Zero Frozr režim: Da
SFF Ready: Da

Fizičke karakteristike
Dimenzije: oko 288mm x 112mm x 50mm
Format: Pun for",[],"[{""start"": 954, ""end"": 974, ""label"": ""GPU"", ""text"": ""Zero Frozr režim: Da""}]",[]
K0726,786,body,2,SUVISNO,GPU,"simalna rezolucija: 7.680 x 4.320
Podrška za monitore: do 4 monitora
Zero Frozr režim: Da
SFF Ready: Da

Fizičke karakteristike
Dimenzije: oko 288mm x 112mm x 50mm
Format: Pun format
Boja: Zlat",[],"[{""start"": 975, ""end"": 988, ""label"": ""GPU"", ""text"": ""SFF Ready: Da""}]",[]
K0727,787,body,2,SPAJANJE,GPU,"60 Ti
Proizvođač kartice: MSI
Grafički čip: Blackwell
Broj CUDA jezgara: 4608
Radni takt: oko 2.407MHz (boost do oko 2.572MHz OC)
Memorija
Količina memorije: 8GB
Magistrala memorije: 128bit
Tip memorije: GDDR7
Brzina me","[{""start"": 233, ""end"": 245, ""label"": ""GPU"", ""text"": ""oko 2.407MHz""}, {""start"": 253, ""end"": 271, ""label"": ""GPU"", ""text"": ""do oko 2.572MHz OC""}]","[{""start"": 233, ""end"": 272, ""label"": ""GPU"", ""text"": ""oko 2.407MHz (boost do oko 2.572MHz OC)""}]",[]
K0728,787,body,2,SPAJANJE,GPU,"tilatora: 3x ventilatora
Sistem hlađenja: VENTUS Triple Fan Cooling
Podržane tehnologije: OpenGL 4.6, Microsoft DirectX 12 Ultimate, nVidia DLSS 4, Ray Tracing, nVidia Reflex, CUDA, MSI Center, Afterburner
Maksimalna rezolucija: 7.680 x 4.320
Podrška za monitore: do 4 monitora
Zero Frozr režim:","[{""start"": 738, ""end"": 748, ""label"": ""GPU"", ""text"": ""OpenGL 4.6""}, {""start"": 750, ""end"": 779, ""label"": ""GPU"", ""text"": ""Microsoft DirectX 12 Ultimate""}, {""start"": 781, ""end"": 794, ""label"": ""GPU"", ""text"": ""nVidia DLSS 4""}, {""start"": 796, ""end"": 807, ""label"": ""GPU"", ""text"": ""Ray Tracing""}, {""start"": 809, ""end"": 822, ""label"": ""GPU"", ""text"": ""nVidia Reflex""}, {""start"": 824, ""end"": 828, ""label"": ""GPU"", ""text"": ""CUDA""}]","[{""start"": 738, ""end"": 853, ""label"": ""GPU"", ""text"": ""OpenGL 4.6, Microsoft DirectX 12 Ultimate, nVidia DLSS 4, Ray Tracing, nVidia Reflex, CUDA, MSI Center, Afterburner""}]",[]
K0729,787,body,2,SUVISNO,GPU,"Maksimalna rezolucija: 7.680 x 4.320
Podrška za monitore: do 4 monitora
Zero Frozr režim: Da

Fizičke karakteristike
Dimenzije: oko 303mm x 121mm x 49mm
Format: Pun format
Boja: Crna",[],"[{""start"": 944, ""end"": 946, ""label"": ""GPU"", ""text"": ""Da""}]",[]
K0730,787,body,2,SUVISNO,GPU,"
Zero Frozr režim: Da

Fizičke karakteristike
Dimenzije: oko 303mm x 121mm x 49mm
Format: Pun format
Boja: Crna / Srebrna
Garancija 36 meseci",[],"[{""start"": 1015, ""end"": 1025, ""label"": ""GPU"", ""text"": ""Pun format""}]",[]
K0731,787,body,2,SUVISNO,GPU,": Da

Fizičke karakteristike
Dimenzije: oko 303mm x 121mm x 49mm
Format: Pun format
Boja: Crna / Srebrna
Garancija 36 meseci",[],"[{""start"": 1032, ""end"": 1046, ""label"": ""GPU"", ""text"": ""Crna / Srebrna""}]",[]
K0732,788,body,1,PROPUSTENO,GPU,"nter, Afterburner
Maksimalna rezolucija: 7.680 x 4.320
Podrška za monitore: do 4 monitora
Zero Frozr režim: Da
RGB osvetljenje: Da

Fizičke karakteristike
Dimenzije: oko 338mm x 140mm x 50mm","[{""start"": 965, ""end"": 975, ""label"": ""GPU"", ""text"": ""Zero Frozr""}]",[],[]
K0733,788,body,1,SUVISNO,GPU,"Maksimalna rezolucija: 7.680 x 4.320
Podrška za monitore: do 4 monitora
Zero Frozr režim: Da
RGB osvetljenje: Da

Fizičke karakteristike
Dimenzije: oko 338mm x 140mm x 50mm
Format: P",[],"[{""start"": 983, ""end"": 985, ""label"": ""GPU"", ""text"": ""Da""}]",[]
K0734,788,body,1,SUVISNO,GPU,"a: 7.680 x 4.320
Podrška za monitore: do 4 monitora
Zero Frozr režim: Da
RGB osvetljenje: Da

Fizičke karakteristike
Dimenzije: oko 338mm x 140mm x 50mm
Format: Pun format
Boja: Bela",[],"[{""start"": 1003, ""end"": 1005, ""label"": ""GPU"", ""text"": ""Da""}]",[]
K0735,788,body,1,SUVISNO,GPU,": Da

Fizičke karakteristike
Dimenzije: oko 338mm x 140mm x 50mm
Format: Pun format
Boja: Bela
Garancija 36 meseci",[],"[{""start"": 1091, ""end"": 1095, ""label"": ""GPU"", ""text"": ""Bela""}]",[]
K0736,789,body,3,GRANICA_SIRA,CPU,"5 serije. Negov FULL HD ekran u kombinaciji sa poboljšanim zvukom donosi uživanje u radu. AMD-ov četvoro-jezgarni procesor, 8GB DDR5 RAM memorije , pružaju odlične performanse, a sve to po veoma povoljno","[{""start"": 682, ""end"": 688, ""label"": ""CPU"", ""text"": ""AMD-ov""}]","[{""start"": 682, ""end"": 705, ""label"": ""CPU"", ""text"": ""AMD-ov četvoro-jezgarni""}]",[]
K0737,789,body,3,PROPUSTENO,CPU,"OVIJIM OPCIJAMA, ODLIČAN AMD-OV procesor RYZEN 3 SEDME GENERACIJE SA 8 LOGIČKIH JEZGRA NA RADNOM TAKTU OD ČAK 4.10GHz I ODLIČNIH 4MB KEŠ MEMORIJE, SJAJNIH BEZBEDONOSNIH OPCIJA, PREBRZI &OGROMN","[{""start"": 1159, ""end"": 1171, ""label"": ""CPU"", ""text"": ""RADNOM TAKTU""}]",[],[]
K0738,789,body,3,GRANICA_SIRA,CPU,"r RYZEN 3 SEDME GENERACIJE SA 8 LOGIČKIH JEZGRA NA RADNOM TAKTU OD ČAK 4.10GHz I ODLIČNIH 4MB KEŠ MEMORIJE, SJAJNIH BEZBEDONOSNIH OPCIJA, PREBRZI &OGROMNI NVMe DISK - BRŽI NA TRŽIŠTU - KAPACITETA ","[{""start"": 1198, ""end"": 1201, ""label"": ""CPU"", ""text"": ""4MB""}]","[{""start"": 1198, ""end"": 1214, ""label"": ""CPU"", ""text"": ""4MB KEŠ MEMORIJE""}]",[]
K0739,789,body,3,GRANICA_UZA,SKLADISTE,"D ČAK 4.10GHz I ODLIČNIH 4MB KEŠ MEMORIJE, SJAJNIH BEZBEDONOSNIH OPCIJA, PREBRZI &OGROMNI NVMe DISK - BRŽI NA TRŽIŠTU - KAPACITETA 512GB, FENOMANALNIH 8GB DDR5- NAJBRŽE RADNE MEMORIJE NA TR","[{""start"": 1263, ""end"": 1272, ""label"": ""SKLADISTE"", ""text"": ""NVMe DISK""}]","[{""start"": 1263, ""end"": 1267, ""label"": ""SKLADISTE"", ""text"": ""NVMe""}]",[]
K0740,789,body,3,POGRESNA_OZNAKA,GPU,"NIH OPCIJA, PREBRZI &OGROMNI NVMe DISK - BRŽI NA TRŽIŠTU - KAPACITETA 512GB, FENOMANALNIH 8GB DDR5- NAJBRŽE RADNE MEMORIJE NA TRŽIŠTU, ODLIČNA GRAFIKA KOJA ĆE POTERATI MNOŠTVO IGRICA, izuz","[{""start"": 1324, ""end"": 1332, ""label"": ""GPU"", ""text"": ""8GB DDR5""}]","[{""start"": 1324, ""end"": 1332, ""label"": ""RAM"", ""text"": ""8GB DDR5""}]",[]
K0741,789,body,3,SUVISNO,CPU,e izdržljiv dizajn sa velikim brojem funkcija i sjajne performanse koje omogućava odlični AMD-ov Ryzen 3 procesor NOVIJE GENERACIJE. Pristupačan i jednostavan za korišćenje. Pouzdan laptop sa br,[],"[{""start"": 2164, ""end"": 2178, ""label"": ""CPU"", ""text"": ""AMD-ov Ryzen 3""}]",[]
K0742,789,title,3,SUVISNO,CPU,DELL ULTRA SLIM Ryzen 3-7320/8GB DDR5/512NVMe/BAT. 9H/120Hz,[],"[{""start"": 16, ""end"": 28, ""label"": ""CPU"", ""text"": ""Ryzen 3-7320""}]",[]
K0743,789,title,3,SUVISNO,RAM,DELL ULTRA SLIM Ryzen 3-7320/8GB DDR5/512NVMe/BAT. 9H/120Hz,[],"[{""start"": 29, ""end"": 37, ""label"": ""RAM"", ""text"": ""8GB DDR5""}]",[]
K0744,789,title,3,SUVISNO,SKLADISTE,DELL ULTRA SLIM Ryzen 3-7320/8GB DDR5/512NVMe/BAT. 9H/120Hz,[],"[{""start"": 38, ""end"": 45, ""label"": ""SKLADISTE"", ""text"": ""512NVMe""}]",[]
K0745,790,body,1,GRANICA_UZA,CPU,"iti svakog korisnika, SJAJAN INTRIGANANTAN MODEL SA NAJNOVIJIM OPCIJAMA, PREJAK NAJNOVIJI INTEL-OV i7 procesor JEDANAESTE GENERACIJE sa 8 LOGIČKIH JEZGRA NA RADNOM TAKTU OD ČAK 4.70GHz I FRAP","[{""start"": 1243, ""end"": 1254, ""label"": ""CPU"", ""text"": ""INTEL-OV i7""}]","[{""start"": 1252, ""end"": 1254, ""label"": ""CPU"", ""text"": ""i7""}]",[]
K0746,790,body,1,GRANICA_UZA,RAM,"Hz, Hyper-Threading, 12MB Intel® Smart Cache
Memorija:
16GB DDR4 2400MHz SDRAM (2 x 8GB)
(Maksimalno 32GB)
Hard disk:
512GB INTEL SSD PCIe NVMe
PERFEKTAN +
500GB WDC HDD SATA III
PERFEKTAN
Monito","[{""start"": 3427, ""end"": 3442, ""label"": ""RAM"", ""text"": ""Maksimalno 32GB""}]","[{""start"": 3438, ""end"": 3442, ""label"": ""RAM"", ""text"": ""32GB""}]",[]
K0747,791,body,2,SUVISNO,SKLADISTE,"op Lenovo T570 koji je perfektan u radu, veoma brz zahvaljujuci jakoj konfiguraciji i ssd NVME hard disku. Laptop je prelepog izgleda, odlicno stanje ocuvanosti, stanje se moze videti ",[],"[{""start"": 105, ""end"": 109, ""label"": ""SKLADISTE"", ""text"": ""NVME""}]",[]
K0748,793,body,4,FRAGMENTACIJA,CPU," za sve vrste aplikacija (Tih, pouzdan, brz. . . )
Sarke perfektne, panel kristalno cist.
Intel Core
i7-9850H Six Core 2.6GHz,
Turbo Frequency
4.60 GHz
Memorija
16GB DDR4
Intel®
UHD Graphics 630
+ nVidia mx150 2GB D","[{""start"": 377, ""end"": 412, ""label"": ""CPU"", ""text"": ""Intel Core\ni7-9850H Six Core 2.6GHz""}]","[{""start"": 377, ""end"": 387, ""label"": ""CPU"", ""text"": ""Intel Core""}, {""start"": 388, ""end"": 412, ""label"": ""CPU"", ""text"": ""i7-9850H Six Core 2.6GHz""}]",[]
K0749,793,body,4,FRAGMENTACIJA,GPU,"no cist.
Intel Core
i7-9850H Six Core 2.6GHz,
Turbo Frequency
4.60 GHz
Memorija
16GB DDR4
Intel®
UHD Graphics 630
+ nVidia mx150 2GB DDR5
(GTX1050 mobile)
Micron
512GB NVMe
Webcam
HD 720p
Stereo speakers","[{""start"": 458, ""end"": 481, ""label"": ""GPU"", ""text"": ""Intel®\nUHD Graphics 630""}]","[{""start"": 458, ""end"": 464, ""label"": ""GPU"", ""text"": ""Intel®""}, {""start"": 465, ""end"": 481, ""label"": ""GPU"", ""text"": ""UHD Graphics 630""}]",[]
K0750,793,body,4,FRAGMENTACIJA,GPU,"0H Six Core 2.6GHz,
Turbo Frequency
4.60 GHz
Memorija
16GB DDR4
Intel®
UHD Graphics 630
+ nVidia mx150 2GB DDR5
(GTX1050 mobile)
Micron
512GB NVMe
Webcam
HD 720p
Stereo speakers , microphone, zvucnici
nadprosecnog kval","[{""start"": 484, ""end"": 522, ""label"": ""GPU"", ""text"": ""nVidia mx150 2GB DDR5\n(GTX1050 mobile)""}]","[{""start"": 484, ""end"": 505, ""label"": ""GPU"", ""text"": ""nVidia mx150 2GB DDR5""}, {""start"": 507, ""end"": 521, ""label"": ""GPU"", ""text"": ""GTX1050 mobile""}]",[]
K0751,793,body,4,FRAGMENTACIJA,SKLADISTE,"0 GHz
Memorija
16GB DDR4
Intel®
UHD Graphics 630
+ nVidia mx150 2GB DDR5
(GTX1050 mobile)
Micron
512GB NVMe
Webcam
HD 720p
Stereo speakers , microphone, zvucnici
nadprosecnog kvaliteta
zvuka
Intel
","[{""start"": 523, ""end"": 540, ""label"": ""SKLADISTE"", ""text"": ""Micron\n512GB NVMe""}]","[{""start"": 523, ""end"": 529, ""label"": ""SKLADISTE"", ""text"": ""Micron""}, {""start"": 530, ""end"": 540, ""label"": ""SKLADISTE"", ""text"": ""512GB NVMe""}]",[]
K0752,794,body,3,SUVISNO,CPU," 16GB | 512GB SSD | 300€
? OSTALI MODELI IZ PONUDE:
#01-
Odlican laptop Apple MacBook Pro M2 16GB 1TB 13"" A2338
-750€
#12-
Dell latitude 15.6"" intel i5-10210U 16GB RAM 512GB SSD
-300",[],"[{""start"": 565, ""end"": 567, ""label"": ""CPU"", ""text"": ""M2""}]","[{""start"": 553, ""end"": 564, ""label"": ""MODEL"", ""text"": ""MacBook Pro""}]"
K0753,794,body,3,GRANICA_SIRA,SKLADISTE,""" intel i5-10210U 16GB RAM 256GB SSD
-300 €
#51-
Lenovo thinkpad L15 15.6"" i5-10310u 16GB 256GB nvme
-300 €
#52-
Pouzdan laptop za posao +12 meseci garanc i7-1165G7 32GB
-400 €
#54-
Lenovo t","[{""start"": 1363, ""end"": 1368, ""label"": ""SKLADISTE"", ""text"": ""256GB""}]","[{""start"": 1363, ""end"": 1373, ""label"": ""SKLADISTE"", ""text"": ""256GB nvme""}]",[]
K0754,794,body,3,SUVISNO,GPU,"sao +12 meseci garanc i7-1165G7 32GB
-400 €
#54-
Lenovo thinkpad P52s i7-8550U 16gb 512gb dve grafike
-300 €
#55-
Lenovo thinkpad L14 i5-1235U 32Gb RAM 512gb nvme
-500 €
#59-
Pouzdan ",[],"[{""start"": 1496, ""end"": 1499, ""label"": ""GPU"", ""text"": ""dve""}]",[]
K0755,794,body,3,SUVISNO,GPU,"6-
Dell latitude 14"" intel i7-1265U 32GB RAM 512GB SSD
-600 €
#67-
Lenovo thinkpad t15 sa dve grafike i7-10610 32gb 512gb
-450 €
#68-
Srebrni Acer laptop i5 12gb ram 512gb ssd
-250 €
",[],"[{""start"": 1731, ""end"": 1734, ""label"": ""GPU"", ""text"": ""dve""}]",[]
K0756,795,body,1,PROPUSTENO,CPU,"P Pavillion X360 Convertibile, dijagonala 15 inča IPS, rotacija 360 stepeni, grafika Uhd, Intelov procesor i5 8200U, 8Gb ram memorije Ddr4- moguće je povećanje Ram memorije uz doplatu , 2","[{""start"": 98, ""end"": 105, ""label"": ""CPU"", ""text"": ""Intelov""}]",[],[]
K0757,797,body,2,SPAJANJE,CPU,"lan uzitak pri radu. .
--Ekran 17,3"" bez mane
--Sarkice drze u svim polozajima
--Procesor intel i5 4gen. .4200m. .
--Memorija 8gb + 2 slota prazna
mogucnost nadogradnje. . dogovor
--Hard disk Samsung E","[{""start"": 226, ""end"": 239, ""label"": ""CPU"", ""text"": ""intel i5 4gen""}, {""start"": 242, ""end"": 247, ""label"": ""CPU"", ""text"": ""4200m""}]","[{""start"": 226, ""end"": 247, ""label"": ""CPU"", ""text"": ""intel i5 4gen. .4200m""}]",[]
K0758,797,body,2,SUVISNO,SKLADISTE,"raficke kartice intel HD4600
Nvidia GeForce Gt 750m
--Citac mem. kartica
--HDMI
--WiFi. . dvdrw. . kamerica. .
--baterija losa iz kog je i snizena cena
--Instaliran svez Win10 sa svim o",[],"[{""start"": 464, ""end"": 469, ""label"": ""SKLADISTE"", ""text"": ""dvdrw""}]",[]
K0759,798,body,2,FRAGMENTACIJA,CPU,"Lenovo IdeaPad slim 81vs
Ekran: 14"" led
Procesor: AMD A6-9220e Radeon R4,5 Compute cores 2C+3G 1.60ghz
Ram: 4gb
SSD: 64GB
Grafika: AMD Radeon R4
Baterija 5h
Punjac
Web kamera, wifi, usb, hdmi,","[{""start"": 50, ""end"": 102, ""label"": ""CPU"", ""text"": ""AMD A6-9220e Radeon R4,5 Compute cores 2C+3G 1.60ghz""}]","[{""start"": 50, ""end"": 62, ""label"": ""CPU"", ""text"": ""AMD A6-9220e""}, {""start"": 63, ""end"": 72, ""label"": ""GPU"", ""text"": ""Radeon R4""}, {""start"": 89, ""end"": 91, ""label"": ""CPU"", ""text"": ""2C""}, {""start"": 92, ""end"": 94, ""label"": ""GPU"", ""text"": ""3G""}, {""start"": 95, ""end"": 102, ""label"": ""CPU"", ""text"": ""1.60ghz""}]",[]
K0760,798,body,2,SPAJANJE,CENA,"rafika: AMD Radeon R4
Baterija 5h
Punjac
Web kamera, wifi, usb, hdmi,
Windows 11 x64
CENA 120€ (14 160din)","[{""start"": 213, ""end"": 217, ""label"": ""CENA"", ""text"": ""120€""}, {""start"": 219, ""end"": 228, ""label"": ""CENA"", ""text"": ""14 160din""}]","[{""start"": 213, ""end"": 229, ""label"": ""CENA"", ""text"": ""120€ (14 160din)""}]",[]
K0761,799,body,4,SUVISNO,GPU,"a za skladištenje svih vaših podataka.
Grafika:
Intel UHD Graphics 630
– Grafička kartica integrisana u procesor pruža odlične performanse za svakodnevne multimedijalne i poslovne zadatke.
NV",[],"[{""start"": 1066, ""end"": 1077, ""label"": ""GPU"", ""text"": ""integrisana""}]",[]
K0762,799,body,4,PROPUSTENO,GPU,"ezbeđuje izvanredne performanse po niskoj ceni.
Cena: 240€ fiksno
S obzirom na isključenu NVIDIA grafiku, cena je značajno snižena, što ga čini izuzetno povoljnom kupovinom za svakoga ko","[{""start"": 2234, ""end"": 2240, ""label"": ""GPU"", ""text"": ""NVIDIA""}]",[],[]
K0763,799,title,4,FRAGMENTACIJA,SKLADISTE,HP Omen 17/i7 8750H/16gb/256gb nvme+1tb/uhd 630/17.3 fhd,"[{""start"": 25, ""end"": 39, ""label"": ""SKLADISTE"", ""text"": ""256gb nvme+1tb""}]","[{""start"": 25, ""end"": 35, ""label"": ""SKLADISTE"", ""text"": ""256gb nvme""}, {""start"": 36, ""end"": 39, ""label"": ""SKLADISTE"", ""text"": ""1tb""}]",[]
K0764,800,body,3,GRANICA_UZA,CENA," namene. Preko 500 racunara prodatih do sada. Garancija na ispravnost. Cene povoljne, vec od 60-80 EUR
Milan (Najbolje upit za slike, modele i cene). Viber/Sms
063 77 55 725
Takodje vršim uslu","[{""start"": 372, ""end"": 384, ""label"": ""CENA"", ""text"": ""od 60-80 EUR""}]","[{""start"": 375, ""end"": 384, ""label"": ""CENA"", ""text"": ""60-80 EUR""}]",[]
K0765,800,body,3,SUVISNO,CPU,"akodje vršim usluge servisa, reinstaliranja i zamene delova laptopova i desktop racunara.
#Intel #AMD #GeForce #I3 #i5 #acer #lenovo #hp #toshiba #asus #fujitsu",[],"[{""start"": 547, ""end"": 553, ""label"": ""CPU"", ""text"": ""#Intel""}]",[]
K0766,800,body,3,SUVISNO,CPU,"vršim usluge servisa, reinstaliranja i zamene delova laptopova i desktop racunara.
#Intel #AMD #GeForce #I3 #i5 #acer #lenovo #hp #toshiba #asus #fujitsu",[],"[{""start"": 554, ""end"": 558, ""label"": ""CPU"", ""text"": ""#AMD""}]",[]
K0767,800,body,3,SUVISNO,GPU," usluge servisa, reinstaliranja i zamene delova laptopova i desktop racunara.
#Intel #AMD #GeForce #I3 #i5 #acer #lenovo #hp #toshiba #asus #fujitsu",[],"[{""start"": 559, ""end"": 567, ""label"": ""GPU"", ""text"": ""#GeForce""}]",[]
K0768,800,body,3,SUVISNO,CPU,"ervisa, reinstaliranja i zamene delova laptopova i desktop racunara.
#Intel #AMD #GeForce #I3 #i5 #acer #lenovo #hp #toshiba #asus #fujitsu",[],"[{""start"": 568, ""end"": 571, ""label"": ""CPU"", ""text"": ""#I3""}]",[]
K0769,800,body,3,SUVISNO,CPU,"sa, reinstaliranja i zamene delova laptopova i desktop racunara.
#Intel #AMD #GeForce #I3 #i5 #acer #lenovo #hp #toshiba #asus #fujitsu",[],"[{""start"": 572, ""end"": 575, ""label"": ""CPU"", ""text"": ""#i5""}]","[{""start"": 576, ""end"": 581, ""label"": ""BRAND"", ""text"": ""#acer""}]"
K0770,803,body,1,PROPUSTENO,SKLADISTE,"0
Ekran: 15.6"" FULL HD 1920x1080
Punjac
Baterija preko 2.5h
Wireless, Kamera, hdmi, citac sd kartica
Instaliran je Windows 11 PRO i aktiviran sa pratecim programima!
Licno preuzimanj","[{""start"": 199, ""end"": 201, ""label"": ""SKLADISTE"", ""text"": ""sd""}]",[],[]
K0771,804,body,3,POGRESNA_OZNAKA,SKLADISTE,"TET BEZ KOMPROMISA ! ! ! ! !
Profesionalni DELL Latitude 5401 , Intel i7-9850H procesor , 32
GB DDR4 memorije
, brzi
SSD M2 NVME
od
512
GB
i najnovijim
Windows 11 25H2
+ Office paket","[{""start"": 240, ""end"": 242, ""label"": ""SKLADISTE"", ""text"": ""32""}]","[{""start"": 240, ""end"": 242, ""label"": ""RAM"", ""text"": ""32""}]",[]
K0772,804,body,3,GRANICA_I_OZNAKA,SKLADISTE," BEZ KOMPROMISA ! ! ! ! !
Profesionalni DELL Latitude 5401 , Intel i7-9850H procesor , 32
GB DDR4 memorije
, brzi
SSD M2 NVME
od
512
GB
i najnovijim
Windows 11 25H2
+ Office paket i dosta kvalitet","[{""start"": 243, ""end"": 259, ""label"": ""SKLADISTE"", ""text"": ""GB DDR4 memorije""}]","[{""start"": 243, ""end"": 250, ""label"": ""RAM"", ""text"": ""GB DDR4""}]",[]
K0773,804,body,3,FRAGMENTACIJA,SKLADISTE," DELL Latitude 5401 , Intel i7-9850H procesor , 32
GB DDR4 memorije
, brzi
SSD M2 NVME
od
512
GB
i najnovijim
Windows 11 25H2
+ Office paket i dosta kvalitetnih programa za rad !
Proceso","[{""start"": 282, ""end"": 288, ""label"": ""SKLADISTE"", ""text"": ""512\nGB""}]","[{""start"": 282, ""end"": 285, ""label"": ""SKLADISTE"", ""text"": ""512""}, {""start"": 286, ""end"": 288, ""label"": ""SKLADISTE"", ""text"": ""GB""}]",[]
K0774,804,body,3,POGRESNA_OZNAKA,SKLADISTE,"sta kvalitetnih programa za rad !
Procesor:
Intel Core i7-9850H (Intel CPU 9th)
Memorija:
32 GB DDR4
Hard disk:
512
GB
- SSD M2 Nvme
Grafika:
INTEL UHD Graphics 630
Ekran
: IPS
Slim LED FHD ","[{""start"": 427, ""end"": 437, ""label"": ""SKLADISTE"", ""text"": ""32 GB DDR4""}]","[{""start"": 427, ""end"": 437, ""label"": ""RAM"", ""text"": ""32 GB DDR4""}]",[]
K0775,804,body,3,GRANICA_UZA,SKLADISTE," !
Procesor:
Intel Core i7-9850H (Intel CPU 9th)
Memorija:
32 GB DDR4
Hard disk:
512
GB
- SSD M2 Nvme
Grafika:
INTEL UHD Graphics 630
Ekran
: IPS
Slim LED FHD Ekran 14.1' 1920x1080
Punjač:
Uz","[{""start"": 458, ""end"": 469, ""label"": ""SKLADISTE"", ""text"": ""SSD M2 Nvme""}]","[{""start"": 462, ""end"": 469, ""label"": ""SKLADISTE"", ""text"": ""M2 Nvme""}]",[]
K0776,808,body,1,SUVISNO,RAM,"mart cache
Ostalo 14nm
Memorija (RAM) 32GB DDR4
Radni takt memorije 2.933MHz
Broj slotova 4
Popunjeni slotovi 2
Maksimalno podržano 128GB
Grafika nVidia® Quadro® T1000
Količina graf",[],"[{""start"": 1182, ""end"": 1183, ""label"": ""RAM"", ""text"": ""4""}]",[]
K0777,808,body,1,SUVISNO,RAM,"nm
Memorija (RAM) 32GB DDR4
Radni takt memorije 2.933MHz
Broj slotova 4
Popunjeni slotovi 2
Maksimalno podržano 128GB
Grafika nVidia® Quadro® T1000
Količina grafičke memorije 4GB
Ti",[],"[{""start"": 1202, ""end"": 1203, ""label"": ""RAM"", ""text"": ""2""}]",[]
K0778,808,body,1,GRANICA_UZA,RAM,"
Memorija (RAM) 32GB DDR4
Radni takt memorije 2.933MHz
Broj slotova 4
Popunjeni slotovi 2
Maksimalno podržano 128GB
Grafika nVidia® Quadro® T1000
Količina grafičke memorije 4GB
Tip grafičke memorije GDDR6
","[{""start"": 1204, ""end"": 1229, ""label"": ""RAM"", ""text"": ""Maksimalno podržano 128GB""}]","[{""start"": 1224, ""end"": 1229, ""label"": ""RAM"", ""text"": ""128GB""}]",[]
K0779,808,body,1,PROPUSTENO,SKLADISTE,"2 priključci 2 (Tip A) Gen1
RJ-45 (LAN) 1
Audio 1x 3.5mm (izlaz i mikrofon)
Čitač kartica SD
Ostali priključci / Slotovi Slot za micro SIM karticu
Bezbednost
TPM Da
Kamera
Rezolucija","[{""start"": 1805, ""end"": 1807, ""label"": ""SKLADISTE"", ""text"": ""SD""}]",[],[]
K0780,809,body,3,GRANICA_SIRA,CENA,"Na prodaju veca kolicina laptopova, raznih proizvodjaca.
Cene su od 80 do 300 evra.
Neki od njih su:
-Dell latitude 7420 (i5 jedanaesta gen,16 gb ram, ssd 256 gb) 300 evra.","[{""start"": 68, ""end"": 82, ""label"": ""CENA"", ""text"": ""80 do 300 evra""}]","[{""start"": 65, ""end"": 82, ""label"": ""CENA"", ""text"": ""od 80 do 300 evra""}]",[]
K0781,810,body,2,FRAGMENTACIJA,CENA,"u ponudi kvalitetni laptopovi iz uvoza svih generacija.
cene idu od 100e pa do 800e.
ima raznih brendova, uglavnom HP DELL LENOVO
svi dolaze sa ssd diskovima!
najbolje doci ","[{""start"": 65, ""end"": 83, ""label"": ""CENA"", ""text"": ""od 100e pa do 800e""}]","[{""start"": 68, ""end"": 72, ""label"": ""CENA"", ""text"": ""100e""}, {""start"": 79, ""end"": 83, ""label"": ""CENA"", ""text"": ""800e""}]",[]
K0782,811,body,4,SUVISNO,SKLADISTE,"Nvme Samsung 980 ssd kosta. ~150-eur, tako da DELL latitude vredi daleko vise od cene za koju se prodaje. ",[],"[{""start"": 0, ""end"": 16, ""label"": ""SKLADISTE"", ""text"": ""Nvme Samsung 980""}]",[]
K0783,811,body,4,GRANICA_SIRA,RAM,"0
Procesor Intel i5 10210U 6 MB Intel® Smart Cache  up to 4.2 GHz
Ram Memorija 16GB DDR4 /+16gb uz doplatu/
Hdd SSD 500Gb nvme M.2 nov - vrhunski - Samsung - ne koriscen, 30 mes. Garanc","[{""start"": 829, ""end"": 833, ""label"": ""RAM"", ""text"": ""16gb""}]","[{""start"": 828, ""end"": 833, ""label"": ""RAM"", ""text"": ""+16gb""}]",[]
K0784,811,body,4,SUVISNO,GPU,"Hdd SSD 500Gb nvme M.2 nov - vrhunski - Samsung - ne koriscen, 30 mes. Garancija
Graficka Intel® UHD Graphics
Tastatura sa osvetljenjem, HDMI, 3xUSB, USB Type C, BlueTooth, SD Card Reader, Kamera, RJ",[],"[{""start"": 936, ""end"": 955, ""label"": ""GPU"", ""text"": ""Intel® UHD Graphics""}]",[]
K0785,811,body,4,GRANICA_SIRA,CENA,"a ~ 4.5h
Originalni punjac
OS Windows 11
Garancija na ispravnost
**
OPCIONO :
DELL WD19 - 220-e = 26.400-rsd
Dell WD19 Dock With 130W AC Adapter
- GARANCIJA na ispravnost 30 dana
Specifics:
- Tip Po","[{""start"": 1209, ""end"": 1219, ""label"": ""CENA"", ""text"": ""26.400-rsd""}]","[{""start"": 1201, ""end"": 1219, ""label"": ""CENA"", ""text"": ""220-e = 26.400-rsd""}]","[{""start"": 1220, ""end"": 1224, ""label"": ""BRAND"", ""text"": ""Dell""}]"
K0786,813,title,2,GRANICA_SIRA,CPU,2520742 Laptop Acer Aspire 15 A 15-51 M-96 Sk Fhd Ips / I 9-,"[{""start"": 56, ""end"": 59, ""label"": ""CPU"", ""text"": ""I 9""}]","[{""start"": 56, ""end"": 60, ""label"": ""CPU"", ""text"": ""I 9-""}]",[]
K0787,817,body,2,SPAJANJE,CPU,"an pouzdan i izuzetno brz laptop za svakodnevni ili profesionalni rad.
Karakteristike:

✅ Intel Core i7-10750H (6 jezgara / 12 threadova, Turbo do 5.0GHz)

✅ 32GB DDR4 RAM

✅ 512GB NVMe SSD

✅ NVIDIA Quadro T2000 4GB GDDR6 profesionalna grafičk","[{""start"": 367, ""end"": 387, ""label"": ""CPU"", ""text"": ""Intel Core i7-10750H""}, {""start"": 389, ""end"": 398, ""label"": ""CPU"", ""text"": ""6 jezgara""}, {""start"": 401, ""end"": 413, ""label"": ""CPU"", ""text"": ""12 threadova""}, {""start"": 421, ""end"": 430, ""label"": ""CPU"", ""text"": ""do 5.0GHz""}]","[{""start"": 367, ""end"": 431, ""label"": ""CPU"", ""text"": ""Intel Core i7-10750H (6 jezgara / 12 threadova, Turbo do 5.0GHz)""}]",[]
K0788,821,body,3,SUVISNO,SKLADISTE," izdržljivo kućište.
Poseduje 16gb ddr4 memorije iz komada (jedan slot prazan za dopunu i 256gb nvme ssd.
Ekran je veličine 15.6 inch FHD IPS
Stereo zvuk je odličan i dovoljno jak.
Laptop je",[],"[{""start"": 159, ""end"": 169, ""label"": ""SKLADISTE"", ""text"": ""256gb nvme""}]",[]
K0789,821,body,3,GRANICA_SIRA,SKLADISTE,"Ghz Up to 3.4Ghz 4 Core / 8 Thread
Ram
: 16gb ddr4 (jedan slot slobodan za dopunu)
Nvme
: 256 gb M.2 nvme (100% 300 sati rada)
Baterija
: Preko 7 sati (Dupla baterija / Urađeni su testovi u Battery Mon-u).
Ekran
: 15","[{""start"": 505, ""end"": 520, ""label"": ""SKLADISTE"", ""text"": ""256 gb M.2 nvme""}]","[{""start"": 505, ""end"": 541, ""label"": ""SKLADISTE"", ""text"": ""256 gb M.2 nvme (100% 300 sati rada)""}]",[]
K0790,823,body,3,SUVISNO,SKLADISTE,"Acer Aspire 3 A315 15.6 FHD Ryzen 3 3250U 8GB 256GB NVMe radio samo 4 dana
Na prodaju
Acer Aspire 3 A315-23-R7RV
, veoma lepo očuvan i potpuno ispravan laptop, pogo",[],"[{""start"": 68, ""end"": 74, ""label"": ""SKLADISTE"", ""text"": ""4 dana""}]",[]
K0791,823,body,3,SUVISNO,SKLADISTE,"D je detaljno testiran programom Hard Disk Sentinel:
Zdravlje: 100%
Performanse: 100%
Bez slabih i neispravnih sektora
Vreme rada SSD-a: svega 4 dana i 10 sati
Baterija je ispravna i na testu pokazuje približ",[],"[{""start"": 1225, ""end"": 1253, ""label"": ""SKLADISTE"", ""text"": ""slabih i neispravnih sektora""}]",[]
K0792,830,body,2,SUVISNO,CENA," za bateriju potpuno prazno. Nova zamenska baterija za ovaj model u Srbiji trenutno košta između 4.000 i 5.000 dinara, što će potencijalni kupci sigurno iskoristiti kao argument za spuštanje cene.
Plus (Snaž",[],"[{""start"": 627, ""end"": 654, ""label"": ""CENA"", ""text"": ""između 4.000 i 5.000 dinara""}]",[]
K0793,830,body,2,SUVISNO,CENA,".5V, 10.3A). Ovi punjači su prilično masivni, kvalitetni i sami po sebi na oglasima vrede oko 3.000.
Fizičko stanje: Uređaj je pristojno očuvan za svoje godine.",[],"[{""start"": 896, ""end"": 905, ""label"": ""CENA"", ""text"": ""oko 3.000""}]",[]
K0794,831,body,2,SUVISNO,GPU,"ernet, filmove, društvene mreže i svakodnevni rad.
15.6"" LED ekran
SSD za brz rad sistema
Dve grafičke karte
Dobra baterija
Windows 10 instaliran i spreman za korišćenje
SPECIFIKACIJE",[],"[{""start"": 311, ""end"": 314, ""label"": ""GPU"", ""text"": ""Dve""}]",[]
K0795,831,body,2,SUVISNO,GPU,"00M
Ekran: 15.6"" LED
Baterija: oko 3h (u zavisnosti od korišćenja)
Oprema i priključci: • HDMI • USB 3.0 • WiFi • Kamera • DVD-RW • Originalni punjač
Brz, stabilan i pouzdan laptop, od",[],"[{""start"": 610, ""end"": 614, ""label"": ""GPU"", ""text"": ""HDMI""}]",[]
K0796,831,body,2,SUVISNO,SKLADISTE,"o 3h (u zavisnosti od korišćenja)
Oprema i priključci: • HDMI • USB 3.0 • WiFi • Kamera • DVD-RW • Originalni punjač
Brz, stabilan i pouzdan laptop, odličan za svakodnevnu upotrebu, onli",[],"[{""start"": 643, ""end"": 649, ""label"": ""SKLADISTE"", ""text"": ""DVD-RW""}]",[]
K0797,831,body,2,PROPUSTENO,CPU,"anje
CENA: 15.300 din
Kontakt porukom ili pozivom.
Odličan odnos cene i kvaliteta – mocan i5 procesor, SSD disk i posebna AMD grafika, stanje 10 od 10","[{""start"": 979, ""end"": 981, ""label"": ""CPU"", ""text"": ""i5""}]",[],[]
K0798,834,body,4,GRANICA_UZA,CPU,"na ploca je ispravna i testirana.
Garancijaaa! ! !
Potpuno ispravna i 100% proverena
CPU: AMD E-350 Processor

Prodaje se sa hladnjakom, bez kulera i wi fi kartice!
NIKADA SERVISIRANA ILI RADJENA!
Mo","[{""start"": 270, ""end"": 289, ""label"": ""CPU"", ""text"": ""AMD E-350 Processor""}]","[{""start"": 270, ""end"": 279, ""label"": ""CPU"", ""text"": ""AMD E-350""}]",[]
K0799,835,body,1,PROPUSTENO,CPU,"ASUS ROG Strix B550-A Gaming Motherboard Socket AM4

  * Chipset: AMD B550
  * Processor socket: Socket AM4
  * Memory support: 4x DDR4
  * F","[{""start"": 41, ""end"": 51, ""label"": ""CPU"", ""text"": ""Socket AM4""}]",[],[]
K0800,835,body,1,PROPUSTENO,CPU,"G Strix B550-A Gaming Motherboard Socket AM4

  * Chipset: AMD B550
  * Processor socket: Socket AM4
  * Memory support: 4x DDR4
  * Form factor: ATX

- Za proizvode koje nemamo na oglasima ","[{""start"": 97, ""end"": 107, ""label"": ""CPU"", ""text"": ""Socket AM4""}]",[],[]
K0801,835,body,1,PROPUSTENO,RAM,"rd Socket AM4

  * Chipset: AMD B550
  * Processor socket: Socket AM4
  * Memory support: 4x DDR4
  * Form factor: ATX

- Za proizvode koje nemamo na oglasima nam slobodno pošaljite upit
","[{""start"": 128, ""end"": 135, ""label"": ""RAM"", ""text"": ""4x DDR4""}]",[],[]
K0802,835,title,1,PROPUSTENO,CPU,ASUS ROG Strix B550-A Gaming Motherboard Socket AM4,"[{""start"": 41, ""end"": 51, ""label"": ""CPU"", ""text"": ""Socket AM4""}]",[],[]
K0803,837,body,2,PROPUSTENO,CPU,"MSI PRO B850-P WIFI motherboard socket AM5

  * Chipset: AMD B850
  * Processor socket: Socket AM5
  * Memory support: 4x DDR5
  * Form factor: ATX

- Kontaktirajte nas za sve potrebne inf","[{""start"": 88, ""end"": 98, ""label"": ""CPU"", ""text"": ""Socket AM5""}]",[],[]
K0804,837,body,2,PROPUSTENO,RAM,"rd socket AM5

  * Chipset: AMD B850
  * Processor socket: Socket AM5
  * Memory support: 4x DDR5
  * Form factor: ATX

- Kontaktirajte nas za sve potrebne informacije na 38**********

- ","[{""start"": 119, ""end"": 126, ""label"": ""RAM"", ""text"": ""4x DDR5""}]",[],[]
K0805,838,body,1,PROPUSTENO,RAM,"d Socket AM5

  * Chipset: AMD B650E
  * Processor socket: Socket AM5
  * Memory support: 4x DDR5
  * Form factor: ATX

- Kontaktirajte nas za sve potrebne informacije na 38**********

- ","[{""start"": 133, ""end"": 140, ""label"": ""RAM"", ""text"": ""4x DDR5""}]",[],[]
K0806,838,title,1,PROPUSTENO,CPU,Gigabyte B650E AORUS ELITE X ICE motherboard Socket AM5,"[{""start"": 45, ""end"": 55, ""label"": ""CPU"", ""text"": ""Socket AM5""}]",[],[]
K0807,840,body,3,PROPUSTENO,CPU,"ajte se o ceni i dostupnosti proizvoda.

Karakteristike:
  * Tip procesora:   Podnožje:   AMD® AM4
  *                          Čipset:  AMD® A520

  * Format ploče:     Micro ATX
  * Memo","[{""start"": 389, ""end"": 397, ""label"": ""CPU"", ""text"": ""AMD® AM4""}]",[],[]
K0808,840,body,3,PROPUSTENO,CPU,"eristike:
  * Tip procesora:   Podnožje:   AMD® AM4
  *                          Čipset:  AMD® A520

  * Format ploče:     Micro ATX
  * Memorija:          Podržani tip memorije: DDR4      ","[{""start"": 436, ""end"": 445, ""label"": ""CPU"", ""text"": ""AMD® A520""}]",[],"[{""start"": 436, ""end"": 440, ""label"": ""BRAND"", ""text"": ""AMD®""}, {""start"": 441, ""end"": 445, ""label"": ""MODEL"", ""text"": ""A520""}]"
K0809,840,body,3,PROPUSTENO,RAM," AMD® A520

  * Format ploče:     Micro ATX
  * Memorija:          Podržani tip memorije: DDR4                                                                Memorijski slotovi :   2 x","[{""start"": 525, ""end"": 529, ""label"": ""RAM"", ""text"": ""DDR4""}]",[],[]
K0810,840,body,3,PROPUSTENO,RAM,"DR4                                                                Memorijski slotovi :   2 x DIMM, Max. 64GB, DDR4                                                          Podržane brzine","[{""start"": 616, ""end"": 624, ""label"": ""RAM"", ""text"": ""2 x DIMM""}]",[],[]
K0811,840,body,3,PROPUSTENO,RAM,"                                                    Memorijski slotovi :   2 x DIMM, Max. 64GB, DDR4                                                          Podržane brzine: 4600(O. C)/4400","[{""start"": 631, ""end"": 641, ""label"": ""RAM"", ""text"": ""64GB, DDR4""}]",[],[]
K0812,840,body,3,PROPUSTENO,RAM,"Max. 64GB, DDR4                                                          Podržane brzine: 4600(O. C)/4400(O. C)/4000(O. C. )/3866(O. C. )/3733(O. C. )/3600(O. C. )/3466(O. C. )/3333(O. C. ) ","[{""start"": 716, ""end"": 726, ""label"": ""RAM"", ""text"": ""4600(O. C)""}]",[],[]
K0813,840,body,3,PROPUSTENO,RAM,DDR4                                                          Podržane brzine: 4600(O. C)/4400(O. C)/4000(O. C. )/3866(O. C. )/3733(O. C. )/3600(O. C. )/3466(O. C. )/3333(O. C. ) 3200/3000/2,"[{""start"": 727, ""end"": 737, ""label"": ""RAM"", ""text"": ""4400(O. C)""}]",[],[]
K0814,840,body,3,PROPUSTENO,RAM,                                                   Podržane brzine: 4600(O. C)/4400(O. C)/4000(O. C. )/3866(O. C. )/3733(O. C. )/3600(O. C. )/3466(O. C. )/3333(O. C. ) 3200/3000/2800/2666/2400,"[{""start"": 738, ""end"": 750, ""label"": ""RAM"", ""text"": ""4000(O. C. )""}]",[],[]
K0815,840,body,3,PROPUSTENO,RAM,                                      Podržane brzine: 4600(O. C)/4400(O. C)/4000(O. C. )/3866(O. C. )/3733(O. C. )/3600(O. C. )/3466(O. C. )/3333(O. C. ) 3200/3000/2800/2666/2400/2133 MHz U,"[{""start"": 751, ""end"": 761, ""label"": ""RAM"", ""text"": ""3866(O. C.""}]",[],[]
K0816,840,body,3,PROPUSTENO,RAM,                         Podržane brzine: 4600(O. C)/4400(O. C)/4000(O. C. )/3866(O. C. )/3733(O. C. )/3600(O. C. )/3466(O. C. )/3333(O. C. ) 3200/3000/2800/2666/2400/2133 MHz Un-buffered Memo,"[{""start"": 764, ""end"": 776, ""label"": ""RAM"", ""text"": ""3733(O. C. )""}]",[],[]
K0817,840,body,3,PROPUSTENO,RAM,"            Podržane brzine: 4600(O. C)/4400(O. C)/4000(O. C. )/3866(O. C. )/3733(O. C. )/3600(O. C. )/3466(O. C. )/3333(O. C. ) 3200/3000/2800/2666/2400/2133 MHz Un-buffered Memory

  * Podrž","[{""start"": 777, ""end"": 789, ""label"": ""RAM"", ""text"": ""3600(O. C. )""}]",[],[]
K0818,840,body,3,PROPUSTENO,RAM,"održane brzine: 4600(O. C)/4400(O. C)/4000(O. C. )/3866(O. C. )/3733(O. C. )/3600(O. C. )/3466(O. C. )/3333(O. C. ) 3200/3000/2800/2666/2400/2133 MHz Un-buffered Memory

  * Podržani procesori","[{""start"": 790, ""end"": 802, ""label"": ""RAM"", ""text"": ""3466(O. C. )""}]",[],[]
K0819,840,body,3,PROPUSTENO,RAM,"e: 4600(O. C)/4400(O. C)/4000(O. C. )/3866(O. C. )/3733(O. C. )/3600(O. C. )/3466(O. C. )/3333(O. C. ) 3200/3000/2800/2666/2400/2133 MHz Un-buffered Memory

  * Podržani procesori:   AMD AM4 S","[{""start"": 803, ""end"": 815, ""label"": ""RAM"", ""text"": ""3333(O. C. )""}]",[],[]
K0820,840,body,3,PROPUSTENO,RAM,"/4400(O. C)/4000(O. C. )/3866(O. C. )/3733(O. C. )/3600(O. C. )/3466(O. C. )/3333(O. C. ) 3200/3000/2800/2666/2400/2133 MHz Un-buffered Memory

  * Podržani procesori:   AMD AM4 Socket","[{""start"": 816, ""end"": 820, ""label"": ""RAM"", ""text"": ""3200""}]",[],[]
K0821,840,body,3,PROPUSTENO,RAM,"(O. C)/4000(O. C. )/3866(O. C. )/3733(O. C. )/3600(O. C. )/3466(O. C. )/3333(O. C. ) 3200/3000/2800/2666/2400/2133 MHz Un-buffered Memory

  * Podržani procesori:   AMD AM4 Socket za A","[{""start"": 821, ""end"": 825, ""label"": ""RAM"", ""text"": ""3000""}]",[],[]
K0822,840,body,3,PROPUSTENO,RAM,")/4000(O. C. )/3866(O. C. )/3733(O. C. )/3600(O. C. )/3466(O. C. )/3333(O. C. ) 3200/3000/2800/2666/2400/2133 MHz Un-buffered Memory

  * Podržani procesori:   AMD AM4 Socket za AMD Ry","[{""start"": 826, ""end"": 830, ""label"": ""RAM"", ""text"": ""2800""}]",[],[]
K0823,840,body,3,PROPUSTENO,RAM,"0(O. C. )/3866(O. C. )/3733(O. C. )/3600(O. C. )/3466(O. C. )/3333(O. C. ) 3200/3000/2800/2666/2400/2133 MHz Un-buffered Memory

  * Podržani procesori:   AMD AM4 Socket za AMD Ryzen 5","[{""start"": 831, ""end"": 835, ""label"": ""RAM"", ""text"": ""2666""}]",[],[]
K0824,840,body,3,PROPUSTENO,RAM,"C. )/3866(O. C. )/3733(O. C. )/3600(O. C. )/3466(O. C. )/3333(O. C. ) 3200/3000/2800/2666/2400/2133 MHz Un-buffered Memory

  * Podržani procesori:   AMD AM4 Socket za AMD Ryzen 5000 S","[{""start"": 836, ""end"": 840, ""label"": ""RAM"", ""text"": ""2400""}]",[],[]
K0825,840,body,3,PROPUSTENO,RAM,"3866(O. C. )/3733(O. C. )/3600(O. C. )/3466(O. C. )/3333(O. C. ) 3200/3000/2800/2666/2400/2133 MHz Un-buffered Memory

  * Podržani procesori:   AMD AM4 Socket za AMD Ryzen 5000 Serija / 4000 G-Serija","[{""start"": 841, ""end"": 861, ""label"": ""RAM"", ""text"": ""2133 MHz Un-buffered""}]",[],[]
K0826,840,body,3,PROPUSTENO,CPU,"3(O. C. ) 3200/3000/2800/2666/2400/2133 MHz Un-buffered Memory

  * Podržani procesori:   AMD AM4 Socket za AMD Ryzen 5000 Serija / 4000 G-Serija / 3000 Serija Desktop procesora
  * Slotovi za p","[{""start"": 896, ""end"": 910, ""label"": ""CPU"", ""text"": ""AMD AM4 Socket""}]",[],[]
K0827,840,body,3,PROPUSTENO,CPU,"0/2800/2666/2400/2133 MHz Un-buffered Memory

  * Podržani procesori:   AMD AM4 Socket za AMD Ryzen 5000 Serija / 4000 G-Serija / 3000 Serija Desktop procesora
  * Slotovi za proširenje:    AMD Ryzen 5","[{""start"": 914, ""end"": 935, ""label"": ""CPU"", ""text"": ""AMD Ryzen 5000 Serija""}]",[],[]
K0828,840,body,3,PROPUSTENO,CPU,"z Un-buffered Memory

  * Podržani procesori:   AMD AM4 Socket za AMD Ryzen 5000 Serija / 4000 G-Serija / 3000 Serija Desktop procesora
  * Slotovi za proširenje:    AMD Ryzen 5000 Series / 400","[{""start"": 938, ""end"": 951, ""label"": ""CPU"", ""text"": ""4000 G-Serija""}]",[],[]
K0829,840,body,3,PROPUSTENO,CPU,"mory

  * Podržani procesori:   AMD AM4 Socket za AMD Ryzen 5000 Serija / 4000 G-Serija / 3000 Serija Desktop procesora
  * Slotovi za proširenje:    AMD Ryzen 5000 Series / 4000 G-Series / 3","[{""start"": 954, ""end"": 965, ""label"": ""CPU"", ""text"": ""3000 Serija""}]",[],[]
K0830,840,body,3,PROPUSTENO,CPU,"5000 Serija / 4000 G-Serija / 3000 Serija Desktop procesora
  * Slotovi za proširenje:    AMD Ryzen 5000 Series / 4000 G-Series / 3000 Series Desktop procesori
  * 1 x PCIe 3.0 x16 (x16 mode)
  * AMD A","[{""start"": 1014, ""end"": 1035, ""label"": ""CPU"", ""text"": ""AMD Ryzen 5000 Series""}]",[],[]
K0831,840,body,3,PROPUSTENO,CPU,"ija / 3000 Serija Desktop procesora
  * Slotovi za proširenje:    AMD Ryzen 5000 Series / 4000 G-Series / 3000 Series Desktop procesori
  * 1 x PCIe 3.0 x16 (x16 mode)
  * AMD A520 Chipset
  * ","[{""start"": 1038, ""end"": 1051, ""label"": ""CPU"", ""text"": ""4000 G-Series""}]",[],[]
K0832,840,body,3,PROPUSTENO,CPU,"a Desktop procesora
  * Slotovi za proširenje:    AMD Ryzen 5000 Series / 4000 G-Series / 3000 Series Desktop procesori
  * 1 x PCIe 3.0 x16 (x16 mode)
  * AMD A520 Chipset
  * 2 x PCIe 3.0 x","[{""start"": 1054, ""end"": 1065, ""label"": ""CPU"", ""text"": ""3000 Series""}]",[],[]
K0833,840,body,3,PROPUSTENO,SKLADISTE,"6 (x16 mode)
  * AMD A520 Chipset
  * 2 x PCIe 3.0 x1
  * Skladište:             Količina 1 x M.2 slotova i 4 x SATA 6Gb/s portova
  * AMD Ryzen 5000 Series / 4000 G-Series / 3000 Series Desktop ","[{""start"": 1193, ""end"": 1208, ""label"": ""SKLADISTE"", ""text"": ""1 x M.2 slotova""}]",[],[]
K0834,840,body,3,PROPUSTENO,SKLADISTE,"MD A520 Chipset
  * 2 x PCIe 3.0 x1
  * Skladište:             Količina 1 x M.2 slotova i 4 x SATA 6Gb/s portova
  * AMD Ryzen 5000 Series / 4000 G-Series / 3000 Series Desktop Procesori:
  * 1 ","[{""start"": 1211, ""end"": 1225, ""label"": ""SKLADISTE"", ""text"": ""4 x SATA 6Gb/s""}]",[],[]
K0835,840,body,3,PROPUSTENO,CPU,"e 3.0 x1
  * Skladište:             Količina 1 x M.2 slotova i 4 x SATA 6Gb/s portova
  * AMD Ryzen 5000 Series / 4000 G-Series / 3000 Series Desktop Procesori:
  * 1 x M.2 Socket 3, sa M Key, Type 224","[{""start"": 1238, ""end"": 1259, ""label"": ""CPU"", ""text"": ""AMD Ryzen 5000 Series""}]",[],[]
K0836,840,body,3,PROPUSTENO,CPU,"            Količina 1 x M.2 slotova i 4 x SATA 6Gb/s portova
  * AMD Ryzen 5000 Series / 4000 G-Series / 3000 Series Desktop Procesori:
  * 1 x M.2 Socket 3, sa M Key, Type 2242/2260/2280 (PCI","[{""start"": 1262, ""end"": 1275, ""label"": ""CPU"", ""text"": ""4000 G-Series""}]",[],[]
K0837,840,body,3,PROPUSTENO,CPU,"čina 1 x M.2 slotova i 4 x SATA 6Gb/s portova
  * AMD Ryzen 5000 Series / 4000 G-Series / 3000 Series Desktop Procesori:
  * 1 x M.2 Socket 3, sa M Key, Type 2242/2260/2280 (PCIE 3.0 x4 i SAT","[{""start"": 1278, ""end"": 1289, ""label"": ""CPU"", ""text"": ""3000 Series""}]",[],[]
K0838,840,body,3,PROPUSTENO,SKLADISTE,"/s portova
  * AMD Ryzen 5000 Series / 4000 G-Series / 3000 Series Desktop Procesori:
  * 1 x M.2 Socket 3, sa M Key, Type 2242/2260/2280 (PCIE 3.0 x4 i SATA modusi) podrška za uređaje za skladniš","[{""start"": 1313, ""end"": 1329, ""label"": ""SKLADISTE"", ""text"": ""1 x M.2 Socket 3""}]",[],[]
K0839,840,body,3,PROPUSTENO,SKLADISTE,"zen 5000 Series / 4000 G-Series / 3000 Series Desktop Procesori:
  * 1 x M.2 Socket 3, sa M Key, Type 2242/2260/2280 (PCIE 3.0 x4 i SATA modusi) podrška za uređaje za skladništenje poda","[{""start"": 1334, ""end"": 1339, ""label"": ""SKLADISTE"", ""text"": ""M Key""}]",[],[]
K0840,840,body,3,PROPUSTENO,SKLADISTE,"0 Series / 4000 G-Series / 3000 Series Desktop Procesori:
  * 1 x M.2 Socket 3, sa M Key, Type 2242/2260/2280 (PCIE 3.0 x4 i SATA modusi) podrška za uređaje za skladništenje podataka
  * AM","[{""start"": 1341, ""end"": 1350, ""label"": ""SKLADISTE"", ""text"": ""Type 2242""}]",[],[]
K0841,840,body,3,PROPUSTENO,SKLADISTE," 4000 G-Series / 3000 Series Desktop Procesori:
  * 1 x M.2 Socket 3, sa M Key, Type 2242/2260/2280 (PCIE 3.0 x4 i SATA modusi) podrška za uređaje za skladništenje podataka
  * AMD A52","[{""start"": 1351, ""end"": 1355, ""label"": ""SKLADISTE"", ""text"": ""2260""}]",[],[]
K0842,840,body,3,PROPUSTENO,SKLADISTE," G-Series / 3000 Series Desktop Procesori:
  * 1 x M.2 Socket 3, sa M Key, Type 2242/2260/2280 (PCIE 3.0 x4 i SATA modusi) podrška za uređaje za skladništenje podataka
  * AMD A520 Chi","[{""start"": 1356, ""end"": 1360, ""label"": ""SKLADISTE"", ""text"": ""2280""}]",[],[]
K0843,840,body,3,PROPUSTENO,SKLADISTE,"ies / 3000 Series Desktop Procesori:
  * 1 x M.2 Socket 3, sa M Key, Type 2242/2260/2280 (PCIE 3.0 x4 i SATA modusi) podrška za uređaje za skladništenje podataka
  * AMD A520 Chipset:
  * 4 x SATA 6Gb/s po","[{""start"": 1362, ""end"": 1387, ""label"": ""SKLADISTE"", ""text"": ""PCIE 3.0 x4 i SATA modusi""}]",[],[]
K0844,840,body,3,PROPUSTENO,SKLADISTE," x4 i SATA modusi) podrška za uređaje za skladništenje podataka
  * AMD A520 Chipset:
  * 4 x SATA 6Gb/s portova, podržavaju Raid 0, 1, 10
  * Zvučna kartica:   Realtek ALC887/897 7.1 Surround S","[{""start"": 1460, ""end"": 1474, ""label"": ""SKLADISTE"", ""text"": ""4 x SATA 6Gb/s""}]",[],[]
K0845,840,body,3,PROPUSTENO,GPU," Jack-retasking, up to 24-Bit/192kHz playback
  * Ostalo: Integrisana grafička karta:
  * 1  x D-Sub
  * 1  x HDMI 2.1(4K@60HZ)
  * Mrežna karta:    Realtek RTL8111H 1Gb Ethernet
  * ASUS LA","[{""start"": 1747, ""end"": 1757, ""label"": ""GPU"", ""text"": ""1  x D-Sub""}]",[],[]
K0846,840,body,3,PROPUSTENO,GPU,", up to 24-Bit/192kHz playback
  * Ostalo: Integrisana grafička karta:
  * 1  x D-Sub
  * 1  x HDMI 2.1(4K@60HZ)
  * Mrežna karta:    Realtek RTL8111H 1Gb Ethernet
  * ASUS LANGuard
  * Audio Feature:
 ","[{""start"": 1762, ""end"": 1784, ""label"": ""GPU"", ""text"": ""1  x HDMI 2.1(4K@60HZ)""}]",[],[]
K0847,840,body,3,PROPUSTENO,SKLADISTE," USB 3.2 Gen 1 portova
  * 2 x USB 2.0 konektorapodržavaju dodatnih 4 USB 2.0 portova
  * 1 x M.2 Socket 3 with M key, type 2242/2260/2280 podrška za uređaje za skladištenje podatka (SATA &PCIE 3.0 x 4 mode)
  * 1 x SPI TPM head","[{""start"": 2607, ""end"": 2655, ""label"": ""SKLADISTE"", ""text"": ""1 x M.2 Socket 3 with M key, type 2242/2260/2280""}]",[],[]
K0848,840,body,3,PROPUSTENO,SKLADISTE," M.2 Socket 3 with M key, type 2242/2260/2280 podrška za uređaje za skladištenje podatka (SATA &PCIE 3.0 x 4 mode)
  * 1 x SPI TPM header
  * 4 x SATA 6Gb/s konektora
  * 1 x S/PDIF out header(s)
  * 1 x","[{""start"": 2700, ""end"": 2723, ""label"": ""SKLADISTE"", ""text"": ""SATA &PCIE 3.0 x 4 mode""}]",[],[]
K0849,840,body,3,PROPUSTENO,SKLADISTE,"a za uređaje za skladištenje podatka (SATA &PCIE 3.0 x 4 mode)
  * 1 x SPI TPM header
  * 4 x SATA 6Gb/s konektora
  * 1 x S/PDIF out header(s)
  * 1 x 24-pin EATX konektor za napajanje
  * 1 x 8-pin EATX","[{""start"": 2752, ""end"": 2776, ""label"": ""SKLADISTE"", ""text"": ""4 x SATA 6Gb/s konektora""}]",[],[]
K0850,852,body,2,SUVISNO,CENA,"e informacije o monitoru

podesavanje po visini i nagibu panela

doplata za STRUJNI KABEL 500 dinara

doplata za VGA kabel 500 dinara

doplata za DVI kabel 500 dinara

oznaka za ovaj monitor",[],"[{""start"": 810, ""end"": 820, ""label"": ""CENA"", ""text"": ""500 dinara""}]",[]
K0851,852,body,2,SUVISNO,CENA,"anje po visini i nagibu panela

doplata za STRUJNI KABEL 500 dinara

doplata za VGA kabel 500 dinara

doplata za DVI kabel 500 dinara

oznaka za ovaj monitor je LG9A

DH0O0

. . .   IMAM VIS",[],"[{""start"": 843, ""end"": 853, ""label"": ""CENA"", ""text"": ""500 dinara""}]",[]
K0852,852,body,2,SUVISNO,CENA,"oplata za STRUJNI KABEL 500 dinara

doplata za VGA kabel 500 dinara

doplata za DVI kabel 500 dinara

oznaka za ovaj monitor je LG9A

DH0O0

. . .   IMAM VISE KOMADA RAZNIH MONITORA 19 INCA ",[],"[{""start"": 876, ""end"": 886, ""label"": ""CENA"", ""text"": ""500 dinara""}]",[]
K0853,871,body,1,SUVISNO,CENA,"    CL15
Voltage:                1.2V

8GB 1Rx4 PC4-2133P-RC1-11-P20
M393A1G40EB1-CPB3Q M
1630

Obavezno pre porudzbine proverite da li Vam ploca podrzava ECC DDR4 RAM Memoriju!  Nakna",[],"[{""start"": 621, ""end"": 625, ""label"": ""CENA"", ""text"": ""1630""}]",[]
K0854,873,body,4,PROPUSTENO,RAM,"emory Technology: DDR4
Memory Speed: 2666 MHz
Voltage: 1.2 Volts
About this item:
Updated low-profile heat spreader design
Cost-efficient, high-performance DDR4 upgrade
Intel XMP-ready
Ready for AMD Ryzen
Availab","[{""start"": 211, ""end"": 243, ""label"": ""RAM"", ""text"": ""low-profile heat spreader design""}]",[],[]
K0855,873,body,4,PROPUSTENO,RAM,"bout this item:
Updated low-profile heat spreader design
Cost-efficient, high-performance DDR4 upgrade
Intel XMP-ready
Ready for AMD Ryzen
Available for speeds up to 3733MHz and kit ca","[{""start"": 277, ""end"": 281, ""label"": ""RAM"", ""text"": ""DDR4""}]",[],[]
K0856,873,body,4,GRANICA_SIRA,RAM,"m:
Updated low-profile heat spreader design
Cost-efficient, high-performance DDR4 upgrade
Intel XMP-ready
Ready for AMD Ryzen
Available for speeds up to 3733MHz and kit capacity up to 128GB","[{""start"": 290, ""end"": 299, ""label"": ""RAM"", ""text"": ""Intel XMP""}]","[{""start"": 290, ""end"": 305, ""label"": ""RAM"", ""text"": ""Intel XMP-ready""}]",[]
K0857,874,body,2,FRAGMENTACIJA,RAM,"Na prodaju 4gb, 8gb, 16gb, 32gb ddr3 ddr4 ddr5 za racunare i laptopove raznih prozivodjaca i raznih jacina.

Memorije su testr","[{""start"": 27, ""end"": 36, ""label"": ""RAM"", ""text"": ""32gb ddr3""}]","[{""start"": 27, ""end"": 31, ""label"": ""RAM"", ""text"": ""32gb""}, {""start"": 32, ""end"": 36, ""label"": ""RAM"", ""text"": ""ddr3""}]",[]
K0858,874,body,2,SPAJANJE,RAM,"ate, pitajte mene (uglavnom potreban je naziv ploce i naziv procesora)! !

DDR3 RACUNARI (pc3-pc3l)
4gb-500( din (1333mhz, 1600mhz, 1800mhz) cena na vise komada 400din

Sa hladnjacima cl9(","[{""start"": 321, ""end"": 324, ""label"": ""RAM"", ""text"": ""pc3""}, {""start"": 325, ""end"": 329, ""label"": ""RAM"", ""text"": ""pc3l""}]","[{""start"": 321, ""end"": 329, ""label"": ""RAM"", ""text"": ""pc3-pc3l""}]",[]
K0859,874,body,2,GRANICA_SIRA,CENA,"ene (uglavnom potreban je naziv ploce i naziv procesora)! !

DDR3 RACUNARI (pc3-pc3l)
4gb-500( din (1333mhz, 1600mhz, 1800mhz) cena na vise komada 400din

Sa hladnjacima cl9(1333mhz, 1600m","[{""start"": 335, ""end"": 338, ""label"": ""CENA"", ""text"": ""500""}]","[{""start"": 335, ""end"": 343, ""label"": ""CENA"", ""text"": ""500( din""}]",[]
K0860,874,body,2,SPAJANJE,RAM,"-1500 din (2133mhz)

8gb- 3000 din (2133mhz 2400mhz 2600mhz)

16gb- 6500din

DDR3 LAPTOP (pc3-pc3l)

4gb- 500 din (1333mhz, 1600mhz) cena na vise komada 5+ 400din

8gb- 1500 din (1333mhz, ","[{""start"": 663, ""end"": 666, ""label"": ""RAM"", ""text"": ""pc3""}, {""start"": 667, ""end"": 671, ""label"": ""RAM"", ""text"": ""pc3l""}]","[{""start"": 663, ""end"": 671, ""label"": ""RAM"", ""text"": ""pc3-pc3l""}]",[]
K0861,876,body,4,GRANICA_SIRA,RAM,"MR187EC58E9F-1333

Tip:                DDR3
Memorija:      4GB

Brzina:           1333Mhz
ECC:               Non ECC
Voltage:         1.5V

4GB 2Rx8 PC3-10600U
Sve fotografije su originalne od artikla koji ","[{""start"": 344, ""end"": 351, ""label"": ""RAM"", ""text"": ""Non ECC""}]","[{""start"": 325, ""end"": 351, ""label"": ""RAM"", ""text"": ""ECC:               Non ECC""}]",[]
K0862,877,title,4,GRANICA_UZA,RAM,16GB DDR4 PC4 3200MHz 3200AA RAM SK hynix #M32,"[{""start"": 33, ""end"": 46, ""label"": ""RAM"", ""text"": ""SK hynix #M32""}]","[{""start"": 33, ""end"": 41, ""label"": ""RAM"", ""text"": ""SK hynix""}]",[]
K0863,879,body,4,GRANICA_SIRA,RAM,"MOGUCE PLACANJE PREKO RACUNA FIRME

DDR5 16GB Micron 5600mhz (1 modul)  150e

MEMORIJA ZA LAPTOP

Memorija je izvadjena iz novih laptopova zbog zamene za memori","[{""start"": 36, ""end"": 60, ""label"": ""RAM"", ""text"": ""DDR5 16GB Micron 5600mhz""}]","[{""start"": 36, ""end"": 70, ""label"": ""RAM"", ""text"": ""DDR5 16GB Micron 5600mhz (1 modul)""}]",[]
K0864,880,body,2,SPAJANJE,RAM,"ton

Model: KF432C16BB1K2/32

Karakteristike
Kingston FURI KF432C16BB1K2/32 je komplet od dva 2G x 64-bitna (16GB) DDR4-3200 CL16 SDRAM (sinhrona DRAM) 2Rx8, memorijski modul, baziran na šesnaest 1G x 8-bitnih FBGA komponenti po modulu. Svaki kom","[{""start"": 106, ""end"": 147, ""label"": ""RAM"", ""text"": ""2G x 64-bitna (16GB) DDR4-3200 CL16 SDRAM""}, {""start"": 164, ""end"": 168, ""label"": ""RAM"", ""text"": ""2Rx8""}]","[{""start"": 102, ""end"": 168, ""label"": ""RAM"", ""text"": ""dva 2G x 64-bitna (16GB) DDR4-3200 CL16 SDRAM (sinhrona DRAM) 2Rx8""}]",[]
K0865,880,body,2,SUVISNO,RAM,"x 64-bitna (16GB) DDR4-3200 CL16 SDRAM (sinhrona DRAM) 2Rx8, memorijski modul, baziran na šesnaest 1G x 8-bitnih FBGA komponenti po modulu. Svaki komplet modula podržava Intel® Extreme Memory Profile (Intel® XMP) 2.0. Ukupan kap",[],"[{""start"": 199, ""end"": 247, ""label"": ""RAM"", ""text"": ""šesnaest 1G x 8-bitnih FBGA komponenti po modulu""}]",[]
K0866,880,body,2,SUVISNO,RAM,aziran na šesnaest 1G x 8-bitnih FBGA komponenti po modulu. Svaki komplet modula podržava Intel® Extreme Memory Profile (Intel® XMP) 2.0. Ukupan kapacitet kompleta je 32GB. Svaki modul je testiran da radi na DDR4-3200 sa malim,[],"[{""start"": 279, ""end"": 325, ""label"": ""RAM"", ""text"": ""Intel® Extreme Memory Profile (Intel® XMP) 2.0""}]",[]
K0867,880,body,2,SUVISNO,RAM," su programirani na JEDEC standardno vreme latencije DDR4-2400 od 17-17-17 na 1,2V.
Svaki 288-pinski DIMM koristi zlatne kontaktne prste. JEDEC standardne električne i mehaničke specifikacije su ",[],"[{""start"": 554, ""end"": 569, ""label"": ""RAM"", ""text"": ""288-pinski DIMM""}]",[]
K0868,880,body,2,SPAJANJE,RAM,"trične i mehaničke specifikacije su sledeće:
FACTORY TIMING PARAMETERS
-Default (JEDEC): DDR4-2400 CL17-17-17 @ 1.2V
-XMP Profile #1: DDR4-3200 CL16-18-18 @ 1.35V
-XMP Profile #2: DDR4-3000 CL15-17-17 @ 1.3","[{""start"": 713, ""end"": 733, ""label"": ""RAM"", ""text"": ""DDR4-2400 CL17-17-17""}, {""start"": 736, ""end"": 740, ""label"": ""RAM"", ""text"": ""1.2V""}]","[{""start"": 713, ""end"": 740, ""label"": ""RAM"", ""text"": ""DDR4-2400 CL17-17-17 @ 1.2V""}]",[]
K0869,880,body,2,SPAJANJE,RAM,"
FACTORY TIMING PARAMETERS
-Default (JEDEC): DDR4-2400 CL17-17-17 @ 1.2V
-XMP Profile #1: DDR4-3200 CL16-18-18 @ 1.35V
-XMP Profile #2: DDR4-3000 CL15-17-17 @ 1.35V
-Power Supply: VDD = 1.2V Typical
-VDDQ = 1","[{""start"": 758, ""end"": 778, ""label"": ""RAM"", ""text"": ""DDR4-3200 CL16-18-18""}, {""start"": 781, ""end"": 786, ""label"": ""RAM"", ""text"": ""1.35V""}]","[{""start"": 758, ""end"": 786, ""label"": ""RAM"", ""text"": ""DDR4-3200 CL16-18-18 @ 1.35V""}]",[]
K0870,880,body,2,SPAJANJE,RAM,"DR4-2400 CL17-17-17 @ 1.2V
-XMP Profile #1: DDR4-3200 CL16-18-18 @ 1.35V
-XMP Profile #2: DDR4-3000 CL15-17-17 @ 1.35V
-Power Supply: VDD = 1.2V Typical
-VDDQ = 1.2V Typical
-VPP = 2.5V Typical
-VDDSPD = 2.2V","[{""start"": 804, ""end"": 824, ""label"": ""RAM"", ""text"": ""DDR4-3000 CL15-17-17""}, {""start"": 827, ""end"": 832, ""label"": ""RAM"", ""text"": ""1.35V""}]","[{""start"": 804, ""end"": 832, ""label"": ""RAM"", ""text"": ""DDR4-3000 CL15-17-17 @ 1.35V""}]",[]
K0871,880,body,2,GRANICA_SIRA,RAM,"DDR4-3200 CL16-18-18 @ 1.35V
-XMP Profile #2: DDR4-3000 CL15-17-17 @ 1.35V
-Power Supply: VDD = 1.2V Typical
-VDDQ = 1.2V Typical
-VPP = 2.5V Typical
-VDDSPD = 2.2V to 3.6V
-On-Die termination (ODT)","[{""start"": 854, ""end"": 858, ""label"": ""RAM"", ""text"": ""1.2V""}]","[{""start"": 848, ""end"": 866, ""label"": ""RAM"", ""text"": ""VDD = 1.2V Typical""}]",[]
K0872,880,body,2,GRANICA_SIRA,RAM," @ 1.35V
-XMP Profile #2: DDR4-3000 CL15-17-17 @ 1.35V
-Power Supply: VDD = 1.2V Typical
-VDDQ = 1.2V Typical
-VPP = 2.5V Typical
-VDDSPD = 2.2V to 3.6V
-On-Die termination (ODT)
-16 internal banks; ","[{""start"": 875, ""end"": 879, ""label"": ""RAM"", ""text"": ""1.2V""}]","[{""start"": 868, ""end"": 887, ""label"": ""RAM"", ""text"": ""VDDQ = 1.2V Typical""}]",[]
K0873,880,body,2,GRANICA_SIRA,RAM," #2: DDR4-3000 CL15-17-17 @ 1.35V
-Power Supply: VDD = 1.2V Typical
-VDDQ = 1.2V Typical
-VPP = 2.5V Typical
-VDDSPD = 2.2V to 3.6V
-On-Die termination (ODT)
-16 internal banks; 4 groups of 4 banks ","[{""start"": 895, ""end"": 899, ""label"": ""RAM"", ""text"": ""2.5V""}]","[{""start"": 889, ""end"": 907, ""label"": ""RAM"", ""text"": ""VPP = 2.5V Typical""}]",[]
K0874,880,body,2,GRANICA_SIRA,RAM,"17-17 @ 1.35V
-Power Supply: VDD = 1.2V Typical
-VDDQ = 1.2V Typical
-VPP = 2.5V Typical
-VDDSPD = 2.2V to 3.6V
-On-Die termination (ODT)
-16 internal banks; 4 groups of 4 banks each
-Bi-Directional Di","[{""start"": 918, ""end"": 930, ""label"": ""RAM"", ""text"": ""2.2V to 3.6V""}]","[{""start"": 909, ""end"": 930, ""label"": ""RAM"", ""text"": ""VDDSPD = 2.2V to 3.6V""}]",[]
K0875,880,body,2,SUVISNO,RAM,"pply: VDD = 1.2V Typical
-VDDQ = 1.2V Typical
-VPP = 2.5V Typical
-VDDSPD = 2.2V to 3.6V
-On-Die termination (ODT)
-16 internal banks; 4 groups of 4 banks each
-Bi-Directional Differential Data Strobe
-8 ",[],"[{""start"": 932, ""end"": 956, ""label"": ""RAM"", ""text"": ""On-Die termination (ODT)""}]",[]
K0876,880,body,2,SUVISNO,RAM,"VDDQ = 1.2V Typical
-VPP = 2.5V Typical
-VDDSPD = 2.2V to 3.6V
-On-Die termination (ODT)
-16 internal banks; 4 groups of 4 banks each
-Bi-Directional Differential Data Strobe
-8 bit pre-fetch
-Burst Length (BL) switch on-th",[],"[{""start"": 958, ""end"": 1001, ""label"": ""RAM"", ""text"": ""16 internal banks; 4 groups of 4 banks each""}]",[]
K0877,880,body,2,SUVISNO,RAM,"PD = 2.2V to 3.6V
-On-Die termination (ODT)
-16 internal banks; 4 groups of 4 banks each
-Bi-Directional Differential Data Strobe
-8 bit pre-fetch
-Burst Length (BL) switch on-the-fly BL8 or BC4(Burst Chop)
-Height 1.34",[],"[{""start"": 1003, ""end"": 1042, ""label"": ""RAM"", ""text"": ""Bi-Directional Differential Data Strobe""}]",[]
K0878,880,body,2,SUVISNO,RAM,"anks; 4 groups of 4 banks each
-Bi-Directional Differential Data Strobe
-8 bit pre-fetch
-Burst Length (BL) switch on-the-fly BL8 or BC4(Burst Chop)
-Height 1.34” (34mm), w/heatsink
Specifikacije
  * CL(IDD): 17 cycles
  * Row Cycle Time ",[],"[{""start"": 1061, ""end"": 1119, ""label"": ""RAM"", ""text"": ""Burst Length (BL) switch on-the-fly BL8 or BC4(Burst Chop)""}]",[]
K0879,880,body,2,SUVISNO,RAM,"Data Strobe
-8 bit pre-fetch
-Burst Length (BL) switch on-the-fly BL8 or BC4(Burst Chop)
-Height 1.34” (34mm), w/heatsink
Specifikacije
  * CL(IDD): 17 cycles
  * Row Cycle Time (tRCmin): 45.75ns(min. )
  * Refr",[],"[{""start"": 1121, ""end"": 1152, ""label"": ""RAM"", ""text"": ""Height 1.34” (34mm), w/heatsink""}]",[]
K0880,880,body,2,GRANICA_SIRA,RAM,"itch on-the-fly BL8 or BC4(Burst Chop)
-Height 1.34” (34mm), w/heatsink
Specifikacije
  * CL(IDD): 17 cycles
  * Row Cycle Time (tRCmin): 45.75ns(min. )
  * Refresh to Active/Refresh
Command Time (t","[{""start"": 1180, ""end"": 1189, ""label"": ""RAM"", ""text"": ""17 cycles""}]","[{""start"": 1171, ""end"": 1189, ""label"": ""RAM"", ""text"": ""CL(IDD): 17 cycles""}]",[]
K0881,880,body,2,SUVISNO,RAM,"BC4(Burst Chop)
-Height 1.34” (34mm), w/heatsink
Specifikacije
  * CL(IDD): 17 cycles
  * Row Cycle Time (tRCmin): 45.75ns(min. )
  * Refresh to Active/Refresh
Command Time (tRFCmin):350ns(min. )
  * Row Active Time (tR",[],"[{""start"": 1194, ""end"": 1233, ""label"": ""RAM"", ""text"": ""Row Cycle Time (tRCmin): 45.75ns(min. )""}]",[]
K0882,880,body,2,SUVISNO,RAM,"sink
Specifikacije
  * CL(IDD): 17 cycles
  * Row Cycle Time (tRCmin): 45.75ns(min. )
  * Refresh to Active/Refresh
Command Time (tRFCmin):350ns(min. )
  * Row Active Time (tRASmin):32ns(min. )
  * UL Rati",[],"[{""start"": 1238, ""end"": 1263, ""label"": ""RAM"", ""text"": ""Refresh to Active/Refresh""}]",[]
K0883,880,body,2,SUVISNO,RAM,"IDD): 17 cycles
  * Row Cycle Time (tRCmin): 45.75ns(min. )
  * Refresh to Active/Refresh
Command Time (tRFCmin):350ns(min. )
  * Row Active Time (tRASmin):32ns(min. )
  * UL Rating: 94 V - 0
  * Operating Temperatu",[],"[{""start"": 1264, ""end"": 1299, ""label"": ""RAM"", ""text"": ""Command Time (tRFCmin):350ns(min. )""}]",[]
K0884,880,body,2,SUVISNO,RAM,"in): 45.75ns(min. )
  * Refresh to Active/Refresh
Command Time (tRFCmin):350ns(min. )
  * Row Active Time (tRASmin):32ns(min. )
  * UL Rating: 94 V - 0
  * Operating Temperature: 0o
 C to +85oC
  * Storage Temperature",[],"[{""start"": 1304, ""end"": 1341, ""label"": ""RAM"", ""text"": ""Row Active Time (tRASmin):32ns(min. )""}]",[]
K0885,880,body,2,SUVISNO,RAM,"Refresh
Command Time (tRFCmin):350ns(min. )
  * Row Active Time (tRASmin):32ns(min. )
  * UL Rating: 94 V - 0
  * Operating Temperature: 0o
 C to +85oC
  * Storage Temperature: -55o
 C to +100oC",[],"[{""start"": 1346, ""end"": 1365, ""label"": ""RAM"", ""text"": ""UL Rating: 94 V - 0""}]",[]
K0886,880,body,2,SUVISNO,RAM,"FCmin):350ns(min. )
  * Row Active Time (tRASmin):32ns(min. )
  * UL Rating: 94 V - 0
  * Operating Temperature: 0o
 C to +85oC
  * Storage Temperature: -55o
 C to +100oC",[],"[{""start"": 1370, ""end"": 1395, ""label"": ""RAM"", ""text"": ""Operating Temperature: 0o""}]",[]
K0887,880,body,2,SUVISNO,RAM," Active Time (tRASmin):32ns(min. )
  * UL Rating: 94 V - 0
  * Operating Temperature: 0o
 C to +85oC
  * Storage Temperature: -55o
 C to +100oC",[],"[{""start"": 1397, ""end"": 1407, ""label"": ""RAM"", ""text"": ""C to +85oC""}]",[]
K0888,880,body,2,SUVISNO,RAM,"RASmin):32ns(min. )
  * UL Rating: 94 V - 0
  * Operating Temperature: 0o
 C to +85oC
  * Storage Temperature: -55o
 C to +100oC",[],"[{""start"": 1412, ""end"": 1437, ""label"": ""RAM"", ""text"": ""Storage Temperature: -55o""}]",[]
K0889,880,body,2,SUVISNO,RAM,"Rating: 94 V - 0
  * Operating Temperature: 0o
 C to +85oC
  * Storage Temperature: -55o
 C to +100oC",[],"[{""start"": 1439, ""end"": 1450, ""label"": ""RAM"", ""text"": ""C to +100oC""}]",[]
K0890,881,body,1,SUVISNO,RAM,".
Specifikacije

  * Kapacitet: 8 GB
  * Frekvencija: 1600 MHz
  * Tip Memorije: DDR3
  * RGB: Ne",[],"[{""start"": 791, ""end"": 798, ""label"": ""RAM"", ""text"": ""RGB: Ne""}]",[]
K0891,882,title,3,GRANICA_SIRA,RAM,8GB DDR3L PC3L 1600MHz 12800S 1.35V RAM laptop Kingston #M25,"[{""start"": 47, ""end"": 55, ""label"": ""RAM"", ""text"": ""Kingston""}]","[{""start"": 47, ""end"": 60, ""label"": ""RAM"", ""text"": ""Kingston #M25""}]",[]
K0892,883,body,4,FRAGMENTACIJA,RAM,"Brend: Kingston

Model: KF552C40BB-8

Karakteristike
Kingston FURY KF552C40BB-8 is a 1G x 64-bit (8GB) DDR5-5200
CL40 SDRAM (Synchronous DRAM) 1Rx16, memory module,
based on four 1G x 16-bit FBGA components per module. The
module supports","[{""start"": 85, ""end"": 148, ""label"": ""RAM"", ""text"": ""1G x 64-bit (8GB) DDR5-5200\nCL40 SDRAM (Synchronous DRAM) 1Rx16""}]","[{""start"": 85, ""end"": 112, ""label"": ""RAM"", ""text"": ""1G x 64-bit (8GB) DDR5-5200""}, {""start"": 113, ""end"": 148, ""label"": ""RAM"", ""text"": ""CL40 SDRAM (Synchronous DRAM) 1Rx16""}]",[]
K0893,883,body,4,GRANICA_SIRA,RAM," 1G x 64-bit (8GB) DDR5-5200
CL40 SDRAM (Synchronous DRAM) 1Rx16, memory module,
based on four 1G x 16-bit FBGA components per module. The
module supports Intel® Extreme Memory Profiles (Intel®
XMP) 3.0. Each module has bee","[{""start"": 174, ""end"": 195, ""label"": ""RAM"", ""text"": ""four 1G x 16-bit FBGA""}]","[{""start"": 174, ""end"": 217, ""label"": ""RAM"", ""text"": ""four 1G x 16-bit FBGA components per module""}]",[]
K0894,883,body,4,FRAGMENTACIJA,RAM," memory module,
based on four 1G x 16-bit FBGA components per module. The
module supports Intel® Extreme Memory Profiles (Intel®
XMP) 3.0. Each module has been tested to run at DDR5-5200 at a
low latency timing of 40-40-40 at 1","[{""start"": 239, ""end"": 286, ""label"": ""RAM"", ""text"": ""Intel® Extreme Memory Profiles (Intel®\nXMP) 3.0""}]","[{""start"": 239, ""end"": 269, ""label"": ""RAM"", ""text"": ""Intel® Extreme Memory Profiles""}, {""start"": 271, ""end"": 277, ""label"": ""RAM"", ""text"": ""Intel®""}, {""start"": 278, ""end"": 281, ""label"": ""RAM"", ""text"": ""XMP""}, {""start"": 283, ""end"": 286, ""label"": ""RAM"", ""text"": ""3.0""}]",[]
K0895,883,body,4,FRAGMENTACIJA,RAM,"tel®
XMP) 3.0. Each module has been tested to run at DDR5-5200 at a
low latency timing of 40-40-40 at 1.25V. The SPDs are
programmed to JEDEC standard latency DDR5-4800 timing
of 40-39-39 at 1.1V. ","[{""start"": 363, ""end"": 380, ""label"": ""RAM"", ""text"": ""40-40-40 at 1.25V""}]","[{""start"": 363, ""end"": 371, ""label"": ""RAM"", ""text"": ""40-40-40""}, {""start"": 375, ""end"": 380, ""label"": ""RAM"", ""text"": ""1.25V""}]",[]
K0896,883,body,4,SUVISNO,RAM,"ule has been tested to run at DDR5-5200 at a
low latency timing of 40-40-40 at 1.25V. The SPDs are
programmed to JEDEC standard latency DDR5-4800 timing
of 40-39-39 at 1.1V. Each 288-p",[],"[{""start"": 386, ""end"": 390, ""label"": ""RAM"", ""text"": ""SPDs""}]",[]
K0897,883,body,4,FRAGMENTACIJA,RAM,"run at DDR5-5200 at a
low latency timing of 40-40-40 at 1.25V. The SPDs are
programmed to JEDEC standard latency DDR5-4800 timing
of 40-39-39 at 1.1V. Each 288-pin DIMM uses gold contact
fingers.
FACTORY TIMING PARAMETERS
• Default (JEDEC)","[{""start"": 409, ""end"": 468, ""label"": ""RAM"", ""text"": ""JEDEC standard latency DDR5-4800 timing\nof 40-39-39 at 1.1V""}]","[{""start"": 409, ""end"": 441, ""label"": ""RAM"", ""text"": ""JEDEC standard latency DDR5-4800""}, {""start"": 452, ""end"": 460, ""label"": ""RAM"", ""text"": ""40-39-39""}, {""start"": 464, ""end"": 468, ""label"": ""RAM"", ""text"": ""1.1V""}]",[]
K0898,883,body,4,FRAGMENTACIJA,RAM,"ed to JEDEC standard latency DDR5-4800 timing
of 40-39-39 at 1.1V. Each 288-pin DIMM uses gold contact
fingers.
FACTORY TIMING PARAMETERS
• Default (JEDEC): DDR5-4800 CL40-39-39 @1.1V
• XMP Profile #1","[{""start"": 493, ""end"": 513, ""label"": ""RAM"", ""text"": ""gold contact\nfingers""}]","[{""start"": 493, ""end"": 505, ""label"": ""RAM"", ""text"": ""gold contact""}, {""start"": 506, ""end"": 513, ""label"": ""RAM"", ""text"": ""fingers""}]",[]
K0899,883,body,4,GRANICA_SIRA,RAM,"0-39-39 at 1.1V. Each 288-pin DIMM uses gold contact
fingers.
FACTORY TIMING PARAMETERS
• Default (JEDEC): DDR5-4800 CL40-39-39 @1.1V
• XMP Profile #1: DDR5-5200 CL40-40-40 @1.25V
• XMP Profile #2: DDR5-4800 CL38-38-38 @1.1","[{""start"": 560, ""end"": 586, ""label"": ""RAM"", ""text"": ""DDR5-4800 CL40-39-39 @1.1V""}]","[{""start"": 543, ""end"": 586, ""label"": ""RAM"", ""text"": ""Default (JEDEC): DDR5-4800 CL40-39-39 @1.1V""}]",[]
K0900,883,body,4,GRANICA_SIRA,RAM,"ontact
fingers.
FACTORY TIMING PARAMETERS
• Default (JEDEC): DDR5-4800 CL40-39-39 @1.1V
• XMP Profile #1: DDR5-5200 CL40-40-40 @1.25V
• XMP Profile #2: DDR5-4800 CL38-38-38 @1.1V

FEATURES
• Power Supply: VDD = 1.1V Typical","[{""start"": 605, ""end"": 632, ""label"": ""RAM"", ""text"": ""DDR5-5200 CL40-40-40 @1.25V""}]","[{""start"": 589, ""end"": 632, ""label"": ""RAM"", ""text"": ""XMP Profile #1: DDR5-5200 CL40-40-40 @1.25V""}]",[]
K0901,883,body,4,GRANICA_SIRA,RAM,"fault (JEDEC): DDR5-4800 CL40-39-39 @1.1V
• XMP Profile #1: DDR5-5200 CL40-40-40 @1.25V
• XMP Profile #2: DDR5-4800 CL38-38-38 @1.1V

FEATURES
• Power Supply: VDD = 1.1V Typical
• VDDQ = 1.1V Typical
• VPP = 1.8V Typical
•","[{""start"": 651, ""end"": 677, ""label"": ""RAM"", ""text"": ""DDR5-4800 CL38-38-38 @1.1V""}]","[{""start"": 635, ""end"": 677, ""label"": ""RAM"", ""text"": ""XMP Profile #2: DDR5-4800 CL38-38-38 @1.1V""}]",[]
K0902,883,body,4,GRANICA_SIRA,RAM," CL40-40-40 @1.25V
• XMP Profile #2: DDR5-4800 CL38-38-38 @1.1V

FEATURES
• Power Supply: VDD = 1.1V Typical
• VDDQ = 1.1V Typical
• VPP = 1.8V Typical
• VDDSPD = 1.8V to 2.0V
• On-Die ECC
• Height ","[{""start"": 710, ""end"": 722, ""label"": ""RAM"", ""text"": ""1.1V Typical""}]","[{""start"": 704, ""end"": 722, ""label"": ""RAM"", ""text"": ""VDD = 1.1V Typical""}]",[]
K0903,883,body,4,GRANICA_SIRA,RAM,"XMP Profile #2: DDR5-4800 CL38-38-38 @1.1V

FEATURES
• Power Supply: VDD = 1.1V Typical
• VDDQ = 1.1V Typical
• VPP = 1.8V Typical
• VDDSPD = 1.8V to 2.0V
• On-Die ECC
• Height 1.37” (34.9mm), w/heat","[{""start"": 732, ""end"": 744, ""label"": ""RAM"", ""text"": ""1.1V Typical""}]","[{""start"": 725, ""end"": 744, ""label"": ""RAM"", ""text"": ""VDDQ = 1.1V Typical""}]",[]
K0904,883,body,4,GRANICA_SIRA,RAM,"800 CL38-38-38 @1.1V

FEATURES
• Power Supply: VDD = 1.1V Typical
• VDDQ = 1.1V Typical
• VPP = 1.8V Typical
• VDDSPD = 1.8V to 2.0V
• On-Die ECC
• Height 1.37” (34.9mm), w/heatsink
S PECIFICATIONS
","[{""start"": 753, ""end"": 765, ""label"": ""RAM"", ""text"": ""1.8V Typical""}]","[{""start"": 747, ""end"": 765, ""label"": ""RAM"", ""text"": ""VPP = 1.8V Typical""}]",[]
K0905,883,body,4,GRANICA_SIRA,RAM,"
FEATURES
• Power Supply: VDD = 1.1V Typical
• VDDQ = 1.1V Typical
• VPP = 1.8V Typical
• VDDSPD = 1.8V to 2.0V
• On-Die ECC
• Height 1.37” (34.9mm), w/heatsink
S PECIFICATIONS
CL(IDD): 40 cycles
Row C","[{""start"": 777, ""end"": 789, ""label"": ""RAM"", ""text"": ""1.8V to 2.0V""}]","[{""start"": 768, ""end"": 789, ""label"": ""RAM"", ""text"": ""VDDSPD = 1.8V to 2.0V""}]",[]
K0906,883,body,4,GRANICA_SIRA,RAM,"Typical
• VDDQ = 1.1V Typical
• VPP = 1.8V Typical
• VDDSPD = 1.8V to 2.0V
• On-Die ECC
• Height 1.37” (34.9mm), w/heatsink
S PECIFICATIONS
CL(IDD): 40 cycles
Row Cycle Time (tRCmin): 48ns(min. )
Refresh to Active","[{""start"": 812, ""end"": 838, ""label"": ""RAM"", ""text"": ""1.37” (34.9mm), w/heatsink""}]","[{""start"": 805, ""end"": 838, ""label"": ""RAM"", ""text"": ""Height 1.37” (34.9mm), w/heatsink""}]",[]
K0907,883,body,4,GRANICA_SIRA,RAM,"
• VDDSPD = 1.8V to 2.0V
• On-Die ECC
• Height 1.37” (34.9mm), w/heatsink
S PECIFICATIONS
CL(IDD): 40 cycles
Row Cycle Time (tRCmin): 48ns(min. )
Refresh to Active/Refresh: 295ns(min. )
Command Time","[{""start"": 864, ""end"": 873, ""label"": ""RAM"", ""text"": ""40 cycles""}]","[{""start"": 855, ""end"": 873, ""label"": ""RAM"", ""text"": ""CL(IDD): 40 cycles""}]",[]
K0908,883,body,4,GRANICA_SIRA,RAM," 2.0V
• On-Die ECC
• Height 1.37” (34.9mm), w/heatsink
S PECIFICATIONS
CL(IDD): 40 cycles
Row Cycle Time (tRCmin): 48ns(min. )
Refresh to Active/Refresh: 295ns(min. )
Command Time (tRFCmin)
Row Active Time (tRASmin):","[{""start"": 899, ""end"": 910, ""label"": ""RAM"", ""text"": ""48ns(min. )""}]","[{""start"": 874, ""end"": 910, ""label"": ""RAM"", ""text"": ""Row Cycle Time (tRCmin): 48ns(min. )""}]",[]
K0909,883,body,4,GRANICA_SIRA,RAM,".9mm), w/heatsink
S PECIFICATIONS
CL(IDD): 40 cycles
Row Cycle Time (tRCmin): 48ns(min. )
Refresh to Active/Refresh: 295ns(min. )
Command Time (tRFCmin)
Row Active Time (tRASmin):32ns(min. )
UL Rating: 94 V - 0
Operatin","[{""start"": 938, ""end"": 950, ""label"": ""RAM"", ""text"": ""295ns(min. )""}]","[{""start"": 911, ""end"": 950, ""label"": ""RAM"", ""text"": ""Refresh to Active/Refresh: 295ns(min. )""}]",[]
K0910,883,body,4,GRANICA_SIRA,RAM,"Time (tRCmin): 48ns(min. )
Refresh to Active/Refresh: 295ns(min. )
Command Time (tRFCmin)
Row Active Time (tRASmin):32ns(min. )
UL Rating: 94 V - 0
Operating Temperature: 0o
 C to +85o
 C
Storage Temperature: -55o
 C ","[{""start"": 1000, ""end"": 1011, ""label"": ""RAM"", ""text"": ""32ns(min. )""}]","[{""start"": 974, ""end"": 1011, ""label"": ""RAM"", ""text"": ""Row Active Time (tRASmin):32ns(min. )""}]",[]
K0911,883,body,4,GRANICA_SIRA,RAM,"Active/Refresh: 295ns(min. )
Command Time (tRFCmin)
Row Active Time (tRASmin):32ns(min. )
UL Rating: 94 V - 0
Operating Temperature: 0o
 C to +85o
 C
Storage Temperature: -55o
 C to +100o","[{""start"": 1023, ""end"": 1031, ""label"": ""RAM"", ""text"": ""94 V - 0""}]","[{""start"": 1012, ""end"": 1031, ""label"": ""RAM"", ""text"": ""UL Rating: 94 V - 0""}]",[]
K0912,883,body,4,FRAGMENTACIJA,RAM,"tRFCmin)
Row Active Time (tRASmin):32ns(min. )
UL Rating: 94 V - 0
Operating Temperature: 0o
 C to +85o
 C
Storage Temperature: -55o
 C to +100o","[{""start"": 1055, ""end"": 1071, ""label"": ""RAM"", ""text"": ""0o\n C to +85o\n C""}]","[{""start"": 1055, ""end"": 1057, ""label"": ""RAM"", ""text"": ""0o""}, {""start"": 1059, ""end"": 1068, ""label"": ""RAM"", ""text"": ""C to +85o""}, {""start"": 1070, ""end"": 1071, ""label"": ""RAM"", ""text"": ""C""}]",[]
K0913,883,body,4,FRAGMENTACIJA,RAM,"s(min. )
UL Rating: 94 V - 0
Operating Temperature: 0o
 C to +85o
 C
Storage Temperature: -55o
 C to +100o","[{""start"": 1093, ""end"": 1109, ""label"": ""RAM"", ""text"": ""-55o\n C to +100o""}]","[{""start"": 1093, ""end"": 1097, ""label"": ""RAM"", ""text"": ""-55o""}, {""start"": 1099, ""end"": 1109, ""label"": ""RAM"", ""text"": ""C to +100o""}]",[]
K0914,886,body,1,SPAJANJE,RAM,"a.
Za sve dodatne informacije ili pitanja, stojimo vam na raspolaganju.
SYNOLOGY DDR4 RAM 16GB 2666MHz DIMM ECC Registered green D4ER01-16G

Color: Green

Világítás: Yes
Memory size: 16GB

Memory type: DDR4

Frequency: 2666MHz

C","[{""start"": 302, ""end"": 334, ""label"": ""RAM"", ""text"": ""16GB 2666MHz DIMM ECC Registered""}, {""start"": 341, ""end"": 351, ""label"": ""RAM"", ""text"": ""D4ER01-16G""}]","[{""start"": 302, ""end"": 351, ""label"": ""RAM"", ""text"": ""16GB 2666MHz DIMM ECC Registered green D4ER01-16G""}]",[]
K0915,886,body,1,SUVISNO,RAM,"raspolaganju.
SYNOLOGY DDR4 RAM 16GB 2666MHz DIMM ECC Registered green D4ER01-16G

Color: Green

Világítás: Yes
Memory size: 16GB

Memory type: DDR4

Frequency: 2666MHz

Cooling block: ",[],"[{""start"": 360, ""end"": 365, ""label"": ""RAM"", ""text"": ""Green""}]",[]
K0916,886,body,1,SUVISNO,RAM,"ganju.
SYNOLOGY DDR4 RAM 16GB 2666MHz DIMM ECC Registered green D4ER01-16G

Color: Green

Világítás: Yes
Memory size: 16GB

Memory type: DDR4

Frequency: 2666MHz

Cooling block: Yes

Pieces: 1pc",[],"[{""start"": 367, ""end"": 381, ""label"": ""RAM"", ""text"": ""Világítás: Yes""}]",[]
K0917,886,body,1,SUVISNO,RAM,"G

Color: Green

Világítás: Yes
Memory size: 16GB

Memory type: DDR4

Frequency: 2666MHz

Cooling block: Yes

Pieces: 1pcs

Manufacturer specific: Yes

iPon Gamer: Yes

Weight: 20g",[],"[{""start"": 440, ""end"": 458, ""label"": ""RAM"", ""text"": ""Cooling block: Yes""}]",[]
K0918,886,title,1,SPAJANJE,RAM,Synology Ddr4 Ram 16gb 2666mhz Dimm Ecc Registered Green D4e,"[{""start"": 18, ""end"": 50, ""label"": ""RAM"", ""text"": ""16gb 2666mhz Dimm Ecc Registered""}, {""start"": 57, ""end"": 60, ""label"": ""RAM"", ""text"": ""D4e""}]","[{""start"": 18, ""end"": 60, ""label"": ""RAM"", ""text"": ""16gb 2666mhz Dimm Ecc Registered Green D4e""}]",[]
K0919,887,body,2,GRANICA_SIRA,CENA,"DDR3 desktop
4Gb - 1000din/kom  4 na stanju
8Gb - 2000din/kom  6 na stanju
DDR4 desktop
4Gb - 1500din/kom nema na stanju","[{""start"": 19, ""end"": 26, ""label"": ""CENA"", ""text"": ""1000din""}]","[{""start"": 19, ""end"": 30, ""label"": ""CENA"", ""text"": ""1000din/kom""}]",[]
K0920,887,body,2,GRANICA_SIRA,CENA,"DDR3 desktop
4Gb - 1000din/kom  4 na stanju
8Gb - 2000din/kom  6 na stanju
DDR4 desktop
4Gb - 1500din/kom nema na stanju
8Gb-3500din/kom  8 na stanju
4","[{""start"": 50, ""end"": 57, ""label"": ""CENA"", ""text"": ""2000din""}]","[{""start"": 50, ""end"": 61, ""label"": ""CENA"", ""text"": ""2000din/kom""}]",[]
K0921,887,body,2,GRANICA_SIRA,CENA," desktop
4Gb - 1000din/kom  4 na stanju
8Gb - 2000din/kom  6 na stanju
DDR4 desktop
4Gb - 1500din/kom nema na stanju
8Gb-3500din/kom  8 na stanju
4Gb sa hladnjacima 2000din/kom nema na stanju","[{""start"": 94, ""end"": 101, ""label"": ""CENA"", ""text"": ""1500din""}]","[{""start"": 94, ""end"": 105, ""label"": ""CENA"", ""text"": ""1500din/kom""}]",[]
K0922,887,body,2,GRANICA_SIRA,CENA,"a stanju
8Gb - 2000din/kom  6 na stanju
DDR4 desktop
4Gb - 1500din/kom nema na stanju
8Gb-3500din/kom  8 na stanju
4Gb sa hladnjacima 2000din/kom nema na stanju
8Gb sa hladnjacima 4000din/kom","[{""start"": 125, ""end"": 132, ""label"": ""CENA"", ""text"": ""3500din""}]","[{""start"": 125, ""end"": 136, ""label"": ""CENA"", ""text"": ""3500din/kom""}]",[]
K0923,887,body,2,SUVISNO,RAM," stanju
DDR4 desktop
4Gb - 1500din/kom nema na stanju
8Gb-3500din/kom  8 na stanju
4Gb sa hladnjacima 2000din/kom nema na stanju
8Gb sa hladnjacima 4000din/kom nema na stanju
16Gb Samsung - 7",[],"[{""start"": 157, ""end"": 168, ""label"": ""RAM"", ""text"": ""hladnjacima""}]",[]
K0924,887,body,2,GRANICA_SIRA,CENA," desktop
4Gb - 1500din/kom nema na stanju
8Gb-3500din/kom  8 na stanju
4Gb sa hladnjacima 2000din/kom nema na stanju
8Gb sa hladnjacima 4000din/kom nema na stanju
16Gb Samsung - 7000din/kom  ","[{""start"": 169, ""end"": 176, ""label"": ""CENA"", ""text"": ""2000din""}]","[{""start"": 169, ""end"": 180, ""label"": ""CENA"", ""text"": ""2000din/kom""}]",[]
K0925,887,body,2,SUVISNO,RAM," stanju
8Gb-3500din/kom  8 na stanju
4Gb sa hladnjacima 2000din/kom nema na stanju
8Gb sa hladnjacima 4000din/kom nema na stanju
16Gb Samsung - 7000din/kom  1kom na stanju
8Gb (3200) -  4500d",[],"[{""start"": 203, ""end"": 214, ""label"": ""RAM"", ""text"": ""hladnjacima""}]",[]
K0926,887,body,2,GRANICA_SIRA,CENA,"3500din/kom  8 na stanju
4Gb sa hladnjacima 2000din/kom nema na stanju
8Gb sa hladnjacima 4000din/kom nema na stanju
16Gb Samsung - 7000din/kom  1kom na stanju
8Gb (3200) -  4500din

RDIMM DD","[{""start"": 215, ""end"": 222, ""label"": ""CENA"", ""text"": ""4000din""}]","[{""start"": 215, ""end"": 226, ""label"": ""CENA"", ""text"": ""4000din/kom""}]",[]
K0927,887,body,2,GRANICA_SIRA,CENA,"a 2000din/kom nema na stanju
8Gb sa hladnjacima 4000din/kom nema na stanju
16Gb Samsung - 7000din/kom  1kom na stanju
8Gb (3200) -  4500din

RDIMM DDR4 ECC server
8Gb-2500din/kom  3 komada na","[{""start"": 257, ""end"": 264, ""label"": ""CENA"", ""text"": ""7000din""}]","[{""start"": 257, ""end"": 268, ""label"": ""CENA"", ""text"": ""7000din/kom""}]",[]
K0928,887,body,2,SPAJANJE,RAM,"0din/kom nema na stanju
16Gb Samsung - 7000din/kom  1kom na stanju
8Gb (3200) -  4500din

RDIMM DDR4 ECC server
8Gb-2500din/kom  3 komada na stanju (sve tri za 6000din)
Na stanju veca kolicina r","[{""start"": 308, ""end"": 313, ""label"": ""RAM"", ""text"": ""RDIMM""}, {""start"": 314, ""end"": 318, ""label"": ""RAM"", ""text"": ""DDR4""}]","[{""start"": 308, ""end"": 322, ""label"": ""RAM"", ""text"": ""RDIMM DDR4 ECC""}]",[]
K0929,887,body,2,GRANICA_SIRA,CENA,"Gb Samsung - 7000din/kom  1kom na stanju
8Gb (3200) -  4500din

RDIMM DDR4 ECC server
8Gb-2500din/kom  3 komada na stanju (sve tri za 6000din)
Na stanju veca kolicina ram memorija. Ima i upar","[{""start"": 334, ""end"": 341, ""label"": ""CENA"", ""text"": ""2500din""}]","[{""start"": 334, ""end"": 345, ""label"": ""CENA"", ""text"": ""2500din/kom""}]",[]
K0930,889,body,4,SUVISNO,RAM,"ačunare Kingston HyperX kapaciteta 8Gb, tip DDR3, frekvencija 1600 MHz, latencija Cl 10.

Jedan modul memorije od 8Gb sa haladnjakom.

Memorija je testirana u radu i programu Memtest, p",[],"[{""start"": 365, ""end"": 370, ""label"": ""RAM"", ""text"": ""Jedan""}]",[]
K0931,889,body,4,GRANICA_UZA,RAM,"kapaciteta 8Gb, tip DDR3, frekvencija 1600 MHz, latencija Cl 10.

Jedan modul memorije od 8Gb sa haladnjakom.

Memorija je testirana u radu i programu Memtest, potpuno ispravna (slike).

Radna garan","[{""start"": 389, ""end"": 407, ""label"": ""RAM"", ""text"": ""8Gb sa haladnjakom""}]","[{""start"": 389, ""end"": 392, ""label"": ""RAM"", ""text"": ""8Gb""}]",[]
K0932,889,body,4,FRAGMENTACIJA,RAM,"                         Unbuffered
Features:                                             Dual Rank ×8, Gold-plated contacts, includes a heat spreader","[{""start"": 1181, ""end"": 1241, ""label"": ""RAM"", ""text"": ""Dual Rank ×8, Gold-plated contacts, includes a heat spreader""}]","[{""start"": 1181, ""end"": 1215, ""label"": ""RAM"", ""text"": ""Dual Rank ×8, Gold-plated contacts""}, {""start"": 1228, ""end"": 1241, ""label"": ""RAM"", ""text"": ""heat spreader""}]",[]
K0933,890,body,2,GRANICA_SIRA,RAM," komada istih
Ramaxel isto sve na 2666mhz vise komada. istih
Samsung ima jedna na 3200mhz
Micron 2 komada na 3200mhz
3200mhz ramovi 5000rin komad","[{""start"": 147, ""end"": 153, ""label"": ""RAM"", ""text"": ""Micron""}]","[{""start"": 147, ""end"": 162, ""label"": ""RAM"", ""text"": ""Micron 2 komada""}]",[]
K0934,893,title,4,FRAGMENTACIJA,RAM,Razne DDR4 RAM memorije za desktop (Crucial Kingston),"[{""start"": 36, ""end"": 52, ""label"": ""RAM"", ""text"": ""Crucial Kingston""}]","[{""start"": 36, ""end"": 43, ""label"": ""RAM"", ""text"": ""Crucial""}, {""start"": 44, ""end"": 52, ""label"": ""RAM"", ""text"": ""Kingston""}]",[]
K0935,896,body,1,SUVISNO,SKLADISTE,"FISKALNI RACUN I GARANCIJA 2 GODINE!

Proizvodjac: WD
Model: WD5000AUDX
Tip: Interni hard disk harddisk HDD
Povezivanje: Sata III
Kapacitet: 500GB
Bafer kes: 32MB
Broj obrtaj",[],"[{""start"": 77, ""end"": 84, ""label"": ""SKLADISTE"", ""text"": ""Interni""}]",[]
K0936,896,body,1,GRANICA_SIRA,SKLADISTE,"el: WD5000AUDX
Tip: Interni hard disk harddisk HDD
Povezivanje: Sata III
Kapacitet: 500GB
Bafer kes: 32MB
Broj obrtaja u minuti: 5400rpm
Format: 3.5"" za desktop racunar
hdd rack
Hard disk je u or","[{""start"": 158, ""end"": 162, ""label"": ""SKLADISTE"", ""text"": ""32MB""}]","[{""start"": 147, ""end"": 162, ""label"": ""SKLADISTE"", ""text"": ""Bafer kes: 32MB""}]",[]
K0937,897,body,3,PROPUSTENO,SKLADISTE,"Bafer: 16MB
Broj obrtaja u minuti: 5400rpm
Format: 2.5""
KUCIŠTE:
GIGABAJTI na dohvat ruke
SuperSpeed USB 3.0 prenos podataka!
Pogodan za sve 2.5"" 9.5mm SATA HDD diskove
Windows 10 kompatibilan
-Supe","[{""start"": 238, ""end"": 256, ""label"": ""SKLADISTE"", ""text"": ""SuperSpeed USB 3.0""}]",[],[]
K0938,897,body,3,PROPUSTENO,SKLADISTE," 3.0 prenos podataka!
Pogodan za sve 2.5"" 9.5mm SATA HDD diskove
Windows 10 kompatibilan
-SuperSpeed USB 3.0 HDD pristup - 10 puta brži od USB 2.0
-Kompatibilan sa USB 2.0
-Podržava SATA 2.5 '' disk","[{""start"": 342, ""end"": 360, ""label"": ""SKLADISTE"", ""text"": ""SuperSpeed USB 3.0""}]",[],[]
K0939,897,body,3,PROPUSTENO,SKLADISTE,"0 kompatibilan
-SuperSpeed USB 3.0 HDD pristup - 10 puta brži od USB 2.0
-Kompatibilan sa USB 2.0
-Podržava SATA 2.5 '' diskove bilo kog kapaciteta i 9.5mm debljine
Interfejs: do 5 Gbps U","[{""start"": 416, ""end"": 423, ""label"": ""SKLADISTE"", ""text"": ""USB 2.0""}]",[],[]
K0940,897,body,3,PROPUSTENO,SKLADISTE," sa USB 2.0
-Podržava SATA 2.5 '' diskove bilo kog kapaciteta i 9.5mm debljine
Interfejs: do 5 Gbps USB 3.0 mini 10pin-a konektor, kompatibilan sa USB 2.0/1.0
Podržava Serial ATA 2.5 diskove debljine 9,5mm
Chip","[{""start"": 502, ""end"": 532, ""label"": ""SKLADISTE"", ""text"": ""do 5 Gbps USB 3.0 mini 10pin-a""}]",[],[]
K0941,897,body,3,PROPUSTENO,SKLADISTE,"teta i 9.5mm debljine
Interfejs: do 5 Gbps USB 3.0 mini 10pin-a konektor, kompatibilan sa USB 2.0/1.0
Podržava Serial ATA 2.5 diskove debljine 9,5mm
Chipset: JMS578
Materijal: plastika
Ne","[{""start"": 559, ""end"": 566, ""label"": ""SKLADISTE"", ""text"": ""USB 2.0""}]",[],[]
K0942,897,body,3,PROPUSTENO,SKLADISTE,".5mm debljine
Interfejs: do 5 Gbps USB 3.0 mini 10pin-a konektor, kompatibilan sa USB 2.0/1.0
Podržava Serial ATA 2.5 diskove debljine 9,5mm
Chipset: JMS578
Materijal: plastika
Neto t","[{""start"": 567, ""end"": 570, ""label"": ""SKLADISTE"", ""text"": ""1.0""}]",[],[]
K0943,897,body,3,PROPUSTENO,SKLADISTE,"ktor, kompatibilan sa USB 2.0/1.0
Podržava Serial ATA 2.5 diskove debljine 9,5mm
Chipset: JMS578
Materijal: plastika
Neto težina proizvoda: 55g
Dimenzije proizvoda: 126x80x13mm
Sistemski","[{""start"": 627, ""end"": 633, ""label"": ""SKLADISTE"", ""text"": ""JMS578""}]",[],"[{""start"": 627, ""end"": 633, ""label"": ""MODEL"", ""text"": ""JMS578""}]"
K0944,897,body,3,PROPUSTENO,SKLADISTE," sa USB 2.0/1.0
Podržava Serial ATA 2.5 diskove debljine 9,5mm
Chipset: JMS578
Materijal: plastika
Neto težina proizvoda: 55g
Dimenzije proizvoda: 126x80x13mm
Sistemski zahtevi
Windows 7/8","[{""start"": 645, ""end"": 653, ""label"": ""SKLADISTE"", ""text"": ""plastika""}]",[],[]
K0945,897,body,3,PROPUSTENO,SKLADISTE,"ATA 2.5 diskove debljine 9,5mm
Chipset: JMS578
Materijal: plastika
Neto težina proizvoda: 55g
Dimenzije proizvoda: 126x80x13mm
Sistemski zahtevi
Windows 7/8/10

HDD 2.5 + USB 3.0 SATA","[{""start"": 677, ""end"": 680, ""label"": ""SKLADISTE"", ""text"": ""55g""}]",[],[]
K0946,897,body,3,PROPUSTENO,SKLADISTE,"9,5mm
Chipset: JMS578
Materijal: plastika
Neto težina proizvoda: 55g
Dimenzije proizvoda: 126x80x13mm
Sistemski zahtevi
Windows 7/8/10

HDD 2.5 + USB 3.0 SATA eksterno kuciste

gmb","[{""start"": 702, ""end"": 713, ""label"": ""SKLADISTE"", ""text"": ""126x80x13mm""}]",[],[]
K0947,897,body,3,PROPUSTENO,SKLADISTE,"ina proizvoda: 55g
Dimenzije proizvoda: 126x80x13mm
Sistemski zahtevi
Windows 7/8/10

HDD 2.5 + USB 3.0 SATA eksterno kuciste

gmb","[{""start"": 752, ""end"": 755, ""label"": ""SKLADISTE"", ""text"": ""2.5""}]",[],[]
K0948,897,body,3,PROPUSTENO,SKLADISTE,"oizvoda: 55g
Dimenzije proizvoda: 126x80x13mm
Sistemski zahtevi
Windows 7/8/10

HDD 2.5 + USB 3.0 SATA eksterno kuciste

gmb","[{""start"": 758, ""end"": 770, ""label"": ""SKLADISTE"", ""text"": ""USB 3.0 SATA""}]",[],[]
K0949,898,body,4,SUVISNO,SKLADISTE,"GARANCIJA 2 GODINE!

Proizvodjac: Seagate
Model: ST3320311CS
Tip: Interni hard disk harddisk HDD
Povezivanje: Sata
Kapacitet: 320GB
Bafer: 8MB
Broj obrtaja u minut",[],"[{""start"": 66, ""end"": 73, ""label"": ""SKLADISTE"", ""text"": ""Interni""}]",[]
K0950,898,body,4,PROPUSTENO,SKLADISTE,"ANCIJA 2 GODINE!

Proizvodjac: Seagate
Model: ST3320311CS
Tip: Interni hard disk harddisk HDD
Povezivanje: Sata
Kapacitet: 320GB
Bafer: 8MB
Broj obrtaja u minuti: 5900rpm
Format: 3.5""","[{""start"": 93, ""end"": 96, ""label"": ""SKLADISTE"", ""text"": ""HDD""}]",[],[]
K0951,898,title,4,FRAGMENTACIJA,SKLADISTE,"SEAGATE Hard disk 3,5"" HDD 320gb 5900rpm 8mb Sata GARANCIJA","[{""start"": 18, ""end"": 59, ""label"": ""SKLADISTE"", ""text"": ""3,5\"" HDD 320gb 5900rpm 8mb Sata GARANCIJA""}]","[{""start"": 18, ""end"": 22, ""label"": ""SKLADISTE"", ""text"": ""3,5\""""}, {""start"": 27, ""end"": 49, ""label"": ""SKLADISTE"", ""text"": ""320gb 5900rpm 8mb Sata""}]",[]
K0952,899,body,3,SUVISNO,SKLADISTE,"BIJATE STA PORUCITE
Hard disk je ispravan! ! !
Garancija na ispravnost ! ! !
Hard disk je 100/100 u Sentilenu.
Za vise informacija pozovite ili preko kp poruka.",[],"[{""start"": 245, ""end"": 252, ""label"": ""SKLADISTE"", ""text"": ""100/100""}]",[]
K0953,903,body,2,SUVISNO,SKLADISTE," mehanickih diskova
Za razliku od tradicionalnog mehanickog diska, koristi funkcije poput FLASH tehnologije, male potrošnje energije i prenosa velike brzine. To je najbolji izbor za zam",[],"[{""start"": 579, ""end"": 584, ""label"": ""SKLADISTE"", ""text"": ""FLASH""}]",[]
K0954,903,body,2,SUVISNO,SKLADISTE,"kovi su otporni na udarce i pad (1500G / 0,5ms) i ne proizvode dosadne mehanicke zvukove.
ECC (Errection Correction Code) funkcija poboljšava efikasnost
Mocna tehnologija nivelisanja habanja i ECC (funkcija ispr",[],"[{""start"": 945, ""end"": 976, ""label"": ""SKLADISTE"", ""text"": ""ECC (Errection Correction Code)""}]",[]
K0955,903,body,2,SUVISNO,SKLADISTE,"n Correction Code) funkcija poboljšava efikasnost
Mocna tehnologija nivelisanja habanja i ECC (funkcija ispravljanja grešaka) funkcija poboljšavaju pouzdanost prenosa podataka i produžavaju radni vek SSD-a.
Garancij",[],"[{""start"": 1048, ""end"": 1083, ""label"": ""SKLADISTE"", ""text"": ""ECC (funkcija ispravljanja grešaka)""}]",[]
K0956,903,body,2,SUVISNO,SKLADISTE,"adni vek SSD-a.
Garancija 2 godine.

Karakteristike:
Drive Configuration
Lokacija uređaja Interna
Form Faktor 2.5""
Kapacitet pohrane 240 GB
Podržava Data Channel SATA III-600
Brzina prije",[],"[{""start"": 1239, ""end"": 1246, ""label"": ""SKLADISTE"", ""text"": ""Interna""}]",[]
K0957,903,body,2,SPAJANJE,SKLADISTE,"tet pohrane 240 GB
Podržava Data Channel SATA III-600
Brzina prijenosa eksternih podataka 6 Gbps / 6Gbit/s
Tehnologija memorije NAND Flash
Priložena dodatna oprema Vodič za brzi početak
Performans","[{""start"": 1360, ""end"": 1366, ""label"": ""SKLADISTE"", ""text"": ""6 Gbps""}, {""start"": 1369, ""end"": 1376, ""label"": ""SKLADISTE"", ""text"": ""6Gbit/s""}]","[{""start"": 1360, ""end"": 1376, ""label"": ""SKLADISTE"", ""text"": ""6 Gbps / 6Gbit/s""}]",[]
K0958,903,body,2,SUVISNO,SKLADISTE," @ 0,5 ms
Skladištenje otpornosti na udarce 1500G @ 0,5 ms
Tolerancija na vibracije Radni 3.08G @ 7-800Hz
Skladištenje otpornosti na vibracije 3.08G @ 7-800Hz
Životna sredina
Maksimalna radna tem",[],"[{""start"": 1735, ""end"": 1750, ""label"": ""SKLADISTE"", ""text"": ""3.08G @ 7-800Hz""}]",[]
K0959,903,body,2,SUVISNO,SKLADISTE,",5 ms
Tolerancija na vibracije Radni 3.08G @ 7-800Hz
Skladištenje otpornosti na vibracije 3.08G @ 7-800Hz
Životna sredina
Maksimalna radna temperatura okoline 70 ° C
Minimalna radna temperatura o",[],"[{""start"": 1788, ""end"": 1803, ""label"": ""SKLADISTE"", ""text"": ""3.08G @ 7-800Hz""}]",[]
K0960,903,body,2,SUVISNO,SKLADISTE,"ornosti na vibracije 3.08G @ 7-800Hz
Životna sredina
Maksimalna radna temperatura okoline 70 ° C
Minimalna radna temperatura okoline 0 ° C
Maksimalna neradna temperatura okoline 85 ° C
M",[],"[{""start"": 1857, ""end"": 1863, ""label"": ""SKLADISTE"", ""text"": ""70 ° C""}]",[]
K0961,903,body,2,SUVISNO,SKLADISTE,"a sredina
Maksimalna radna temperatura okoline 70 ° C
Minimalna radna temperatura okoline 0 ° C
Maksimalna neradna temperatura okoline 85 ° C
Minimalna neradna temperatura okoline -40 °",[],"[{""start"": 1900, ""end"": 1905, ""label"": ""SKLADISTE"", ""text"": ""0 ° C""}]",[]
K0962,903,body,2,SUVISNO,SKLADISTE,"e 70 ° C
Minimalna radna temperatura okoline 0 ° C
Maksimalna neradna temperatura okoline 85 ° C
Minimalna neradna temperatura okoline -40 ° C
Dimenzije i težina uređaja
Dubina (mm) 69,8",[],"[{""start"": 1945, ""end"": 1951, ""label"": ""SKLADISTE"", ""text"": ""85 ° C""}]",[]
K0963,903,body,2,SUVISNO,SKLADISTE,"0 ° C
Maksimalna neradna temperatura okoline 85 ° C
Minimalna neradna temperatura okoline -40 ° C
Dimenzije i težina uređaja
Dubina (mm) 69,85 mm
Visina (mm) 7 mm
Širina (mm) 100,2 mm
Nom",[],"[{""start"": 1990, ""end"": 1997, ""label"": ""SKLADISTE"", ""text"": ""-40 ° C""}]",[]
K0964,903,body,2,SUVISNO,SKLADISTE,"ežina uređaja
Dubina (mm) 69,85 mm
Visina (mm) 7 mm
Širina (mm) 100,2 mm
Nominalna težina 0,034 kg Specifikacija EAN Code 843367122790 Kapacitet 240 GB Depth (mm) 69.85 mm Width (mm) 100.2",[],"[{""start"": 2101, ""end"": 2109, ""label"": ""SKLADISTE"", ""text"": ""0,034 kg""}]",[]
K0965,903,body,2,SUVISNO,SKLADISTE,".2 mm Form Factor 2.5"" Height (mm) 7 mm Package Type Retail Packs in Box 1 Nominal Weight 0.034 kg Pieces in pack 1 Device Location Internal Storage Capacity 240 GB Memory Technology NAND ",[],"[{""start"": 2287, ""end"": 2295, ""label"": ""SKLADISTE"", ""text"": ""0.034 kg""}]",[]
K0966,903,body,2,SUVISNO,SKLADISTE,ckage Type Retail Packs in Box 1 Nominal Weight 0.034 kg Pieces in pack 1 Device Location Internal Storage Capacity 240 GB Memory Technology NAND Flash Included Accessories Quick Start Gui,[],"[{""start"": 2329, ""end"": 2337, ""label"": ""SKLADISTE"", ""text"": ""Internal""}]",[]
K0967,903,body,2,SUVISNO,SKLADISTE,ance Operating 1500G @ 0.5ms Drive Writes Per Day (DWPD) 0.32 Vibration Tolerance Storage 3.08G @ 7-800Hz Maximum Sequential Read Rate 550 MB/s Maximum Sequential Write Rate 450 MB/s Vibration To,[],"[{""start"": 2731, ""end"": 2746, ""label"": ""SKLADISTE"", ""text"": ""3.08G @ 7-800Hz""}]",[]
K0968,903,body,2,SUVISNO,SKLADISTE,"l Read Rate 550 MB/s Maximum Sequential Write Rate 450 MB/s Vibration Tolerance Operating 3.08G @ 7-800Hz

Podrzani operativni sistemi:

Windows operativni sistemi

Windows 10, Windows 7, Windows",[],"[{""start"": 2854, ""end"": 2869, ""label"": ""SKLADISTE"", ""text"": ""3.08G @ 7-800Hz""}]",[]
K0969,903,body,2,SUVISNO,SKLADISTE,"ance Operating 3.08G @ 7-800Hz

Podrzani operativni sistemi:

Windows operativni sistemi

Windows 10, Windows 7, Windows 8, Windows 8.1, Windows Vista

Mac operativni sistemi

Mac OS X 10.10",[],"[{""start"": 2929, ""end"": 2939, ""label"": ""SKLADISTE"", ""text"": ""Windows 10""}]",[]
K0970,903,body,2,SUVISNO,SKLADISTE,"ng 3.08G @ 7-800Hz

Podrzani operativni sistemi:

Windows operativni sistemi

Windows 10, Windows 7, Windows 8, Windows 8.1, Windows Vista

Mac operativni sistemi

Mac OS X 10.10 Yosemite, ",[],"[{""start"": 2941, ""end"": 2950, ""label"": ""SKLADISTE"", ""text"": ""Windows 7""}]",[]
K0971,903,body,2,SUVISNO,SKLADISTE,"7-800Hz

Podrzani operativni sistemi:

Windows operativni sistemi

Windows 10, Windows 7, Windows 8, Windows 8.1, Windows Vista

Mac operativni sistemi

Mac OS X 10.10 Yosemite, Mac OS X 10",[],"[{""start"": 2952, ""end"": 2961, ""label"": ""SKLADISTE"", ""text"": ""Windows 8""}]",[]
K0972,903,body,2,SUVISNO,SKLADISTE,"drzani operativni sistemi:

Windows operativni sistemi

Windows 10, Windows 7, Windows 8, Windows 8.1, Windows Vista

Mac operativni sistemi

Mac OS X 10.10 Yosemite, Mac OS X 10.11 El Capita",[],"[{""start"": 2963, ""end"": 2974, ""label"": ""SKLADISTE"", ""text"": ""Windows 8.1""}]",[]
K0973,903,body,2,SUVISNO,SKLADISTE,"ivni sistemi:

Windows operativni sistemi

Windows 10, Windows 7, Windows 8, Windows 8.1, Windows Vista

Mac operativni sistemi

Mac OS X 10.10 Yosemite, Mac OS X 10.11 El Capitan, Mac OS X 10.",[],"[{""start"": 2976, ""end"": 2989, ""label"": ""SKLADISTE"", ""text"": ""Windows Vista""}]",[]
K0974,903,body,2,SUVISNO,SKLADISTE,"mi

Windows 10, Windows 7, Windows 8, Windows 8.1, Windows Vista

Mac operativni sistemi

Mac OS X 10.10 Yosemite, Mac OS X 10.11 El Capitan, Mac OS X 10.12 Sierra, Mac OS X 10.13 High Sierra, Mac OS X 1",[],"[{""start"": 3015, ""end"": 3038, ""label"": ""SKLADISTE"", ""text"": ""Mac OS X 10.10 Yosemite""}]",[]
K0975,903,body,2,SUVISNO,SKLADISTE,", Windows 8, Windows 8.1, Windows Vista

Mac operativni sistemi

Mac OS X 10.10 Yosemite, Mac OS X 10.11 El Capitan, Mac OS X 10.12 Sierra, Mac OS X 10.13 High Sierra, Mac OS X 10.14 Mojave, Mac OS X 10.4 ",[],"[{""start"": 3040, ""end"": 3065, ""label"": ""SKLADISTE"", ""text"": ""Mac OS X 10.11 El Capitan""}]",[]
K0976,903,body,2,SUVISNO,SKLADISTE,"indows Vista

Mac operativni sistemi

Mac OS X 10.10 Yosemite, Mac OS X 10.11 El Capitan, Mac OS X 10.12 Sierra, Mac OS X 10.13 High Sierra, Mac OS X 10.14 Mojave, Mac OS X 10.4 Tiger, Mac OS X 10.5 Le",[],"[{""start"": 3067, ""end"": 3088, ""label"": ""SKLADISTE"", ""text"": ""Mac OS X 10.12 Sierra""}]",[]
K0977,903,body,2,SUVISNO,SKLADISTE,"tivni sistemi

Mac OS X 10.10 Yosemite, Mac OS X 10.11 El Capitan, Mac OS X 10.12 Sierra, Mac OS X 10.13 High Sierra, Mac OS X 10.14 Mojave, Mac OS X 10.4 Tiger, Mac OS X 10.5 Leopard, Mac OS X 10.6 Snow Le",[],"[{""start"": 3090, ""end"": 3116, ""label"": ""SKLADISTE"", ""text"": ""Mac OS X 10.13 High Sierra""}]",[]
K0978,903,body,2,SUVISNO,SKLADISTE,"0 Yosemite, Mac OS X 10.11 El Capitan, Mac OS X 10.12 Sierra, Mac OS X 10.13 High Sierra, Mac OS X 10.14 Mojave, Mac OS X 10.4 Tiger, Mac OS X 10.5 Leopard, Mac OS X 10.6 Snow Leopard, Mac OS X 10.7 Li",[],"[{""start"": 3118, ""end"": 3139, ""label"": ""SKLADISTE"", ""text"": ""Mac OS X 10.14 Mojave""}]",[]
K0979,903,body,2,SUVISNO,SKLADISTE,".11 El Capitan, Mac OS X 10.12 Sierra, Mac OS X 10.13 High Sierra, Mac OS X 10.14 Mojave, Mac OS X 10.4 Tiger, Mac OS X 10.5 Leopard, Mac OS X 10.6 Snow Leopard, Mac OS X 10.7 Lion, Mac OS X 10.8 Mou",[],"[{""start"": 3141, ""end"": 3160, ""label"": ""SKLADISTE"", ""text"": ""Mac OS X 10.4 Tiger""}]",[]
K0980,903,body,2,SUVISNO,SKLADISTE,"S X 10.12 Sierra, Mac OS X 10.13 High Sierra, Mac OS X 10.14 Mojave, Mac OS X 10.4 Tiger, Mac OS X 10.5 Leopard, Mac OS X 10.6 Snow Leopard, Mac OS X 10.7 Lion, Mac OS X 10.8 Mountain Lion, Mac OS X 10",[],"[{""start"": 3162, ""end"": 3183, ""label"": ""SKLADISTE"", ""text"": ""Mac OS X 10.5 Leopard""}]",[]
K0981,903,body,2,SUVISNO,SKLADISTE,"S X 10.13 High Sierra, Mac OS X 10.14 Mojave, Mac OS X 10.4 Tiger, Mac OS X 10.5 Leopard, Mac OS X 10.6 Snow Leopard, Mac OS X 10.7 Lion, Mac OS X 10.8 Mountain Lion, Mac OS X 10.9 Mavericks",[],"[{""start"": 3185, ""end"": 3211, ""label"": ""SKLADISTE"", ""text"": ""Mac OS X 10.6 Snow Leopard""}]",[]
K0982,903,body,2,SUVISNO,SKLADISTE,"S X 10.14 Mojave, Mac OS X 10.4 Tiger, Mac OS X 10.5 Leopard, Mac OS X 10.6 Snow Leopard, Mac OS X 10.7 Lion, Mac OS X 10.8 Mountain Lion, Mac OS X 10.9 Mavericks",[],"[{""start"": 3213, ""end"": 3231, ""label"": ""SKLADISTE"", ""text"": ""Mac OS X 10.7 Lion""}]",[]
K0983,903,body,2,SUVISNO,SKLADISTE,"c OS X 10.4 Tiger, Mac OS X 10.5 Leopard, Mac OS X 10.6 Snow Leopard, Mac OS X 10.7 Lion, Mac OS X 10.8 Mountain Lion, Mac OS X 10.9 Mavericks",[],"[{""start"": 3233, ""end"": 3260, ""label"": ""SKLADISTE"", ""text"": ""Mac OS X 10.8 Mountain Lion""}]",[]
K0984,903,body,2,SUVISNO,SKLADISTE,"0.5 Leopard, Mac OS X 10.6 Snow Leopard, Mac OS X 10.7 Lion, Mac OS X 10.8 Mountain Lion, Mac OS X 10.9 Mavericks",[],"[{""start"": 3262, ""end"": 3285, ""label"": ""SKLADISTE"", ""text"": ""Mac OS X 10.9 Mavericks""}]",[]
K0985,907,body,4,FRAGMENTACIJA,SKLADISTE,"FISKALNI RACUN I GARANCIJA 3 GODINE!

Brend
TwinMOS

Kapacitet
128GB, 256GB, 512GB, 1TB, 2TB

Kompatibilni OS
Linux 2.4+, Mac 10.1+, Windows 10, Windows 7, Windows ME, Windows Vista,","[{""start"": 63, ""end"": 92, ""label"": ""SKLADISTE"", ""text"": ""128GB, 256GB, 512GB, 1TB, 2TB""}]","[{""start"": 63, ""end"": 68, ""label"": ""SKLADISTE"", ""text"": ""128GB""}, {""start"": 70, ""end"": 75, ""label"": ""SKLADISTE"", ""text"": ""256GB""}, {""start"": 77, ""end"": 82, ""label"": ""SKLADISTE"", ""text"": ""512GB""}, {""start"": 84, ""end"": 87, ""label"": ""SKLADISTE"", ""text"": ""1TB""}, {""start"": 89, ""end"": 92, ""label"": ""SKLADISTE"", ""text"": ""2TB""}]",[]
K0986,907,body,4,FRAGMENTACIJA,SKLADISTE,"ANCIJA 3 GODINE!

Brend
TwinMOS

Kapacitet
128GB, 256GB, 512GB, 1TB, 2TB

Kompatibilni OS
Linux 2.4+, Mac 10.1+, Windows 10, Windows 7, Windows ME, Windows Vista, Windows XP, Windows® 2000

Format
M.2 2280

Interface
PCIe Gen 3.0×4

Brzina citanja
Up to 3550 MB/s

Brzina upisa
","[{""start"": 110, ""end"": 208, ""label"": ""SKLADISTE"", ""text"": ""Linux 2.4+, Mac 10.1+, Windows 10, Windows 7, Windows ME, Windows Vista, Windows XP, Windows® 2000""}]","[{""start"": 110, ""end"": 120, ""label"": ""SKLADISTE"", ""text"": ""Linux 2.4+""}, {""start"": 122, ""end"": 131, ""label"": ""SKLADISTE"", ""text"": ""Mac 10.1+""}, {""start"": 133, ""end"": 143, ""label"": ""SKLADISTE"", ""text"": ""Windows 10""}, {""start"": 145, ""end"": 154, ""label"": ""SKLADISTE"", ""text"": ""Windows 7""}, {""start"": 156, ""end"": 166, ""label"": ""SKLADISTE"", ""text"": ""Windows ME""}, {""start"": 168, ""end"": 181, ""label"": ""SKLADISTE"", ""text"": ""Windows Vista""}, {""start"": 183, ""end"": 193, ""label"": ""SKLADISTE"", ""text"": ""Windows XP""}, {""start"": 195, ""end"": 208, ""label"": ""SKLADISTE"", ""text"": ""Windows® 2000""}]",[]
K0987,907,body,4,FRAGMENTACIJA,SKLADISTE,"rzina citanja (4K file)
Up to 260 MB/s

Brzina upisa (4K file)
Up to 270 MB/s

Cache Size
2 GB (only in 2 TB Varient)

Boja
Black

NAND Flash brend
Micron/ Hynix

NAND tip
TLC 3D NAND

SSD Controller Brand
S","[{""start"": 405, ""end"": 432, ""label"": ""SKLADISTE"", ""text"": ""2 GB (only in 2 TB Varient)""}]","[{""start"": 405, ""end"": 409, ""label"": ""SKLADISTE"", ""text"": ""2 GB""}, {""start"": 419, ""end"": 423, ""label"": ""SKLADISTE"", ""text"": ""2 TB""}]",[]
K0988,907,body,4,PROPUSTENO,SKLADISTE,"MB/s

Brzina upisa (4K file)
Up to 270 MB/s

Cache Size
2 GB (only in 2 TB Varient)

Boja
Black

NAND Flash brend
Micron/ Hynix

NAND tip
TLC 3D NAND

SSD Controller Brand
SMI

Izdrzlji","[{""start"": 439, ""end"": 444, ""label"": ""SKLADISTE"", ""text"": ""Black""}]",[],[]
K0989,907,body,4,FRAGMENTACIJA,SKLADISTE,"ile)
Up to 270 MB/s

Cache Size
2 GB (only in 2 TB Varient)

Boja
Black

NAND Flash brend
Micron/ Hynix

NAND tip
TLC 3D NAND

SSD Controller Brand
SMI

Izdrzljivost
1000 TB or 900 GB/Day

Brid","[{""start"": 463, ""end"": 476, ""label"": ""SKLADISTE"", ""text"": ""Micron/ Hynix""}]","[{""start"": 463, ""end"": 469, ""label"": ""SKLADISTE"", ""text"": ""Micron""}, {""start"": 471, ""end"": 476, ""label"": ""SKLADISTE"", ""text"": ""Hynix""}]",[]
K0990,909,body,3,SUVISNO,SKLADISTE," Kapacitet: 256 GB
✅ Format: M.2 2280
✅ Interfejs: NVMe PCIe
✅ 100% Health
✅ Radili svega nekoliko sati
✅ Testirani, potpuno ispravni i spremni za korišćenje

Dostupni brendovi:

  * Samsung
  ",[],"[{""start"": 156, ""end"": 169, ""label"": ""SKLADISTE"", ""text"": ""nekoliko sati""}]",[]
K0991,910,body,1,PROPUSTENO,SKLADISTE,"eni od 3. 249 din

512GB po ceni od 4. 349 din

1TB po ceni od 6. 949 din

  * pogodni za NAS uređaje, za skladištenje podataka. . .

Na više komada imate popust!

Šifra proizvoda: VH","[{""start"": 230, ""end"": 233, ""label"": ""SKLADISTE"", ""text"": ""NAS""}]",[],[]
K0992,912,body,3,PROPUSTENO,SKLADISTE,"Potpuno novo M.2 kućište za Vaš NVME ili SATA SSD disk sa USB C na USB A kablom!
  * Podržava NVME protoko","[{""start"": 13, ""end"": 16, ""label"": ""SKLADISTE"", ""text"": ""M.2""}]",[],[]
K0993,912,body,3,PROPUSTENO,SKLADISTE,"* Podržava NVME protokol M key i SATA protokol M&B Key SSD
  * Brzina prenosa podataka do 10gbps
  * Podržava M.2 SSD kapaciteta do 2 TB
  * Aluminijumsko kućište - trostruka disipacija ","[{""start"": 173, ""end"": 179, ""label"": ""SKLADISTE"", ""text"": ""10gbps""}]",[],[]
K0994,912,body,3,GRANICA_SIRA,SKLADISTE,"rotokol M&B Key SSD
  * Brzina prenosa podataka do 10gbps
  * Podržava M.2 SSD kapaciteta do 2 TB
  * Aluminijumsko kućište - trostruka disipacija toplote povećava efikasnost hlađenja
  *","[{""start"": 215, ""end"": 219, ""label"": ""SKLADISTE"", ""text"": ""2 TB""}]","[{""start"": 212, ""end"": 219, ""label"": ""SKLADISTE"", ""text"": ""do 2 TB""}]",[]
K0995,912,body,3,PROPUSTENO,SKLADISTE,"jumsko kućište - trostruka disipacija toplote povećava efikasnost hlađenja
  * Priključak USB A 3.1 (kompatibilan sa starijim USB verzijama)
  * USB kabl koji sa jedne strane ima USB tip C ","[{""start"": 321, ""end"": 330, ""label"": ""SKLADISTE"", ""text"": ""USB A 3.1""}]",[],[]
K0996,912,body,3,PROPUSTENO,SKLADISTE," . .
  * Plug&Play
  * Windows, Mac OS, Linux, Chrome OS . . .
U pakovanju dobijate:

  * M.2 SSD kućište
  * A-C kabl
  * Šrafove za pričvršćivanje SSD diska

Trenutno na stanju samo","[{""start"": 604, ""end"": 607, ""label"": ""SKLADISTE"", ""text"": ""M.2""}]",[],[]
K0997,912,title,3,PROPUSTENO,SKLADISTE,NVMe/SATA 2u1 M.2 SSD kućište - USB 3.1 - tip C to tip A,"[{""start"": 32, ""end"": 39, ""label"": ""SKLADISTE"", ""text"": ""USB 3.1""}]",[],[]
K0998,913,body,2,SPAJANJE,SKLADISTE,"FISKALNI RACUN I GARANCIJA 2 GODINE!

SSD Disk 2.5"", kapacitet 1 TB, Interface SATA III (6 Gbps), High-Speed MLC, brzina čitanja 520 MB/s, brzina pisanja 500 MB/s, niska potrošnja

SSD-SATA3-1TB/Top

OP","[{""start"": 79, ""end"": 87, ""label"": ""SKLADISTE"", ""text"": ""SATA III""}, {""start"": 89, ""end"": 95, ""label"": ""SKLADISTE"", ""text"": ""6 Gbps""}, {""start"": 109, ""end"": 112, ""label"": ""SKLADISTE"", ""text"": ""MLC""}]","[{""start"": 79, ""end"": 112, ""label"": ""SKLADISTE"", ""text"": ""SATA III (6 Gbps), High-Speed MLC""}]",[]
K0999,913,title,2,SUVISNO,SKLADISTE,"INTENSO SSD Disk 2.5"" sata III 1TB top SSD-SATA3-1TB/Top",[],"[{""start"": 0, ""end"": 7, ""label"": ""SKLADISTE"", ""text"": ""INTENSO""}]",[]
K1000,914,body,4,SUVISNO,SKLADISTE," i potpuno ispravni NVME diskovi kapaciteta 256gb za laptop i desktop raznih proizvodjaca Samsung, WD, SK Hynix, Gigabyte, Intel.

Cene 2300-3500din

Vise modela SSD diskova 2.5"" sa dobri",[],"[{""start"": 99, ""end"": 106, ""label"": ""SKLADISTE"", ""text"": ""Samsung""}]",[]
K1001,914,body,4,SUVISNO,SKLADISTE,"o ispravni NVME diskovi kapaciteta 256gb za laptop i desktop raznih proizvodjaca Samsung, WD, SK Hynix, Gigabyte, Intel.

Cene 2300-3500din

Vise modela SSD diskova 2.5"" sa dobrim he",[],"[{""start"": 108, ""end"": 110, ""label"": ""SKLADISTE"", ""text"": ""WD""}]",[]
K1002,914,body,4,SUVISNO,SKLADISTE,"pravni NVME diskovi kapaciteta 256gb za laptop i desktop raznih proizvodjaca Samsung, WD, SK Hynix, Gigabyte, Intel.

Cene 2300-3500din

Vise modela SSD diskova 2.5"" sa dobrim heltom i mal",[],"[{""start"": 112, ""end"": 120, ""label"": ""SKLADISTE"", ""text"": ""SK Hynix""}]",[]
K1003,914,body,4,SUVISNO,SKLADISTE,"E diskovi kapaciteta 256gb za laptop i desktop raznih proizvodjaca Samsung, WD, SK Hynix, Gigabyte, Intel.

Cene 2300-3500din

Vise modela SSD diskova 2.5"" sa dobrim heltom i malo radnih d",[],"[{""start"": 122, ""end"": 130, ""label"": ""SKLADISTE"", ""text"": ""Gigabyte""}]",[]
K1004,914,body,4,SUVISNO,SKLADISTE,"kapaciteta 256gb za laptop i desktop raznih proizvodjaca Samsung, WD, SK Hynix, Gigabyte, Intel.

Cene 2300-3500din

Vise modela SSD diskova 2.5"" sa dobrim heltom i malo radnih dana.

S",[],"[{""start"": 132, ""end"": 137, ""label"": ""SKLADISTE"", ""text"": ""Intel""}]",[]
K1005,914,body,4,SUVISNO,SKLADISTE,"l.

Cene 2300-3500din

Vise modela SSD diskova 2.5"" sa dobrim heltom i malo radnih dana.

Samsung, Micron, San Disk, A Data, Kingston

Cene se krecu od 2500din do 3000din
M.2 sata 256gb 2",[],"[{""start"": 226, ""end"": 233, ""label"": ""SKLADISTE"", ""text"": ""Samsung""}]",[]
K1006,914,body,4,SUVISNO,SKLADISTE,"2300-3500din

Vise modela SSD diskova 2.5"" sa dobrim heltom i malo radnih dana.

Samsung, Micron, San Disk, A Data, Kingston

Cene se krecu od 2500din do 3000din
M.2 sata 256gb 2500 do 3",[],"[{""start"": 235, ""end"": 241, ""label"": ""SKLADISTE"", ""text"": ""Micron""}]",[]
K1007,914,body,4,SUVISNO,SKLADISTE,"0din

Vise modela SSD diskova 2.5"" sa dobrim heltom i malo radnih dana.

Samsung, Micron, San Disk, A Data, Kingston

Cene se krecu od 2500din do 3000din
M.2 sata 256gb 2500 do 3000",[],"[{""start"": 243, ""end"": 251, ""label"": ""SKLADISTE"", ""text"": ""San Disk""}]",[]
K1008,914,body,4,SUVISNO,SKLADISTE," modela SSD diskova 2.5"" sa dobrim heltom i malo radnih dana.

Samsung, Micron, San Disk, A Data, Kingston

Cene se krecu od 2500din do 3000din
M.2 sata 256gb 2500 do 3000",[],"[{""start"": 253, ""end"": 259, ""label"": ""SKLADISTE"", ""text"": ""A Data""}]",[]
K1009,914,body,4,SUVISNO,SKLADISTE,"SSD diskova 2.5"" sa dobrim heltom i malo radnih dana.

Samsung, Micron, San Disk, A Data, Kingston

Cene se krecu od 2500din do 3000din
M.2 sata 256gb 2500 do 3000",[],"[{""start"": 261, ""end"": 269, ""label"": ""SKLADISTE"", ""text"": ""Kingston""}]",[]
K1010,914,body,4,GRANICA_UZA,CENA,"im heltom i malo radnih dana.

Samsung, Micron, San Disk, A Data, Kingston

Cene se krecu od 2500din do 3000din
M.2 sata 256gb 2500 do 3000","[{""start"": 285, ""end"": 306, ""label"": ""CENA"", ""text"": ""od 2500din do 3000din""}]","[{""start"": 288, ""end"": 306, ""label"": ""CENA"", ""text"": ""2500din do 3000din""}]",[]
K1011,914,title,4,GRANICA_SIRA,SKLADISTE,"NVME 256gb gen3 x4 kao novi Samsung,Hynix,WD","[{""start"": 0, ""end"": 15, ""label"": ""SKLADISTE"", ""text"": ""NVME 256gb gen3""}]","[{""start"": 0, ""end"": 18, ""label"": ""SKLADISTE"", ""text"": ""NVME 256gb gen3 x4""}]",[]
K1012,914,title,4,SUVISNO,SKLADISTE,"NVME 256gb gen3 x4 kao novi Samsung,Hynix,WD",[],"[{""start"": 28, ""end"": 35, ""label"": ""SKLADISTE"", ""text"": ""Samsung""}]",[]
K1013,914,title,4,SUVISNO,SKLADISTE,"NVME 256gb gen3 x4 kao novi Samsung,Hynix,WD",[],"[{""start"": 36, ""end"": 41, ""label"": ""SKLADISTE"", ""text"": ""Hynix""}]",[]
K1014,914,title,4,SUVISNO,SKLADISTE,"NVME 256gb gen3 x4 kao novi Samsung,Hynix,WD",[],"[{""start"": 42, ""end"": 44, ""label"": ""SKLADISTE"", ""text"": ""WD""}]",[]
K1015,916,body,2,SUVISNO,SKLADISTE,"ska brzina od 40 Gbps〗Brzina prenosa ovog NVMe kućišta je do 40 Gbps. Nakon instaliranja NVMe SSD-a, brzina čitanja i pisanja može dostići 3100 MB/s. Prenosite velike 3G datoteke u r",[],"[{""start"": 682, ""end"": 686, ""label"": ""SKLADISTE"", ""text"": ""NVMe""}]",[]
K1016,916,body,2,PROPUSTENO,SKLADISTE,"išta je do 40 Gbps. Nakon instaliranja NVMe SSD-a, brzina čitanja i pisanja može dostići 3100 MB/s. Prenosite velike 3G datoteke u roku od 1 sekunde, brže od većine internih diskova. Tako","[{""start"": 733, ""end"": 742, ""label"": ""SKLADISTE"", ""text"": ""3100 MB/s""}]",[],[]
K1017,916,body,2,SUVISNO,SKLADISTE,"aluminijumskim i silikonskim hladnjačkim pločicama, višestruka kombinacija hlađenja hladi M.2 SSD na bezbednu temperaturu, izbegavajući pregrevanje i nižu brzinu, čime se poboljšavaj",[],"[{""start"": 1412, ""end"": 1415, ""label"": ""SKLADISTE"", ""text"": ""M.2""}]",[]
K1018,916,body,2,FRAGMENTACIJA,SKLADISTE,"rmanse SSD-a
〖Široka kompatibilnost〗Instalacija bez alata, kućište m.2 NVMe SSD podržava M-Key 2230/2242/2260/2280 NVMe SSD diskove do 4TB i kompatibilno je sa Mac, Windows i Linux sistemim","[{""start"": 1602, ""end"": 1612, ""label"": ""SKLADISTE"", ""text"": ""M-Key 2230""}]","[{""start"": 1602, ""end"": 1607, ""label"": ""SKLADISTE"", ""text"": ""M-Key""}, {""start"": 1608, ""end"": 1612, ""label"": ""SKLADISTE"", ""text"": ""2230""}]",[]
K1019,916,body,2,FRAGMENTACIJA,SKLADISTE,"kompatibilnost〗Instalacija bez alata, kućište m.2 NVMe SSD podržava M-Key 2230/2242/2260/2280 NVMe SSD diskove do 4TB i kompatibilno je sa Mac, Windows i Linux sistemima. Uključi i koristi","[{""start"": 1623, ""end"": 1632, ""label"": ""SKLADISTE"", ""text"": ""2280 NVMe""}]","[{""start"": 1623, ""end"": 1627, ""label"": ""SKLADISTE"", ""text"": ""2280""}, {""start"": 1628, ""end"": 1632, ""label"": ""SKLADISTE"", ""text"": ""NVMe""}]",[]
K1020,917,body,4,GRANICA_SIRA,SKLADISTE,"4 SSD u kutiji  otpakovan - 220 EUR
Sabrent Rocket 4 Plus NVMe 4TB Gen4 u metalnoj kutiji Graphene hladjenje  otpakovan - 380 EUR
Crucial MX500 2TB SATA SSD u kutiji otpakovan - 160 EUR
Crucial BX50","[{""start"": 539, ""end"": 547, ""label"": ""SKLADISTE"", ""text"": ""Graphene""}]","[{""start"": 539, ""end"": 557, ""label"": ""SKLADISTE"", ""text"": ""Graphene hladjenje""}]",[]
K1021,917,body,4,FRAGMENTACIJA,SKLADISTE,"2TB SATA SSD nov neotpakovan - 160 EUR
Crucial T705 Gen5 1TB NVMe SSD otpakovan - 170 EUR
WD Black SN850X 2TB Gen4 NVMe SSD + DRAM kesiranje bez kutije - 240 EUR
Kingston 1TB NV3 NVMe Gen4 bez kutije + heatsink i domaca garancija ","[{""start"": 739, ""end"": 789, ""label"": ""SKLADISTE"", ""text"": ""WD Black SN850X 2TB Gen4 NVMe SSD + DRAM kesiranje""}]","[{""start"": 739, ""end"": 768, ""label"": ""SKLADISTE"", ""text"": ""WD Black SN850X 2TB Gen4 NVMe""}, {""start"": 775, ""end"": 789, ""label"": ""SKLADISTE"", ""text"": ""DRAM kesiranje""}]",[]
K1022,917,body,4,GRANICA_SIRA,CENA,"ez kutije - 240 EUR
Kingston 1TB NV3 NVMe Gen4 bez kutije + heatsink i domaca garancija - 14500 DIN.
ADATA Legend 800 1TB NVMe Gen4 with heatsink u kutiji - 130 EUR
ADATA Legend 850 Lite 2TB","[{""start"": 881, ""end"": 890, ""label"": ""CENA"", ""text"": ""14500 DIN""}]","[{""start"": 881, ""end"": 891, ""label"": ""CENA"", ""text"": ""14500 DIN.""}]",[]
K1023,917,body,4,FRAGMENTACIJA,SKLADISTE," 240 EUR
Kingston 1TB NV3 NVMe Gen4 bez kutije + heatsink i domaca garancija - 14500 DIN.
ADATA Legend 800 1TB NVMe Gen4 with heatsink u kutiji - 130 EUR
ADATA Legend 850 Lite 2TB Gen4 with heatsink u kutiji - 210 EUR
Lexar ","[{""start"": 892, ""end"": 936, ""label"": ""SKLADISTE"", ""text"": ""ADATA Legend 800 1TB NVMe Gen4 with heatsink""}]","[{""start"": 892, ""end"": 922, ""label"": ""SKLADISTE"", ""text"": ""ADATA Legend 800 1TB NVMe Gen4""}, {""start"": 928, ""end"": 936, ""label"": ""SKLADISTE"", ""text"": ""heatsink""}]",[]
K1024,917,body,4,FRAGMENTACIJA,SKLADISTE,"ca garancija - 14500 DIN.
ADATA Legend 800 1TB NVMe Gen4 with heatsink u kutiji - 130 EUR
ADATA Legend 850 Lite 2TB Gen4 with heatsink u kutiji - 210 EUR
Lexar NM620 2TB Gen3 novi neotpakovani - 180 EUR
WD Green 500GB Gen 4 ","[{""start"": 956, ""end"": 1000, ""label"": ""SKLADISTE"", ""text"": ""ADATA Legend 850 Lite 2TB Gen4 with heatsink""}]","[{""start"": 956, ""end"": 986, ""label"": ""SKLADISTE"", ""text"": ""ADATA Legend 850 Lite 2TB Gen4""}, {""start"": 992, ""end"": 1000, ""label"": ""SKLADISTE"", ""text"": ""heatsink""}]",[]
K1025,917,body,4,FRAGMENTACIJA,SKLADISTE,"R
Lexar NM620 2TB Gen3 novi neotpakovani - 180 EUR
WD Green 500GB Gen 4 u kutiji - 60 EUR
Silicon Power GEN4 NVMe SSD UD90 250GB neotpakovan - 40 EUR
Silicon Power SATA3 SSD A55 512GB neotpakovan - 55 EUR
Silicon Power","[{""start"": 1108, ""end"": 1146, ""label"": ""SKLADISTE"", ""text"": ""Silicon Power GEN4 NVMe SSD UD90 250GB""}]","[{""start"": 1108, ""end"": 1131, ""label"": ""SKLADISTE"", ""text"": ""Silicon Power GEN4 NVMe""}, {""start"": 1136, ""end"": 1146, ""label"": ""SKLADISTE"", ""text"": ""UD90 250GB""}]",[]
K1026,917,body,4,FRAGMENTACIJA,SKLADISTE,"500GB Gen 4 u kutiji - 60 EUR
Silicon Power GEN4 NVMe SSD UD90 250GB neotpakovan - 40 EUR
Silicon Power SATA3 SSD A55 512GB neotpakovan - 55 EUR
Silicon Power SATA3 SSD A55 2TB neotpakovan - 160 EUR
Sekcija otpako","[{""start"": 1168, ""end"": 1201, ""label"": ""SKLADISTE"", ""text"": ""Silicon Power SATA3 SSD A55 512GB""}]","[{""start"": 1168, ""end"": 1187, ""label"": ""SKLADISTE"", ""text"": ""Silicon Power SATA3""}, {""start"": 1192, ""end"": 1201, ""label"": ""SKLADISTE"", ""text"": ""A55 512GB""}]",[]
K1027,917,body,4,FRAGMENTACIJA,SKLADISTE,"SD UD90 250GB neotpakovan - 40 EUR
Silicon Power SATA3 SSD A55 512GB neotpakovan - 55 EUR
Silicon Power SATA3 SSD A55 2TB neotpakovan - 160 EUR
Sekcija otpakovanih, kratko koriscenih modela bez kutija!
Kingston ","[{""start"": 1223, ""end"": 1254, ""label"": ""SKLADISTE"", ""text"": ""Silicon Power SATA3 SSD A55 2TB""}]","[{""start"": 1223, ""end"": 1242, ""label"": ""SKLADISTE"", ""text"": ""Silicon Power SATA3""}, {""start"": 1247, ""end"": 1254, ""label"": ""SKLADISTE"", ""text"": ""A55 2TB""}]",[]
K1028,917,body,4,SUVISNO,SKLADISTE,"60 EUR
Sekcija otpakovanih, kratko koriscenih modela bez kutija!
Kingston 1TB NV3 Gen4 sa heatsinkom - 13500 din.
Kingston 1TB NV2 bez kutije - 12000 din.
SK Hynix 1TB Gen4 - kao nov - 14500",[],"[{""start"": 1360, ""end"": 1370, ""label"": ""SKLADISTE"", ""text"": ""heatsinkom""}]",[]
K1029,917,body,4,GRANICA_SIRA,CENA,"a otpakovanih, kratko koriscenih modela bez kutija!
Kingston 1TB NV3 Gen4 sa heatsinkom - 13500 din.
Kingston 1TB NV2 bez kutije - 12000 din.
SK Hynix 1TB Gen4 - kao nov - 14500 din.
Micron ","[{""start"": 1373, ""end"": 1382, ""label"": ""CENA"", ""text"": ""13500 din""}]","[{""start"": 1373, ""end"": 1383, ""label"": ""CENA"", ""text"": ""13500 din.""}]",[]
K1030,917,body,4,GRANICA_SIRA,CENA,"ez kutija!
Kingston 1TB NV3 Gen4 sa heatsinkom - 13500 din.
Kingston 1TB NV2 bez kutije - 12000 din.
SK Hynix 1TB Gen4 - kao nov - 14500 din.
Micron Pyrite 1TB Gen4 2242 format - kao nov - 1","[{""start"": 1414, ""end"": 1423, ""label"": ""CENA"", ""text"": ""12000 din""}]","[{""start"": 1414, ""end"": 1424, ""label"": ""CENA"", ""text"": ""12000 din.""}]",[]
K1031,917,body,4,GRANICA_SIRA,CENA,"inkom - 13500 din.
Kingston 1TB NV2 bez kutije - 12000 din.
SK Hynix 1TB Gen4 - kao nov - 14500 din.
Micron Pyrite 1TB Gen4 2242 format - kao nov - 14500 din.
Samsung 1TB 980 Pro with Heatsi","[{""start"": 1455, ""end"": 1464, ""label"": ""CENA"", ""text"": ""14500 din""}]","[{""start"": 1455, ""end"": 1465, ""label"": ""CENA"", ""text"": ""14500 din.""}]",[]
K1032,917,body,4,GRANICA_SIRA,SKLADISTE,"00 din.
Kingston 1TB NV2 bez kutije - 12000 din.
SK Hynix 1TB Gen4 - kao nov - 14500 din.
Micron Pyrite 1TB Gen4 2242 format - kao nov - 14500 din.
Samsung 1TB 980 Pro with Heatsink integrated Gen4 - 160 EUR

WD Bl","[{""start"": 1466, ""end"": 1493, ""label"": ""SKLADISTE"", ""text"": ""Micron Pyrite 1TB Gen4 2242""}]","[{""start"": 1466, ""end"": 1500, ""label"": ""SKLADISTE"", ""text"": ""Micron Pyrite 1TB Gen4 2242 format""}]",[]
K1033,917,body,4,GRANICA_SIRA,CENA,".
SK Hynix 1TB Gen4 - kao nov - 14500 din.
Micron Pyrite 1TB Gen4 2242 format - kao nov - 14500 din.
Samsung 1TB 980 Pro with Heatsink integrated Gen4 - 160 EUR

WD Black SN850X 2TB Gen4 NVM","[{""start"": 1513, ""end"": 1522, ""label"": ""CENA"", ""text"": ""14500 din""}]","[{""start"": 1513, ""end"": 1523, ""label"": ""CENA"", ""text"": ""14500 din.""}]",[]
K1034,917,body,4,FRAGMENTACIJA,SKLADISTE,"1TB Gen4 - kao nov - 14500 din.
Micron Pyrite 1TB Gen4 2242 format - kao nov - 14500 din.
Samsung 1TB 980 Pro with Heatsink integrated Gen4 - 160 EUR

WD Black SN850X 2TB Gen4 NVMe SSD + DRAM kesiranje bez kutije - 240 EUR

WD Bl","[{""start"": 1524, ""end"": 1573, ""label"": ""SKLADISTE"", ""text"": ""Samsung 1TB 980 Pro with Heatsink integrated Gen4""}]","[{""start"": 1524, ""end"": 1543, ""label"": ""SKLADISTE"", ""text"": ""Samsung 1TB 980 Pro""}, {""start"": 1549, ""end"": 1573, ""label"": ""SKLADISTE"", ""text"": ""Heatsink integrated Gen4""}]",[]
K1035,917,body,4,FRAGMENTACIJA,SKLADISTE,"ormat - kao nov - 14500 din.
Samsung 1TB 980 Pro with Heatsink integrated Gen4 - 160 EUR

WD Black SN850X 2TB Gen4 NVMe SSD + DRAM kesiranje bez kutije - 240 EUR

WD Black SN850P 2TB Gen4 PS5 certified NVMe SSD + DRAM kesiranje be","[{""start"": 1585, ""end"": 1635, ""label"": ""SKLADISTE"", ""text"": ""WD Black SN850X 2TB Gen4 NVMe SSD + DRAM kesiranje""}]","[{""start"": 1585, ""end"": 1614, ""label"": ""SKLADISTE"", ""text"": ""WD Black SN850X 2TB Gen4 NVMe""}, {""start"": 1621, ""end"": 1635, ""label"": ""SKLADISTE"", ""text"": ""DRAM kesiranje""}]",[]
K1036,917,body,4,FRAGMENTACIJA,SKLADISTE," Gen4 - 160 EUR

WD Black SN850X 2TB Gen4 NVMe SSD + DRAM kesiranje bez kutije - 240 EUR

WD Black SN850P 2TB Gen4 PS5 certified NVMe SSD + DRAM kesiranje bez kutije - 260 EUR","[{""start"": 1658, ""end"": 1722, ""label"": ""SKLADISTE"", ""text"": ""WD Black SN850P 2TB Gen4 PS5 certified NVMe SSD + DRAM kesiranje""}]","[{""start"": 1658, ""end"": 1701, ""label"": ""SKLADISTE"", ""text"": ""WD Black SN850P 2TB Gen4 PS5 certified NVMe""}, {""start"": 1708, ""end"": 1722, ""label"": ""SKLADISTE"", ""text"": ""DRAM kesiranje""}]",[]
K1037,917,title,4,FRAGMENTACIJA,SKLADISTE,"Razni NVME + SATA SSDovi - svi na stanju, ODMAH!","[{""start"": 6, ""end"": 17, ""label"": ""SKLADISTE"", ""text"": ""NVME + SATA""}]","[{""start"": 6, ""end"": 10, ""label"": ""SKLADISTE"", ""text"": ""NVME""}, {""start"": 13, ""end"": 17, ""label"": ""SKLADISTE"", ""text"": ""SATA""}]",[]
K1038,920,body,2,SPAJANJE,SKLADISTE,"BMP600PLPW

Osnovne karakteristike

Tip SSD
Format M.2 2280
Kapacitet diska 2TB
Interfejs PCI Express 4.0 x4 (NVMe)
Sekvencionalno čitanje 7.100MB/s
Sekvencionalan upis 6.800MB/s

Ostale karakteristike
Ser","[{""start"": 154, ""end"": 172, ""label"": ""SKLADISTE"", ""text"": ""PCI Express 4.0 x4""}, {""start"": 174, ""end"": 178, ""label"": ""SKLADISTE"", ""text"": ""NVMe""}]","[{""start"": 154, ""end"": 179, ""label"": ""SKLADISTE"", ""text"": ""PCI Express 4.0 x4 (NVMe)""}]",[]
K1039,920,body,2,SPAJANJE,SKLADISTE,"

Ostale karakteristike
Serija MP600 PRO LP
Tip memorije 3D TLC NAND
Podržane tehnologije NVMe, PCIe 4.0 x4
Hladnjak Low-profile aluminijumski heatsink
Kompatibilnost Desktop računari i konzole sa ","[{""start"": 332, ""end"": 336, ""label"": ""SKLADISTE"", ""text"": ""NVMe""}, {""start"": 338, ""end"": 349, ""label"": ""SKLADISTE"", ""text"": ""PCIe 4.0 x4""}]","[{""start"": 332, ""end"": 349, ""label"": ""SKLADISTE"", ""text"": ""NVMe, PCIe 4.0 x4""}]",[]
K1040,920,body,2,SUVISNO,SKLADISTE,"ija MP600 PRO LP
Tip memorije 3D TLC NAND
Podržane tehnologije NVMe, PCIe 4.0 x4
Hladnjak Low-profile aluminijumski heatsink
Kompatibilnost Desktop računari i konzole sa PCIe 4.0 podrškom
Namena Visoke performanse ",[],"[{""start"": 359, ""end"": 393, ""label"": ""SKLADISTE"", ""text"": ""Low-profile aluminijumski heatsink""}]",[]
K1041,922,body,4,GRANICA_UZA,SKLADISTE,"KINGSTON 4TB M.2 NVMe SNV3S/4000G series NV3 SSD

Osnovne karakteristike
Tip: SSD
Format: M.2 2280
Kapacitet diska: 4TB
Interfejs: PCI Exp","[{""start"": 0, ""end"": 48, ""label"": ""SKLADISTE"", ""text"": ""KINGSTON 4TB M.2 NVMe SNV3S/4000G series NV3 SSD""}]","[{""start"": 0, ""end"": 44, ""label"": ""SKLADISTE"", ""text"": ""KINGSTON 4TB M.2 NVMe SNV3S/4000G series NV3""}]",[]
K1042,922,body,4,PROPUSTENO,SKLADISTE,"KINGSTON 4TB M.2 NVMe SNV3S/4000G series NV3 SSD

Osnovne karakteristike
Tip: SSD
Format: M.2 2280
Kapacitet diska: 4TB
Interfejs: PCI Express 4.0 x4 NVMe
Sekvencionalno č","[{""start"": 78, ""end"": 81, ""label"": ""SKLADISTE"", ""text"": ""SSD""}]",[],[]
K1043,922,body,4,SUVISNO,SKLADISTE," do 1.000.000 IOPS
MTBF: 2.000.000 sati
Napomena: Pogodan za desktop i laptop računare sa M.2 PCIe NVMe slotom

Fizičke karakteristike
Dimenzije: 80mm x 22mm x 2.3mm
Debljina: 2.3mm
Masa: 7g

R",[],"[{""start"": 469, ""end"": 482, ""label"": ""SKLADISTE"", ""text"": ""M.2 PCIe NVMe""}]",[]
K1044,922,title,4,GRANICA_UZA,SKLADISTE,KINGSTON 4TB M.2 NVMe SNV3S/4000G series NV3 SSD,"[{""start"": 0, ""end"": 48, ""label"": ""SKLADISTE"", ""text"": ""KINGSTON 4TB M.2 NVMe SNV3S/4000G series NV3 SSD""}]","[{""start"": 0, ""end"": 44, ""label"": ""SKLADISTE"", ""text"": ""KINGSTON 4TB M.2 NVMe SNV3S/4000G series NV3""}]",[]
K1045,923,body,1,PROPUSTENO,SKLADISTE,"atno povećava njegovu pouzdanost i performanse, čineći ga savršenim rešenjem za servere i NAS uređaje.
Kupovinom Seagate Hard diska IronWolf Pro 16TB u IT Shop-u u Beogradu dobijate n","[{""start"": 1524, ""end"": 1527, ""label"": ""SKLADISTE"", ""text"": ""NAS""}]",[],[]
K1046,925,body,1,SUVISNO,SKLADISTE,"x M.2 NVMe SSD-a ne mogu da rade punom brzinom istovremeno
Hardverska platforma: Podržava Soft RAID na Intel/AMD platformi, ne podržava Mac Pro 5.1 (Napomena: Da biste podesili Intelov RAID",[],"[{""start"": 923, ""end"": 932, ""label"": ""SKLADISTE"", ""text"": ""Soft RAID""}]",[]
K1047,926,body,4,SUVISNO,SKLADISTE,ispravan 96&,[],"[{""start"": 9, ""end"": 12, ""label"": ""SKLADISTE"", ""text"": ""96&""}]",[]
K1048,926,title,4,FRAGMENTACIJA,SKLADISTE,512GB SSD NVMe 2280 polovan ispravan WD #11049,"[{""start"": 0, ""end"": 19, ""label"": ""SKLADISTE"", ""text"": ""512GB SSD NVMe 2280""}]","[{""start"": 0, ""end"": 5, ""label"": ""SKLADISTE"", ""text"": ""512GB""}, {""start"": 10, ""end"": 19, ""label"": ""SKLADISTE"", ""text"": ""NVMe 2280""}]",[]
K1049,926,title,4,SUVISNO,SKLADISTE,512GB SSD NVMe 2280 polovan ispravan WD #11049,[],"[{""start"": 37, ""end"": 46, ""label"": ""SKLADISTE"", ""text"": ""WD #11049""}]",[]
K1050,928,body,3,GRANICA_UZA,SKLADISTE,"00 RSD
  * SAMSUNG 4TB M.2 NVMe MZ-V9P4T0CW 990 Pro Series Heatsink SSD – 111.600 RSD
  * SAMSUNG 4TB 2.5 inča SATA III MZ-77E4T0B 870 EVO Series SSD – 114.300 RSD
  * SAMSUNG 4TB M.2 NVMe MZ-V9P4T0BW 990 Pro Series SSD – 117.700 RSD
  * S","[{""start"": 3766, ""end"": 3825, ""label"": ""SKLADISTE"", ""text"": ""SAMSUNG 4TB 2.5 inča SATA III MZ-77E4T0B 870 EVO Series SSD""}]","[{""start"": 3766, ""end"": 3821, ""label"": ""SKLADISTE"", ""text"": ""SAMSUNG 4TB 2.5 inča SATA III MZ-77E4T0B 870 EVO Series""}]",[]
K1051,928,body,3,GRANICA_UZA,SKLADISTE,"600 RSD
  * SAMSUNG 4TB 2.5 inča SATA III MZ-77E4T0B 870 EVO Series SSD – 114.300 RSD
  * SAMSUNG 4TB M.2 NVMe MZ-V9P4T0BW 990 Pro Series SSD – 117.700 RSD
  * SAMSUNG 4TB M.2 NVMe MZ-VAP4T0BW 9100 Pro Series – 121.800 RSD
  * SAMS","[{""start"": 3844, ""end"": 3895, ""label"": ""SKLADISTE"", ""text"": ""SAMSUNG 4TB M.2 NVMe MZ-V9P4T0BW 990 Pro Series SSD""}]","[{""start"": 3844, ""end"": 3891, ""label"": ""SKLADISTE"", ""text"": ""SAMSUNG 4TB M.2 NVMe MZ-V9P4T0BW 990 Pro Series""}]",[]
K1052,929,body,2,FRAGMENTACIJA,SKLADISTE,"STANJE: 4
Detalji o proizvodu:
  1. Podržava sve 2,5/3,5 inča SATA/IDE HDD SDD i 5,25 inča CD/DVD ROM CD-RV, COMBO, DVD-RV. DVD-RAM adapter
  2. Ovaj SATA/IDE n","[{""start"": 53, ""end"": 70, ""label"": ""SKLADISTE"", ""text"": ""3,5 inča SATA/IDE""}]","[{""start"": 53, ""end"": 61, ""label"": ""SKLADISTE"", ""text"": ""3,5 inča""}, {""start"": 62, ""end"": 66, ""label"": ""SKLADISTE"", ""text"": ""SATA""}, {""start"": 67, ""end"": 70, ""label"": ""SKLADISTE"", ""text"": ""IDE""}]",[]
K1053,929,body,2,SUVISNO,SKLADISTE,"TANJE: 4
Detalji o proizvodu:
  1. Podržava sve 2,5/3,5 inča SATA/IDE HDD SDD i 5,25 inča CD/DVD ROM CD-RV, COMBO, DVD-RV. DVD-RAM adapter
  2. Ovaj SATA/IDE na usb adapter podržava ",[],"[{""start"": 91, ""end"": 93, ""label"": ""SKLADISTE"", ""text"": ""CD""}]",[]
K1054,929,body,2,SUVISNO,SKLADISTE,"JE: 4
Detalji o proizvodu:
  1. Podržava sve 2,5/3,5 inča SATA/IDE HDD SDD i 5,25 inča CD/DVD ROM CD-RV, COMBO, DVD-RV. DVD-RAM adapter
  2. Ovaj SATA/IDE na usb adapter podržava brzine p",[],"[{""start"": 94, ""end"": 101, ""label"": ""SKLADISTE"", ""text"": ""DVD ROM""}]",[]
K1055,929,body,2,SUVISNO,SKLADISTE,"talji o proizvodu:
  1. Podržava sve 2,5/3,5 inča SATA/IDE HDD SDD i 5,25 inča CD/DVD ROM CD-RV, COMBO, DVD-RV. DVD-RAM adapter
  2. Ovaj SATA/IDE na usb adapter podržava brzine prenosa",[],"[{""start"": 102, ""end"": 107, ""label"": ""SKLADISTE"", ""text"": ""CD-RV""}]",[]
K1056,929,body,2,SUVISNO,SKLADISTE," proizvodu:
  1. Podržava sve 2,5/3,5 inča SATA/IDE HDD SDD i 5,25 inča CD/DVD ROM CD-RV, COMBO, DVD-RV. DVD-RAM adapter
  2. Ovaj SATA/IDE na usb adapter podržava brzine prenosa do 5Gb",[],"[{""start"": 109, ""end"": 114, ""label"": ""SKLADISTE"", ""text"": ""COMBO""}]",[]
K1057,929,body,2,SUVISNO,SKLADISTE,"odu:
  1. Podržava sve 2,5/3,5 inča SATA/IDE HDD SDD i 5,25 inča CD/DVD ROM CD-RV, COMBO, DVD-RV. DVD-RAM adapter
  2. Ovaj SATA/IDE na usb adapter podržava brzine prenosa do 5Gbps - Stv",[],"[{""start"": 116, ""end"": 122, ""label"": ""SKLADISTE"", ""text"": ""DVD-RV""}]",[]
K1058,929,body,2,SUVISNO,SKLADISTE,". Podržava sve 2,5/3,5 inča SATA/IDE HDD SDD i 5,25 inča CD/DVD ROM CD-RV, COMBO, DVD-RV. DVD-RAM adapter
  2. Ovaj SATA/IDE na usb adapter podržava brzine prenosa do 5Gbps - Stvarna brzi",[],"[{""start"": 124, ""end"": 131, ""label"": ""SKLADISTE"", ""text"": ""DVD-RAM""}]",[]
K1059,929,body,2,SUVISNO,SKLADISTE,"a SATA/IDE HDD SDD i 5,25 inča CD/DVD ROM CD-RV, COMBO, DVD-RV. DVD-RAM adapter
  2. Ovaj SATA/IDE na usb adapter podržava brzine prenosa do 5Gbps - Stvarna brzina prenosa je ograničen",[],"[{""start"": 150, ""end"": 154, ""label"": ""SKLADISTE"", ""text"": ""SATA""}]",[]
K1060,929,body,2,SUVISNO,SKLADISTE,"A/IDE HDD SDD i 5,25 inča CD/DVD ROM CD-RV, COMBO, DVD-RV. DVD-RAM adapter
  2. Ovaj SATA/IDE na usb adapter podržava brzine prenosa do 5Gbps - Stvarna brzina prenosa je ograničena po",[],"[{""start"": 155, ""end"": 158, ""label"": ""SKLADISTE"", ""text"": ""IDE""}]",[]
K1061,929,body,2,SUVISNO,SKLADISTE,"bilan naniže sa USB 1.1/2.0
  3. On/Off prekidač za HDD zaštitu;
  4. DC napajanje 12V za 3.5"" uređaje;
  5. LED indikator aktivnosti, Plug &Plai, jednostavan, pouzdan i stabilan
Paket",[],"[{""start"": 372, ""end"": 376, ""label"": ""SKLADISTE"", ""text"": ""3.5\""""}]",[]
K1062,929,body,2,SUVISNO,SKLADISTE,"or aktivnosti, Plug &Plai, jednostavan, pouzdan i stabilan
Paket uključuje:
1: USB 3.0 na SATA/IDE konverter hard disk adapter
2:1M USB3.0 kabl za prenos podataka
3: veliki 4P do mali ",[],"[{""start"": 492, ""end"": 496, ""label"": ""SKLADISTE"", ""text"": ""SATA""}]",[]
K1063,929,body,2,SUVISNO,SKLADISTE,"tivnosti, Plug &Plai, jednostavan, pouzdan i stabilan
Paket uključuje:
1: USB 3.0 na SATA/IDE konverter hard disk adapter
2:1M USB3.0 kabl za prenos podataka
3: veliki 4P do mali 4P k",[],"[{""start"": 497, ""end"": 500, ""label"": ""SKLADISTE"", ""text"": ""IDE""}]",[]
K1064,929,body,2,SUVISNO,SKLADISTE," veliki 4P do mali 4P kabl za napajanje 12V DC adapter za napajanje. (12V DC napajanje za 3,5"" uređaje)

                          ⚜️ ODGOVORI NA PITANJA ⚜️
☎️ PON-PET Poziv od 10h do ",[],"[{""start"": 657, ""end"": 661, ""label"": ""SKLADISTE"", ""text"": ""3,5\""""}]",[]
K1065,929,title,2,SUVISNO,SKLADISTE,RACK ZA SVE HDD SSD SATA IDE USB 3.0 2.5 3.5 Hard Disk,[],"[{""start"": 20, ""end"": 24, ""label"": ""SKLADISTE"", ""text"": ""SATA""}]",[]
K1066,929,title,2,SUVISNO,SKLADISTE,RACK ZA SVE HDD SSD SATA IDE USB 3.0 2.5 3.5 Hard Disk,[],"[{""start"": 25, ""end"": 28, ""label"": ""SKLADISTE"", ""text"": ""IDE""}]",[]
K1067,931,body,3,GRANICA_SIRA,SKLADISTE,"ličina ekrana 10.4 "" Rezolucija ekrana 2000 k 1200 piksela Memorija Memorija 3 GB RAM-a / 32 GB ROM-a Proširenje memorije microSDKSC General Utor za memorijsku karticu microSDKSC Operativni s","[{""start"": 632, ""end"": 637, ""label"": ""SKLADISTE"", ""text"": ""32 GB""}]","[{""start"": 632, ""end"": 643, ""label"": ""SKLADISTE"", ""text"": ""32 GB ROM-a""}]",[]
K1068,931,body,3,SUVISNO,SKLADISTE,ekrana 2000 k 1200 piksela Memorija Memorija 3 GB RAM-a / 32 GB ROM-a Proširenje memorije microSDKSC General Utor za memorijsku karticu microSDKSC Operativni sistem Android 10 Prenos podatak,[],"[{""start"": 664, ""end"": 674, ""label"": ""SKLADISTE"", ""text"": ""microSDKSC""}]",[]
K1069,931,body,3,SUVISNO,SKLADISTE," GB RAM-a / 32 GB ROM-a Proširenje memorije microSDKSC General Utor za memorijsku karticu microSDKSC Operativni sistem Android 10 Prenos podataka ViFi, Bluetooth Konektor USB tip C, bežični ",[],"[{""start"": 710, ""end"": 720, ""label"": ""SKLADISTE"", ""text"": ""microSDKSC""}]",[]
K1070,933,body,1,GRANICA_UZA,SKLADISTE,"Veličina ekrana 11 "" Rezolucija ekrana 2560 k 1600 piksela Memorija Memorija 6 GB RAM-a / 128 GB ROM-a Proširenje memorije MicroSD General Utor za memorijsku karticu microSD Operativni sistem ","[{""start"": 658, ""end"": 670, ""label"": ""SKLADISTE"", ""text"": ""128 GB ROM-a""}]","[{""start"": 658, ""end"": 664, ""label"": ""SKLADISTE"", ""text"": ""128 GB""}]",[]
K1071,936,body,1,SUVISNO,CPU,"Osvetljenost ekrana320 cd/m²
Tip visoke definicije (HD)WUXGA
Procesor
Proizvođač procesoraUnisoc
ProcesorT610
Takt procesora1,82 GHz
Jezgra procesora8
Memorija
Interna memorija4 GB
Vrsta",[],"[{""start"": 557, ""end"": 563, ""label"": ""CPU"", ""text"": ""Unisoc""}]",[]
K1072,936,body,1,GRANICA_SIRA,CPU,"inicije (HD)WUXGA
Procesor
Proizvođač procesoraUnisoc
ProcesorT610
Takt procesora1,82 GHz
Jezgra procesora8
Memorija
Interna memorija4 GB
Vrsta interne memorijeLPDDR4x-SDRAM
Maksimalna veličina int","[{""start"": 616, ""end"": 617, ""label"": ""CPU"", ""text"": ""8""}]","[{""start"": 600, ""end"": 617, ""label"": ""CPU"", ""text"": ""Jezgra procesora8""}]",[]
K1073,936,body,1,GRANICA_SIRA,RAM,"2 GHz
Jezgra procesora8
Memorija
Interna memorija4 GB
Vrsta interne memorijeLPDDR4x-SDRAM
Maksimalna veličina interne memorije4 GB
Medij za čuvanje podataka
Kapacitet interne memorije64 GB
Integrisani čitač kartica
Medij","[{""start"": 720, ""end"": 724, ""label"": ""RAM"", ""text"": ""4 GB""}]","[{""start"": 684, ""end"": 724, ""label"": ""RAM"", ""text"": ""Maksimalna veličina interne memorije4 GB""}]",[]
K1074,936,body,1,SUVISNO,SKLADISTE,"podataka
Kapacitet interne memorije64 GB
Integrisani čitač kartica
Medijum za skladištenjeeMCP
Kompatibilne memorijske karticeMicroSD (TransFlash)
Maksimalna veličina memorijske kartic",[],"[{""start"": 832, ""end"": 836, ""label"": ""SKLADISTE"", ""text"": ""eMCP""}]",[]
K1075,936,body,1,GRANICA_SIRA,SKLADISTE,"č kartica
Medijum za skladištenjeeMCP
Kompatibilne memorijske karticeMicroSD (TransFlash)
Maksimalna veličina memorijske kartice128 GB
Grafike
Porodice grafičkih adapteraARM
Audio
Broj ugrađenih zvučnika2
Zvučni sistemDolby ","[{""start"": 927, ""end"": 933, ""label"": ""SKLADISTE"", ""text"": ""128 GB""}]","[{""start"": 889, ""end"": 933, ""label"": ""SKLADISTE"", ""text"": ""Maksimalna veličina memorijske kartice128 GB""}]",[]
K1076,936,body,1,SUVISNO,GPU,"ansFlash)
Maksimalna veličina memorijske kartice128 GB
Grafike
Porodice grafičkih adapteraARM
Audio
Broj ugrađenih zvučnika2
Zvučni sistemDolby Atmos
Kamera
Tip zadnje kamereJedna kam",[],"[{""start"": 969, ""end"": 972, ""label"": ""GPU"", ""text"": ""ARM""}]",[]
K1077,937,body,2,GRANICA_SIRA,SKLADISTE,"ora: Unisoc T610
  * Radni takt procesora: 2.00 GHz
  * Naziv grafike: Mali
  * micro SD: do 512 godineB
  * Mikrofon: Da
  * Zvučnici: Stereo
  * Bluetooth: Da
  * Mogucnost poziva: Ne
  * OTG ","[{""start"": 1014, ""end"": 1020, ""label"": ""SKLADISTE"", ""text"": ""do 512""}]","[{""start"": 1014, ""end"": 1028, ""label"": ""SKLADISTE"", ""text"": ""do 512 godineB""}]",[]
K1078,941,body,4,SUVISNO,SKLADISTE,"WiFi 12/256gb - 430e

                    **** Apple iPad ****
*** Apple iPad 9 Gen 10.2"" 64gb - 270e
*** Apple iPad 11th A16 2025 Gen 11” 128gb - 340e
*** Apple iPad 11th A16 2025 Gen",[],"[{""start"": 1789, ""end"": 1793, ""label"": ""SKLADISTE"", ""text"": ""64gb""}]","[{""start"": 1783, ""end"": 1788, ""label"": ""EKRAN"", ""text"": ""10.2\""""}]"
K1079,948,body,2,GRANICA_SIRA,SKLADISTE,"2x2.0 GHz Cortex-A75 &6x1.8 GHz Cortex-A55)
GPU     Mali-G52 MC2
Memory     Card slot     microSDXC (dedicated slot)
Internal   128GB 8GB RAM
     eMMC 5.1
Main Camera     Single     13 MP, f/2.2, (wide) or","[{""start"": 2121, ""end"": 2130, ""label"": ""SKLADISTE"", ""text"": ""microSDXC""}]","[{""start"": 2121, ""end"": 2147, ""label"": ""SKLADISTE"", ""text"": ""microSDXC (dedicated slot)""}]",[]
K1080,949,body,4,PROPUSTENO,CENA,"resa ( ulica i broj, mesto )
           Telefon

           e-mail

Cena po težini:

do 2 300 rsd
do 5 590 rsd

do 10 780 rsd

do 15 1000 rsd

do 20 1150 rsd

do 30 1300 rsd

do 50 1900 r","[{""start"": 467, ""end"": 474, ""label"": ""CENA"", ""text"": ""300 rsd""}]",[],[]
K1081,949,body,4,PROPUSTENO,CENA,"i broj, mesto )
           Telefon

           e-mail

Cena po težini:

do 2 300 rsd
do 5 590 rsd

do 10 780 rsd

do 15 1000 rsd

do 20 1150 rsd

do 30 1300 rsd

do 50 1900 rsd

Povrat no","[{""start"": 480, ""end"": 487, ""label"": ""CENA"", ""text"": ""590 rsd""}]",[],[]
K1082,949,body,4,PROPUSTENO,CENA,"
           Telefon

           e-mail

Cena po težini:

do 2 300 rsd
do 5 590 rsd

do 10 780 rsd

do 15 1000 rsd

do 20 1150 rsd

do 30 1300 rsd

do 50 1900 rsd

Povrat novca:

do 20000 ","[{""start"": 495, ""end"": 502, ""label"": ""CENA"", ""text"": ""780 rsd""}]",[],[]
K1083,949,body,4,PROPUSTENO,CENA,"efon

           e-mail

Cena po težini:

do 2 300 rsd
do 5 590 rsd

do 10 780 rsd

do 15 1000 rsd

do 20 1150 rsd

do 30 1300 rsd

do 50 1900 rsd

Povrat novca:

do 20000 - 70 rsd

od 200","[{""start"": 510, ""end"": 518, ""label"": ""CENA"", ""text"": ""1000 rsd""}]",[],[]
K1084,949,body,4,PROPUSTENO,CENA," e-mail

Cena po težini:

do 2 300 rsd
do 5 590 rsd

do 10 780 rsd

do 15 1000 rsd

do 20 1150 rsd

do 30 1300 rsd

do 50 1900 rsd

Povrat novca:

do 20000 - 70 rsd

od 20000 - 2% od otkup","[{""start"": 526, ""end"": 534, ""label"": ""CENA"", ""text"": ""1150 rsd""}]",[],[]
K1085,949,body,4,PROPUSTENO,CENA," težini:

do 2 300 rsd
do 5 590 rsd

do 10 780 rsd

do 15 1000 rsd

do 20 1150 rsd

do 30 1300 rsd

do 50 1900 rsd

Povrat novca:

do 20000 - 70 rsd

od 20000 - 2% od otkupa sa osiguranjem","[{""start"": 542, ""end"": 550, ""label"": ""CENA"", ""text"": ""1300 rsd""}]",[],[]
K1086,949,body,4,PROPUSTENO,CENA,"00 rsd
do 5 590 rsd

do 10 780 rsd

do 15 1000 rsd

do 20 1150 rsd

do 30 1300 rsd

do 50 1900 rsd

Povrat novca:

do 20000 - 70 rsd

od 20000 - 2% od otkupa sa osiguranjem paketa
  * Troš","[{""start"": 558, ""end"": 566, ""label"": ""CENA"", ""text"": ""1900 rsd""}]",[],[]
K1087,949,body,4,PROPUSTENO,RAM," 120 Hz
Gustina piksela (PPI): 256
Osvetljenje: 600 nits (peak)
Odnos ekrana prema telu: ~83.1% RAM memorija 8GB Interna memorija 256GB  Procesor Harmony OS 4.3
Kirin T82B, Octa-Core
Ma","[{""start"": 1494, ""end"": 1499, ""label"": ""RAM"", ""text"": ""83.1%""}]",[],"[{""start"": 1493, ""end"": 1499, ""label"": ""EKRAN"", ""text"": ""~83.1%""}]"
K1088,949,body,4,SUVISNO,GPU,"1% RAM memorija 8GB Interna memorija 256GB  Procesor Harmony OS 4.3
Kirin T82B, Octa-Core
Maleoon 920c Povezivanje Wi-Fi Funkcionalnosti Bluetooth 5.2, A2DP, LEWi-Fi 802.11 a/b/g/n/ac/6, dual-",[],"[{""start"": 1587, ""end"": 1599, ""label"": ""GPU"", ""text"": ""Maleoon 920c""}]",[]
K1089,950,title,3,SUVISNO,SKLADISTE,"HUAWEI MatePad 11"" 128GB WiFi gray",[],"[{""start"": 19, ""end"": 24, ""label"": ""SKLADISTE"", ""text"": ""128GB""}]","[{""start"": 15, ""end"": 18, ""label"": ""EKRAN"", ""text"": ""11\""""}]"
K1090,951,body,2,SUVISNO,CENA,"500rsd ili 40w po ceni od 2200rsd.
2) Zastita za ekran: Ultimativno plastificirano staklo 2200rsd ili UV Ultimate zastita 1600rsd ili Armor protection zastita 1200rsd
✚ Nacin dostave:   P",[],"[{""start"": 743, ""end"": 750, ""label"": ""CENA"", ""text"": ""2200rsd""}]",[]
K1091,951,body,2,SUVISNO,CENA,"d.
2) Zastita za ekran: Ultimativno plastificirano staklo 2200rsd ili UV Ultimate zastita 1600rsd ili Armor protection zastita 1200rsd
✚ Nacin dostave:   Post Express kurirskom sluzbom
✚ ",[],"[{""start"": 775, ""end"": 782, ""label"": ""CENA"", ""text"": ""1600rsd""}]",[]
K1092,951,body,2,SUVISNO,CENA,"lastificirano staklo 2200rsd ili UV Ultimate zastita 1600rsd ili Armor protection zastita 1200rsd
✚ Nacin dostave:   Post Express kurirskom sluzbom
✚ Kako kupiti na 18 mesecne rate:
1) U ",[],"[{""start"": 812, ""end"": 819, ""label"": ""CENA"", ""text"": ""1200rsd""}]",[]
K1093,952,body,3,SUVISNO,CPU,"GB RAM / 64GB interne memorije
Ekran: 10.5"" Super AMOLED, 2560x1600 rezolucija

Procesor: Qualcomm Snapdragon 670 (8 jezgara)

Povezivanje: LTE (SIM kartica) + WiFi

Bluetooth 5.0

USB Type-C

Proširenje memorije pu",[],"[{""start"": 378, ""end"": 413, ""label"": ""CPU"", ""text"": ""Qualcomm Snapdragon 670 (8 jezgara)""}]",[]
K1094,952,body,3,SUVISNO,SKLADISTE,"vezivanje: LTE (SIM kartica) + WiFi

Bluetooth 5.0

USB Type-C

Proširenje memorije putem microSD kartice

Baterija: 7040 mAh

Četiri AKG zvučnika sa Dolby Atmos podrškom

Prednja kamera:",[],"[{""start"": 507, ""end"": 514, ""label"": ""SKLADISTE"", ""text"": ""microSD""}]",[]
K1095,973,body,1,GRANICA_SIRA,CPU,"Ostale osobine    Realme UI 5.0
Čipset
Procesor    Qualcomm SM7435-AB Snapdragon 7s Gen 2
Broj jezgara    8 (4 + 4)
Radni takt procesora    2.4Ghz + 1.9Ghz
RAM memorija    12GB
Grafički procesor    Adreno ","[{""start"": 634, ""end"": 643, ""label"": ""CPU"", ""text"": ""8 (4 + 4)""}]","[{""start"": 618, ""end"": 643, ""label"": ""CPU"", ""text"": ""Broj jezgara    8 (4 + 4)""}]",[]
K1096,977,body,1,GRANICA_SIRA,CENA,"!
*** Garancija
24
meseca -
fiskalni račun-
pismena od nase Firme. ***
Nokija 150-2023----5500 din.
Nokija 105-2023----3500din
------------S MOBIL-------
06********","[{""start"": 282, ""end"": 290, ""label"": ""CENA"", ""text"": ""5500 din""}]","[{""start"": 282, ""end"": 291, ""label"": ""CENA"", ""text"": ""5500 din.""}]","[{""start"": 292, ""end"": 298, ""label"": ""BRAND"", ""text"": ""Nokija""}]"
K1097,978,body,2,PROPUSTENO,RAM,"i unapred. Eu verzije.
SAMO PRODAJA !
SAMSUNG ORIGINALNI PUNJAČ 65W  45€❌
SAMSUNG Z FOLD  8 256GB -graphite (crna)  1399€✅
SAMSUNG Z FOLD  8 256GB ULTRA graphite 1550€✅
SAMSUNG Z FL","[{""start"": 465, ""end"": 466, ""label"": ""RAM"", ""text"": ""8""}]",[],"[{""start"": 457, ""end"": 466, ""label"": ""MODEL"", ""text"": ""Z FOLD  8""}]"
K1098,978,body,2,PROPUSTENO,RAM,"GINALNI PUNJAČ 65W  45€❌
SAMSUNG Z FOLD  8 256GB -graphite (crna)  1399€✅
SAMSUNG Z FOLD  8 256GB ULTRA graphite 1550€✅
SAMSUNG Z FLIP 7 FE 256 BLACK 560 €✅
SAMSUNG A57 8/256 ICEBLU","[{""start"": 514, ""end"": 515, ""label"": ""RAM"", ""text"": ""8""}]",[],"[{""start"": 506, ""end"": 515, ""label"": ""MODEL"", ""text"": ""Z FOLD  8""}]"
K1099,993,body,4,PROPUSTENO,CENA," i NS

─────────────────────────────

⭐ HONOR X6c
  * 128GB — 16.380 din (ili na 24 rate: 751 din/mes)
  * 256GB — 17.640 din (ili na 24 rate: 809 din/mes)
Pouzdan svakodnevni telefon bez kom","[{""start"": 354, ""end"": 365, ""label"": ""CENA"", ""text"": ""751 din/mes""}]",[],[]
K1100,993,body,4,PROPUSTENO,CENA," 128GB — 16.380 din (ili na 24 rate: 751 din/mes)
  * 256GB — 17.640 din (ili na 24 rate: 809 din/mes)
Pouzdan svakodnevni telefon bez komplikacija. 5.300 mAh baterija, 50MP kamera i 120Hz ek","[{""start"": 407, ""end"": 418, ""label"": ""CENA"", ""text"": ""809 din/mes""}]",[],[]
K1101,993,body,4,PROPUSTENO,CENA,"rebe.

─────────────────────────────

⭐ HONOR X7d
  * 128GB — 17.640 din (ili na 24 rate: 809 din/mes)
  * 256GB — Trenutno nedostupno
Napravljen za rad, boravak u prirodi i dugotrajnu upotre","[{""start"": 643, ""end"": 654, ""label"": ""CENA"", ""text"": ""809 din/mes""}]",[],[]
K1102,993,body,4,PROPUSTENO,CENA,"ove.

─────────────────────────────

⭐ HONOR X7e

  * 256GB — 24.990 din (ili na 24 rate: 1.145 din/mes)
Pristupačan model sa odličnim balans snage i baterije. Idealan za korisnike koji traže p","[{""start"": 920, ""end"": 933, ""label"": ""CENA"", ""text"": ""1.145 din/mes""}]",[],[]
K1103,993,body,4,PROPUSTENO,CENA,"

─────────────────────────────
⭐ HONOR 600 Lite

  * 256GB — 30.760 din (ili na 24 rate: 1.410 din/mes)
Izgleda i deluje skuplje nego što košta. 108MP kamera, AMOLED ekran i 6.520 mAh baterija","[{""start"": 1158, ""end"": 1171, ""label"": ""CENA"", ""text"": ""1.410 din/mes""}]",[],[]
K1104,993,body,4,PROPUSTENO,CENA,"──────────────────────────

⭐ HONOR Magic 8 Lite

  * 256GB — 30.800 din (ili na 24 rate: 1.412 din/mes)
  * 512GB — 39.590 din (ili na 24 rate: 1.815 din/mes)
Ekstremna izdržljivost u ultra-ta","[{""start"": 1397, ""end"": 1410, ""label"": ""CENA"", ""text"": ""1.412 din/mes""}]",[],[]
K1105,993,body,4,PROPUSTENO,CENA,"56GB — 30.800 din (ili na 24 rate: 1.412 din/mes)
  * 512GB — 39.590 din (ili na 24 rate: 1.815 din/mes)
Ekstremna izdržljivost u ultra-tankom pakovanju. Baterija od 7.500 mAh (do 3 dana rada),","[{""start"": 1452, ""end"": 1465, ""label"": ""CENA"", ""text"": ""1.815 din/mes""}]",[],[]
K1106,993,body,4,SUVISNO,CENA,"tpornost na padove do 2,5m.
─────────────────────────────

⭐ HONOR 400 5G

  * 12/512GB — 49.950 din (ili na 24 rate: 2.289 din/mes)
Snažan ""all-rounder"" sa obiljem memorije. Odlične perform",[],"[{""start"": 1668, ""end"": 1678, ""label"": ""CENA"", ""text"": ""49.950 din""}]",[]
K1107,993,body,4,PROPUSTENO,CENA,"─────────────────────────────

⭐ HONOR 400 5G

  * 12/512GB — 49.950 din (ili na 24 rate: 2.289 din/mes)
Snažan ""all-rounder"" sa obiljem memorije. Odlične performanse, 5G brzina i premium dizaj","[{""start"": 1696, ""end"": 1709, ""label"": ""CENA"", ""text"": ""2.289 din/mes""}]",[],[]
K1108,993,body,4,PROPUSTENO,CENA,"ing.

─────────────────────────────

⭐ HONOR 600

  * 512GB — 49.990 din (ili na 24 rate: 2.291 din/mes)
Flagship doživljaj bez flagship cene. 200MP kamera, AMOLED ekran od 8.000 nita, baterija","[{""start"": 1924, ""end"": 1937, ""label"": ""CENA"", ""text"": ""2.291 din/mes""}]",[],[]
K1109,993,body,4,PROPUSTENO,CENA,"─────────────────────────────
⭐ HONOR 400 Pro 5G

  * 512GB — 62.900 din (ili na 24 rate: 2.883 din/mes)
Za zahtevne korisnike koji žele vrhunske kamere i brzinu. Pro sistem kamera, moćan proce","[{""start"": 2168, ""end"": 2181, ""label"": ""CENA"", ""text"": ""2.883 din/mes""}]",[],[]
K1110,993,body,4,PROPUSTENO,CENA,"

─────────────────────────────

⭐ HONOR 600 Pro

  * 512GB — 79.940 din (ili na 24 rate: 3.664 din/mes)
Direktna konkurencija za S26 i iPhone 17, bez premije za logo. Snapdragon 8 Elite, 200MP","[{""start"": 2402, ""end"": 2415, ""label"": ""CENA"", ""text"": ""3.664 din/mes""}]",[],[]
K1111,993,body,4,SUVISNO,CPU,"na 24 rate: 3.664 din/mes)
Direktna konkurencija za S26 i iPhone 17, bez premije za logo. Snapdragon 8 Elite, 200MP + 50MP telefoto (120x zoom), 7.000 mAh baterija i IP68/IP69K.

───────────────────",[],"[{""start"": 2480, ""end"": 2498, ""label"": ""CPU"", ""text"": ""Snapdragon 8 Elite""}]",[]
K1112,997,body,3,SUVISNO,CPU,"6GB

Interna memorija          128GB

Sim kartice Dual Sim (nano sim)

Procesor           MediaTek G99-Ultra (6 nm)

2xA76@2.2GHz+6xA55@2.0 GHz
Grafika Mali-G57 MC2 1000MHz

Baterija 5500 mAh

Punjenje bat",[],"[{""start"": 1503, ""end"": 1528, ""label"": ""CPU"", ""text"": ""MediaTek G99-Ultra (6 nm)""}]",[]
K1113,997,body,3,SUVISNO,CPU,"    128GB

Sim kartice Dual Sim (nano sim)

Procesor           MediaTek G99-Ultra (6 nm)

2xA76@2.2GHz+6xA55@2.0 GHz
Grafika Mali-G57 MC2 1000MHz

Baterija 5500 mAh

Punjenje baterije          33W, Type-C 2",[],"[{""start"": 1530, ""end"": 1556, ""label"": ""CPU"", ""text"": ""2xA76@2.2GHz+6xA55@2.0 GHz""}]",[]
K1114,997,body,3,SUVISNO,GPU,"no sim)

Procesor           MediaTek G99-Ultra (6 nm)

2xA76@2.2GHz+6xA55@2.0 GHz
Grafika Mali-G57 MC2 1000MHz

Baterija 5500 mAh

Punjenje baterije          33W, Type-C 2.0 (bez kućišta punjača)

Kam",[],"[{""start"": 1565, ""end"": 1585, ""label"": ""GPU"", ""text"": ""Mali-G57 MC2 1000MHz""}]",[]
