ad_id	source	category	source_category	source_ad_id	url	retrieved_at	text_file	title_characters	body_characters	title_body_sha256
1	Halo Oglasi	Baterija	Market > Telefoni > Oprema za telefone > Baterije	5425476788667	https://www.halooglasi.com/telefoni/baterije/baterija-za-ipod-5/5425476788667	2026-08-24T15:33:04Z	raw_txt/oglas_0001.txt	18	391	f1e13a5960f639066e9be7d8ce527a2b33739b96ca7b0edfbcac6fb20a1040eb
2	Halo Oglasi	Baterija	Market > Telefoni > Oprema za telefone > Baterije	5425484208430	https://www.halooglasi.com/telefoni/baterije/baterije-za-lenovo-a6000/5425484208430	2026-08-24T15:53:33Z	raw_txt/oglas_0002.txt	24	362	2575d7f7e97cd061aef46cda2b7cefbca4242774f3fed2c41b624cda1e603998
3	Halo Oglasi	Baterija	Market > Telefoni > Oprema za telefone > Baterije	5425484209844	https://www.halooglasi.com/telefoni/baterije/baterije-za-lenovo-a2010/5425484209844	2026-08-24T15:53:36Z	raw_txt/oglas_0003.txt	24	362	b9c0ed23814defedbdb79d79d866df1214d24907b4430e0c06d0fce7da74e5bd
4	Halo Oglasi	Baterija	Market > Telefoni > Oprema za telefone > Baterije	5425484210551	https://www.halooglasi.com/telefoni/baterije/baterije-za-lenovo-a680/5425484210551	2026-08-24T15:53:33Z	raw_txt/oglas_0004.txt	23	300	a751501bc77d9feac2e7829e632c8263491202e055b413c740ebda411080fc02
5	Halo Oglasi	Baterija	Market > Telefoni > Oprema za telefone > Baterije	5425633320829	https://www.halooglasi.com/telefoni/baterije/baterija-3000-mah-3-7v-za-tablete-7-lit-polim/5425633320829	2026-08-24T15:33:01Z	raw_txt/oglas_0005.txt	46	961	e6a5f76b9406975bfb0652df936e1eb4178488f6c80b8d1e8d95721e9c7a888b
6	Halo Oglasi	Baterija	Market > Telefoni > Oprema za telefone > Baterije	5425634102188	https://www.halooglasi.com/telefoni/baterije/baterija-za-huawei-p8-lite/5425634102188	2026-08-24T15:33:03Z	raw_txt/oglas_0006.txt	26	985	9abd00cd70e527dc84396f200b38711f26b64a80207f6d1b73e7b925a0dead39
7	Halo Oglasi	Baterija	Market > Telefoni > Oprema za telefone > iPhone baterije	5425634102351	https://www.halooglasi.com/telefoni/iphone-baterije/iphone-original-baterije-za-sve-modele/5425634102351	2026-08-24T15:53:38Z	raw_txt/oglas_0007.txt	38	994	f1bb67a8e49135ddcc99da365c9eeb463becfecb15b8c50f33a9e2d82bebdfe9
8	Halo Oglasi	Baterija	Market > Telefoni > Oprema za telefone > Samsung baterije	5425634102374	https://www.halooglasi.com/telefoni/samsung-baterije/baterije-za-samsung-telefone-org/5425634102374	2026-08-24T15:33:03Z	raw_txt/oglas_0008.txt	32	870	2f491d6431d3be5268f5b0678addcc6385d13c7bae65097693b798560e6b2cdf
9	Halo Oglasi	Baterija	Market > Računari > Oprema za računare > Punjači i baterije za računare	5425634102646	https://www.halooglasi.com/racunari/punjaci-za-racunare/baterije-punjaci-laptop-svih-proizvodjaca/5425634102646	2026-08-24T15:33:04Z	raw_txt/oglas_0009.txt	42	934	e4537989f9f39ba97294fd91e08bec9e1aeb6401409e0ad44c30c2570bb61b3e
10	Halo Oglasi	Baterija	Market > Računari > Oprema za računare > Punjači i baterije za računare	5425634102950	https://www.halooglasi.com/racunari/punjaci-za-racunare/baterije-za-sve-vrste-tableta/5425634102950	2026-08-24T15:33:03Z	raw_txt/oglas_0010.txt	29	982	d66292d2562797e188d3e22ee2afc5045b9106d5ff29a566a88b206d171fa805
11	Halo Oglasi	Baterija	Market > Telefoni > Oprema za telefone > Samsung baterije	5425634378172	https://www.halooglasi.com/telefoni/samsung-baterije/samusung-s6-edge-baterija-original-vakum/5425634378172	2026-08-24T15:53:34Z	raw_txt/oglas_0011.txt	40	40	52ea201f2585c280689dcc0096f1b441c7727107947afdec01d77a24098335b2
12	Halo Oglasi	Baterija	Market > Telefoni > Oprema za telefone > Baterije	5425634652866	https://www.halooglasi.com/telefoni/baterije/baterija-za-tesla-smartphone-9-1-original/5425634652866	2026-08-24T15:53:34Z	raw_txt/oglas_0012.txt	41	41	2dde3da8abcff4115ac119c901923137ae5ead067773dfb8af498b1b38e1077d
13	Halo Oglasi	Baterija	Market > Telefoni > Oprema za telefone > Baterije	5425634652868	https://www.halooglasi.com/telefoni/baterije/baterija-za-tesla-smartphone-3-1-lite3-2-lite/5425634652868	2026-08-24T15:53:33Z	raw_txt/oglas_0013.txt	50	55	9547621b3882835d3561ce8e1eb843669f4bedea09f871d8ce6923cadfdef597
14	Halo Oglasi	Baterija	Market > Telefoni > Oprema za telefone > Baterije	5425634652870	https://www.halooglasi.com/telefoni/baterije/baterija-za-tesla-smartphone-6-2-original/5425634652870	2026-08-24T15:33:04Z	raw_txt/oglas_0014.txt	41	41	8d8b5f6db501980973d3056720b1b0689c278f9b1c140b5d3397fd60af11ff61
15	Halo Oglasi	Baterija	Market > Telefoni > Oprema za telefone > Baterije	5425634652871	https://www.halooglasi.com/telefoni/baterije/baterija-za-tesla-smartphone-6-1-original/5425634652871	2026-08-24T15:33:02Z	raw_txt/oglas_0015.txt	41	41	0f141d8ae48c0081093bc35a8f03495fc53988fc0176c35fccb1d4464cbda28b
16	Halo Oglasi	Baterija	Market > Telefoni > Oprema za telefone > Baterije	5425634652911	https://www.halooglasi.com/telefoni/baterije/baterija-za-tesla-smartphone-6-3-original/5425634652911	2026-08-24T15:53:32Z	raw_txt/oglas_0016.txt	41	41	d523993e4ce9accadf8214b06cc4a8aab6aa0b562d49c7267f2d327b36c9c5cb
17	Halo Oglasi	Baterija	Market > Računari > Oprema za računare > Punjači i baterije za računare	5425636024009	https://www.halooglasi.com/racunari/punjaci-za-racunare/baterije-za-laptop---vise-modela/5425636024009	2026-08-24T15:33:01Z	raw_txt/oglas_0017.txt	32	558	6b26d63aa1848ee02db28828312614cf7ba4eaa52f0877bbfdda79868bb462b6
18	Halo Oglasi	Baterija	Market > Računari > Oprema za računare > Punjači i baterije za računare	5425636125382	https://www.halooglasi.com/racunari/punjaci-za-racunare/asus-baterija-a32-z94-11-1v-4400mah-original/5425636125382	2026-08-24T15:53:35Z	raw_txt/oglas_0018.txt	44	777	94c72d32086dea9ea0cb11f15770fe01f6daa9b2c9333c7e722b1d4b2026f88b
19	Halo Oglasi	Baterija	Market > Telefoni > Oprema za telefone > Baterije	5425641756939	https://www.halooglasi.com/telefoni/baterije/baterija-bl-5c-za-uredjaje/5425641756939	2026-08-24T15:33:04Z	raw_txt/oglas_0019.txt	25	357	6db1df798039752092940be27e0e439f6d7fdfe563175e9601eb38c19db1893a
20	Halo Oglasi	Baterija	Market > Računari > Oprema za računare > Punjači i baterije za računare	5425641968123	https://www.halooglasi.com/racunari/punjaci-za-racunare/hp-nc8430-hstnn-db29-hstnn-cb50-baterija/5425641968123	2026-08-24T15:53:37Z	raw_txt/oglas_0020.txt	40	19	32ff8ba1128e6d0a79156e9a3a95816e7487a47f864fc7fd3aa1a6dc2764371a
21	Halo Oglasi	Baterija	Market > Računari > Oprema za računare > Punjači i baterije za računare	5425642980531	https://www.halooglasi.com/racunari/punjaci-za-racunare/baterija-6v-6ah-akumulator/5425642980531	2026-08-24T15:53:36Z	raw_txt/oglas_0021.txt	26	397	4402c03684cab4ef7a16986d36170edfd611257c2b05170f6367c52a832e3a7d
22	Halo Oglasi	Baterija	Market > Računari > Oprema za računare > Punjači i baterije za računare	5425642980560	https://www.halooglasi.com/racunari/punjaci-za-racunare/baterija-4v-4ah-akumulator/5425642980560	2026-08-24T15:53:38Z	raw_txt/oglas_0022.txt	26	396	bb1b1a07b32593a54090670e74b70bf3c54ac7ad1a85acc1247bd88ec9b56623
23	Halo Oglasi	Baterija	Market > Telefoni > Oprema za telefone > Baterije	5425643228513	https://www.halooglasi.com/telefoni/baterije/baterija-za-htc-hd2-sacuvana-za-kolekcionarst/5425643228513	2026-08-24T15:53:38Z	raw_txt/oglas_0023.txt	47	662	3892852037c89a47c709561389fd1359de29be0ffdb1d1f92221bce2bca1424c
24	Halo Oglasi	Baterija	Market > Telefoni > Oprema za telefone > iPhone baterije	5425643858754	https://www.halooglasi.com/telefoni/iphone-baterije/eksterna-baterija-za-iphone-14-power-bank/5425643858754	2026-08-24T15:53:33Z	raw_txt/oglas_0024.txt	41	304	dd5ac6d42c7e70c5e2623c574d3b79a8a0e0e8fa684b4f4bb7ffb76fb3811e3e
25	Halo Oglasi	Baterija	Market > Računari > Oprema za računare > Punjači i baterije za računare	5425644213234	https://www.halooglasi.com/racunari/punjaci-za-racunare/nova-baterija-mu06-11-1v-47wh-sa-hp-notebook/5425644213234	2026-08-24T15:53:37Z	raw_txt/oglas_0025.txt	44	141	b8025dfe6d002c4e9d0d86db8abb5c628788a092bacf07f5e5792c413219a7c2
26	Halo Oglasi	Baterija	Market > Računari > Oprema za računare > Punjači i baterije za računare	5425645083643	https://www.halooglasi.com/racunari/punjaci-za-racunare/powerbank-nitecore-summit-20000/5425645083643	2026-08-24T15:33:01Z	raw_txt/oglas_0026.txt	31	809	d04f70d723365edbf6350fe26959644c9ea2995daac34ad176af7d26f457ad98
27	Halo Oglasi	Baterija	Market > Računari > Oprema za računare > Punjači i baterije za računare	5425645251011	https://www.halooglasi.com/racunari/punjaci-za-racunare/sony-vaio-pcg-71211m-vgp-bps22-baterija/5425645251011	2026-08-24T15:33:01Z	raw_txt/oglas_0027.txt	39	969	fb7ef22957f35b76f6c0da6d5048fd2d14b26c0f16c68d23365c0c9d55d6f2c3
28	Halo Oglasi	Baterija	Market > Telefoni > Oprema za telefone > Baterije	5425645878628	https://www.halooglasi.com/telefoni/baterije/eksterna-baterija/5425645878628	2026-08-24T15:53:34Z	raw_txt/oglas_0028.txt	17	66	5fc75c9735a5f5e3ee5697930ba562dda6f0e56fce775b9990edd71199140e4c
29	Halo Oglasi	Baterija	Market > Telefoni > Oprema za telefone > iPhone baterije	5425646710708	https://www.halooglasi.com/telefoni/iphone-baterije/original-baterije-za-iphone-13-pro-max/5425646710708	2026-08-24T15:33:02Z	raw_txt/oglas_0029.txt	38	66	7f3f6e7803b50f5b9d3cf214b2ca6ec29338565e98286d54b6f7ec37adc77052
30	Halo Oglasi	Baterija	Market > Telefoni > Oprema za telefone > iPhone baterije	5425646710710	https://www.halooglasi.com/telefoni/iphone-baterije/original-baterije-za-iphone-14-pro-max/5425646710710	2026-08-24T15:53:34Z	raw_txt/oglas_0030.txt	38	55	5bb0341ac3f186d992d90fb1bb3b9e3b4c832e58fcb8cfcc716d1c6061b48b17
31	Halo Oglasi	Baterija	Market > Telefoni > Oprema za telefone > iPhone baterije	5425646711005	https://www.halooglasi.com/telefoni/iphone-baterije/iphone-5s-original-baterije-100-i-97/5425646711005	2026-08-24T15:33:03Z	raw_txt/oglas_0031.txt	38	38	b1c83ab39c899beb5b31fdae30e37b87f129ebb44609465d969ba534c80ccdd6
32	Halo Oglasi	Baterija	Market > Telefoni > Oprema za telefone > iPhone baterije	5425646711006	https://www.halooglasi.com/telefoni/iphone-baterije/iphone-14-baterija-original-100-zdravlje/5425646711006	2026-08-24T15:33:04Z	raw_txt/oglas_0032.txt	41	52	1c9dc47477b968fa4c7c982ff613d2299340009fd0af2939c2692b82d98e4e85
33	Halo Oglasi	Baterija	Market > Telefoni > Oprema za telefone > iPhone baterije	5425646711007	https://www.halooglasi.com/telefoni/iphone-baterije/original-baterija-za-iphne-xs-max-zdravlje-96/5425646711007	2026-08-24T15:33:01Z	raw_txt/oglas_0033.txt	46	46	ff0a7dd7dffa1204c2b4921d04fbf8f9b4fa2fe67f58c13d7e49402d72ab3249
34	Halo Oglasi	Baterija	Market > Telefoni > Oprema za telefone > Baterije	5425646732518	https://www.halooglasi.com/telefoni/baterije/stanica-za-punjenje-baterija-brenda-alexander/5425646732518	2026-08-24T15:53:33Z	raw_txt/oglas_0034.txt	50	463	87e59b4f6877ac9393482d95328c67c499de1b3fb45115b95d26e6e9f92b6b2f
35	Halo Oglasi	Baterija	Market > Telefoni > Oprema za telefone > Baterije	5425647384078	https://www.halooglasi.com/telefoni/baterije/iphone-12-pro-max-baterija/5425647384078	2026-08-24T15:33:02Z	raw_txt/oglas_0035.txt	26	78	f429b1b411018a8921de346411a0165f68a6a3b4309708ce1d7bb30bfaaffc9c
36	Halo Oglasi	CPU	Market > Računari > Komponente za računare > Procesori	5425463360149	https://www.halooglasi.com/racunari/procesori/procesor-amd-sempron-64-le-1150-sdh1150i-novi/5425463360149	2026-08-24T15:53:29Z	raw_txt/oglas_0036.txt	49	175	c6da6d904792fbb49c9b706697ae0b7812b21d56dc1eaec3f2c566d9193de85a
37	Halo Oglasi	CPU	Market > Računari > Komponente za računare > Procesori	5425479056231	https://www.halooglasi.com/racunari/procesori/intel-celeron/5425479056231	2026-08-24T15:32:58Z	raw_txt/oglas_0037.txt	13	83	198f90fc5564bf1736725aa3173c1a47e700ef62d0fc791f065660838c29d7c4
38	Halo Oglasi	CPU	Market > Računari > Komponente za računare > Procesori	5425493350566	https://www.halooglasi.com/racunari/procesori/intel-celeron-1-7ghz-socket-478/5425493350566	2026-08-24T15:32:59Z	raw_txt/oglas_0038.txt	33	191	8b0e10f237c698c5e3aa3c37207fa0993f11793d300c3cfd8c54118509fbb770
39	Halo Oglasi	CPU	Market > Računari > Komponente za računare > Procesori	5425627191736	https://www.halooglasi.com/racunari/procesori/intel-dual-core-e6300-2-8ghz/5425627191736	2026-08-24T15:53:29Z	raw_txt/oglas_0039.txt	28	156	c911e490f378420c3bc2603c5123d61eb2ac5b4083a97951df2cdaaf63e0da1e
40	Halo Oglasi	CPU	Market > Računari > Komponente za računare > Procesori	5425627197014	https://www.halooglasi.com/racunari/procesori/maticna-ploca-ecs-elitegroup-p4ibasd-neisprav/5425627197014	2026-08-24T15:33:00Z	raw_txt/oglas_0040.txt	49	166	d9fce52a0e0ad1c193ed8be57303cf30af337eb85b80909f74a806f5d525afaf
41	Halo Oglasi	CPU	Market > Računari > Komponente za računare > Procesori	5425634505839	https://www.halooglasi.com/racunari/procesori/amd-a4-4000-apu-dual-core-procesor-fm2fm2/5425634505839	2026-08-24T15:53:29Z	raw_txt/oglas_0041.txt	43	325	48ec58b79210c8cc3c996d39c8899c39557e5ecaab4afcc0fe8593165f48dea9
42	Halo Oglasi	CPU	Market > Računari > Komponente za računare > Procesori	5425634670016	https://www.halooglasi.com/racunari/procesori/intel-pentijum-b960/5425634670016	2026-08-24T15:32:58Z	raw_txt/oglas_0042.txt	19	335	a70ba43c16095e07988de6da8fb0109df8199635798d3eec9d839930380b2ec4
43	Halo Oglasi	CPU	Market > Računari > Komponente za računare > Procesori	5425635136872	https://www.halooglasi.com/racunari/procesori/amd-sempron-procesor-za-desktop-racunar/5425635136872	2026-08-24T15:53:31Z	raw_txt/oglas_0043.txt	39	285	7a41b0d82e86d017aa98e9f70ef447953ce99641f664829f331ec719b8003071
44	Halo Oglasi	CPU	Market > Računari > Komponente za računare > Procesori	5425635335468	https://www.halooglasi.com/racunari/procesori/procesori-svih-vrsta/5425635335468	2026-08-24T15:32:59Z	raw_txt/oglas_0044.txt	20	239	4c4800d0e6d337a64cf209353e73f28641c15af8e74b348a215f2ae0c8c0788d
45	Halo Oglasi	CPU	Market > Računari > Komponente za računare > Procesori	5425635445226	https://www.halooglasi.com/racunari/procesori/amd-athlon-x4-840/5425635445226	2026-08-24T15:53:30Z	raw_txt/oglas_0045.txt	17	48	0f19b31f2413745fa7c0dc7818f1ab5ed49c3af549a2b2e93794814db1e066ca
46	Halo Oglasi	CPU	Market > Računari > Komponente za računare > Procesori	5425636436456	https://www.halooglasi.com/racunari/procesori/core-2-duo-e8500-3-16ghz-6mb-fsb1333-s775/5425636436456	2026-08-24T15:32:59Z	raw_txt/oglas_0046.txt	41	139	11fd22587c31f2218b9fad6a88904d8d14e57d7e1bdfe5fb826fab8b8a0a4057
47	Halo Oglasi	CPU	Market > Računari > Komponente za računare > Procesori	5425636712295	https://www.halooglasi.com/racunari/procesori/procesor-ip-e2180-dual-core-2-00ghz/5425636712295	2026-08-24T15:53:30Z	raw_txt/oglas_0047.txt	35	123	8915493ee6bf91db5044dd842e474568735fafcfd94df1daba4e11178e90ea7a
48	Halo Oglasi	CPU	Market > Računari > Komponente za računare > Procesori	5425639874604	https://www.halooglasi.com/racunari/procesori/intel-penitum-dual-core-3-00ghz/5425639874604	2026-08-24T15:53:31Z	raw_txt/oglas_0048.txt	31	96	934bc6223e5c871ea72213c7e52b9181cbcad347863393c57d38cc1ee7ac4181
49	Halo Oglasi	CPU	Market > Računari > Komponente za računare > Procesori	5425642037900	https://www.halooglasi.com/racunari/procesori/amd-athlon-ii-x2-250-3-0-ghz/5425642037900	2026-08-24T15:32:59Z	raw_txt/oglas_0049.txt	28	191	fc530c1fe3d42796e8fd17ae1dff7c73bc797a748e007cbdf7afc6a0748d97c3
50	Halo Oglasi	CPU	Market > Računari > Komponente za računare > Procesori	5425642184980	https://www.halooglasi.com/racunari/procesori/intel-pentium-g3260g3220-fclga1150/5425642184980	2026-08-24T15:53:31Z	raw_txt/oglas_0050.txt	35	411	7929d0b9c4fc70c1f1fdb56bb10598357e9bb21878f296f8033ecc2fe23cf939
51	Halo Oglasi	CPU	Market > Računari > Komponente za računare > Procesori	5425642282415	https://www.halooglasi.com/racunari/procesori/intel-g5925-procesor/5425642282415	2026-08-24T15:32:59Z	raw_txt/oglas_0051.txt	20	144	a6ad6e561c8dbed74a841c134d55088ebe4f7548fee28af6b43f28188bfc8568
52	Halo Oglasi	CPU	Market > Računari > Komponente za računare > Procesori	5425642649064	https://www.halooglasi.com/racunari/procesori/procesor-i5---3570-socket-1155-treca-generaci/5425642649064	2026-08-24T15:53:31Z	raw_txt/oglas_0052.txt	49	395	9121c9eafc4473fdd7a9e7e7b98fe396779b818261d5b6732158ac200eb96dd2
53	Halo Oglasi	CPU	Market > Računari > Komponente za računare > Procesori	5425642713597	https://www.halooglasi.com/racunari/procesori/amd-athlon-ii-x4-750x-750-3-7g-65w-ad750xoka4/5425642713597	2026-08-24T15:32:59Z	raw_txt/oglas_0053.txt	48	53	5295df5f3cab8b932b8beb908f10cef36c59e1446d6cbee2c2f9fb69221b53d9
54	Halo Oglasi	CPU	Market > Računari > Komponente za računare > Procesori	5425642754042	https://www.halooglasi.com/racunari/procesori/intel-celeron-1-7ghz/5425642754042	2026-08-24T15:33:00Z	raw_txt/oglas_0054.txt	20	92	c5af29685c000fa7e4ffbf1776a3351cde4239a668c690b2e90b615f2a321578
55	Halo Oglasi	CPU	Market > Računari > Komponente za računare > Procesori	5425642803056	https://www.halooglasi.com/racunari/procesori/intel-core2-extreme-qx9770-intel-confindentia/5425642803056	2026-08-24T15:53:32Z	raw_txt/oglas_0055.txt	50	523	36778e396c0ff5abc08e2b0f0317a6d21eba80bdb4441fd98eae005c5dc413e4
56	Halo Oglasi	CPU	Market > Računari > Komponente za računare > Procesori	5425642972496	https://www.halooglasi.com/racunari/procesori/amd-athlon-ii-x4-quad-core-2-80ghz-am2-am3-ad/5425642972496	2026-08-24T15:32:58Z	raw_txt/oglas_0056.txt	50	479	a3df6a6f20ef854466eaca46207e1d36324cd0c13827b3e9d2eb184771584f7f
57	Halo Oglasi	CPU	Market > Računari > Komponente za računare > Procesori	5425644111157	https://www.halooglasi.com/racunari/procesori/amd-sempronvise-komada/5425644111157	2026-08-24T15:53:29Z	raw_txt/oglas_0057.txt	24	326	e6a894fc11f7e075847f09a883ffb2d885bd7a4a6bccb4c6149c7e5993ede12e
58	Halo Oglasi	CPU	Market > Računari > Komponente za računare > Procesori	5425644117570	https://www.halooglasi.com/racunari/procesori/intel-i3/5425644117570	2026-08-24T15:32:59Z	raw_txt/oglas_0058.txt	8	129	4740e12dbbb84593ef7beca49eb0cb1cbdbe670e385a7d93d63ca57e933d9a28
59	Halo Oglasi	CPU	Market > Računari > Komponente za računare > Procesori	5425644223186	https://www.halooglasi.com/racunari/procesori/amd-athlon-64-ddr2/5425644223186	2026-08-24T15:53:29Z	raw_txt/oglas_0059.txt	18	8	613a1942d59066e69675e8aae43db6c8bb25826a3d5256d29bd5eff7668175ca
60	Halo Oglasi	CPU	Market > Računari > Komponente za računare > Procesori	5425645135649	https://www.halooglasi.com/racunari/procesori/amd-procesor/5425645135649	2026-08-24T15:33:00Z	raw_txt/oglas_0060.txt	12	45	c41fc7197790d8eed947451ad6822ac2dcb722422188389489653d97f3f09fdb
61	Halo Oglasi	CPU	Market > Računari > Komponente za računare > Procesori	5425645932476	https://www.halooglasi.com/racunari/procesori/procesor-62-intel-pentium-4-2800-mhz-533-512/5425645932476	2026-08-24T15:53:30Z	raw_txt/oglas_0061.txt	46	272	c73eea6d14e966fe8116738877371630fbd2e30aa7b35be11c8a93734eb08410
62	Halo Oglasi	CPU	Market > Računari > Komponente za računare > Procesori	5425645932477	https://www.halooglasi.com/racunari/procesori/procesor-63-intel-pentium-4-2600-mhz-800-512/5425645932477	2026-08-24T15:32:59Z	raw_txt/oglas_0062.txt	46	272	34543f005eeab14d1c3720f1265facac97bdec492cd6c956ce8ac69a51a637a5
63	Halo Oglasi	CPU	Market > Računari > Komponente za računare > Procesori	5425645932480	https://www.halooglasi.com/racunari/procesori/procesor-74-amd-sempron-3000-1600-800-256/5425645932480	2026-08-24T15:53:29Z	raw_txt/oglas_0063.txt	44	274	f3f7d0ea41db759e05685b5755710b883b1bd8b57349adca9f6686f013bfc60b
64	Halo Oglasi	CPU	Market > Računari > Komponente za računare > Procesori	5425645932665	https://www.halooglasi.com/racunari/procesori/procesor-01-amd-turion-64-x2-rm-70-2-ghz-800/5425645932665	2026-08-24T15:53:30Z	raw_txt/oglas_0064.txt	50	216	3283ff089be89ad9f470d51d8823386bffd2b360711290ecf412404428f8b29b
65	Halo Oglasi	CPU	Market > Računari > Komponente za računare > Procesori	5425645932668	https://www.halooglasi.com/racunari/procesori/procesor-05-amd-sempron-si-40-2-ghz--800-mhz/5425645932668	2026-08-24T15:33:00Z	raw_txt/oglas_0065.txt	50	214	06e3d4d73bba94cfbb4cade97d392d3ec386ea9d8f9d42bf74ead9179f783f5d
66	Halo Oglasi	CPU	Market > Računari > Komponente za računare > Procesori	5425645932678	https://www.halooglasi.com/racunari/procesori/procesor-57-intel-celeron-d-420-1600-mhz-800-/5425645932678	2026-08-24T15:32:58Z	raw_txt/oglas_0066.txt	50	277	8d2868f878a288eb4e51235f1c8ec2e0f816296d1780d1cc95ea8c58a7647d12
67	Halo Oglasi	CPU	Market > Računari > Komponente za računare > Procesori	5425645932767	https://www.halooglasi.com/racunari/procesori/procesor-66-intel-celeron-2200-mhz-400-128/5425645932767	2026-08-24T15:32:59Z	raw_txt/oglas_0067.txt	44	270	8799c49206b58e5fe17152be84c62d4df0a9d93413f09e5003a48eaca70ae698
68	Halo Oglasi	CPU	Market > Računari > Komponente za računare > Procesori	5425646937729	https://www.halooglasi.com/racunari/procesori/intel-pentium-processor-2020m-za-laptop/5425646937729	2026-08-24T15:32:59Z	raw_txt/oglas_0068.txt	39	1429	e8062bc27cef8bf837be655900f011485cb88995322cf5100b4e61f28cab77db
69	Halo Oglasi	CPU	Market > Računari > Komponente za računare > Procesori	5425647019521	https://www.halooglasi.com/racunari/procesori/intel-cpuasus-maticna/5425647019521	2026-08-24T15:33:00Z	raw_txt/oglas_0069.txt	22	321	8b2e8514a6a52765f535a1222b2cd62bf2fcbec3f5d561278c1890789d0c3918
70	Halo Oglasi	CPU	Market > Računari > Komponente za računare > Procesori	5425647242018	https://www.halooglasi.com/racunari/procesori/intel-core-2-duo-e8200-775-2x-2-67ghz-6mb/5425647242018	2026-08-24T15:53:30Z	raw_txt/oglas_0070.txt	41	106	368c2da53a9c66fd756b4d6b48c75f06ffb9e30c64718185e99d567bdacca904
71	Halo Oglasi	CPU	Market > Računari > Komponente za računare > Procesori	5425647243768	https://www.halooglasi.com/racunari/procesori/intel-celeron-dualcore-e3200-775-2x-2-40ghz-1/5425647243768	2026-08-24T15:32:59Z	raw_txt/oglas_0071.txt	47	139	600679198bd42834d89203a0985ccb9ea7f6a71b9094006f76309da3527fd9e0
72	Halo Oglasi	CPU	Market > Računari > Komponente za računare > Procesori	5425647243943	https://www.halooglasi.com/racunari/procesori/intel-xeon-e5645-12x-2-66ghz-turbo-1366-12mb/5425647243943	2026-08-24T15:53:29Z	raw_txt/oglas_0072.txt	44	330	fd9f1127197230845310959f3013e28ffdcc766cc3a66a4a50cf9f23809e2240
73	Halo Oglasi	CPU	Market > Računari > Komponente za računare > Procesori	5425647250023	https://www.halooglasi.com/racunari/procesori/intel-pentium-dualcore-e5500-775-2x-2-80ghz-2/5425647250023	2026-08-24T15:53:31Z	raw_txt/oglas_0073.txt	47	139	6ac0830f459c7520ff9d3ed9662295d2423d76ca194ce77cc91fd439d9f4f5e7
74	Halo Oglasi	CPU	Market > Računari > Komponente za računare > Procesori	5425647250427	https://www.halooglasi.com/racunari/procesori/intel-pentium-dualcore-e5700-775-2x-3-00ghz-2/5425647250427	2026-08-24T15:32:59Z	raw_txt/oglas_0074.txt	47	139	9d1290f8588dd29b3ce977ea7b849415a2b4925cd98af0a094b5a18e81b8739b
75	Halo Oglasi	CPU	Market > Računari > Komponente za računare > Procesori	5425647252248	https://www.halooglasi.com/racunari/procesori/intel-core-i3-530-1156-4x-2-93ghz-4mb-perfekt/5425647252248	2026-08-24T15:32:59Z	raw_txt/oglas_0075.txt	48	146	7b971b063bdf50e66bb6c0d39e34ac88a4f1c57a9504ef9f96e02c0332fc05d2
76	Halo Oglasi	CPU	Market > Računari > Komponente za računare > Procesori	5425647252455	https://www.halooglasi.com/racunari/procesori/intel-celeron-dualcore-g1820-1150-2x-2-70ghz/5425647252455	2026-08-24T15:33:00Z	raw_txt/oglas_0076.txt	48	132	09b37ce7524986011adeb1e0dd1b9bd06483d911967a2cb673100f2fa01467ed
77	Halo Oglasi	CPU	Market > Računari > Komponente za računare > Procesori	5425647255289	https://www.halooglasi.com/racunari/procesori/intel-celeron-g1610-1155-2x-2-60ghz-2mb-perfe/5425647255289	2026-08-24T15:32:59Z	raw_txt/oglas_0077.txt	50	130	f010629e2abcba9cb42ff80b2fe466df4dc47d2cede94d7d18bfcce43b7ffc93
78	Halo Oglasi	CPU	Market > Računari > Komponente za računare > Procesori	5425647255559	https://www.halooglasi.com/racunari/procesori/intel-pentium-4-ht-530-775-2x-3-00ghz-1mb/5425647255559	2026-08-24T15:53:30Z	raw_txt/oglas_0078.txt	41	108	96602d64a643f1b41a4fa9590b348e1247e4816a9197ce0df4158c1a865ac129
79	Halo Oglasi	CPU	Market > Računari > Komponente za računare > Procesori	5425647255665	https://www.halooglasi.com/racunari/procesori/intel-pentium-4-520520j-775-2x-2-80ghz-1mb/5425647255665	2026-08-24T15:33:00Z	raw_txt/oglas_0079.txt	43	135	ab870053a8fddc9d2346f32ffe9a4a01d1d0dd6419aadf90e59fd23644e7735d
80	Halo Oglasi	CPU	Market > Računari > Komponente za računare > Procesori	5425647255666	https://www.halooglasi.com/racunari/procesori/intel-pentium-4-511-775-2x-2-80ghz-1mb-perfek/5425647255666	2026-08-24T15:53:30Z	raw_txt/oglas_0080.txt	49	105	b33b7c1dedad1366b3492b3bf584f3620c04ed05a96e5d2d4127b41c24791d22
81	Halo Oglasi	CPU	Market > Računari > Komponente za računare > Procesori	5425647255669	https://www.halooglasi.com/racunari/procesori/intel-pentium-4-ht-520-775-2x-2-80ghz-1mb/5425647255669	2026-08-24T15:33:00Z	raw_txt/oglas_0081.txt	41	108	c4e0bc4d1c99246466aa4195ad8e07b61385a008ff6dd4d7b7c6882bd4ec3100
82	Halo Oglasi	CPU	Market > Računari > Komponente za računare > Procesori	5425647255773	https://www.halooglasi.com/racunari/procesori/intel-pentium-4-ht-630-775-2x-3-00ghz-2mb/5425647255773	2026-08-24T15:33:00Z	raw_txt/oglas_0082.txt	41	133	791f65f7dd47e8fed6472cbca2969f4a1001a0f3cc16b1681539661855354071
83	Halo Oglasi	CPU	Market > Računari > Komponente za računare > Procesori	5425647255863	https://www.halooglasi.com/racunari/procesori/intel-pentium-dualcore-e5300-775-2x-2-60ghz-2/5425647255863	2026-08-24T15:32:59Z	raw_txt/oglas_0083.txt	47	114	093eefb2a2efd95b430c48ff94aa20e83c55ee13878b505b787e2ab98bf435d3
84	Halo Oglasi	CPU	Market > Računari > Komponente za računare > Procesori	5425647570577	https://www.halooglasi.com/racunari/procesori/intel-celeron-g1820-intel-hd-haswell/5425647570577	2026-08-24T15:32:59Z	raw_txt/oglas_0084.txt	38	926	6b23e9341ee5d5e17e1d55ea4d2ce3c198a6a8de58ee21d0365ddcb1352e9e56
85	Halo Oglasi	Desktop računar	Market > Računari > Desktop računari	5425634591461	https://www.halooglasi.com/racunari/desktop-racunari/prodajem-kompjuter-i-monitor/5425634591461	2026-08-24T15:32:44Z	raw_txt/oglas_0085.txt	28	41	c3f79142b9e6b3b51c3e3bc509615b5cf737b94e0c4b650d634b0b7d523cdb97
86	Halo Oglasi	Desktop računar	Market > Računari > Desktop računari	5425635633558	https://www.halooglasi.com/racunari/desktop-racunari/bitcoin-atm-kiosk/5425635633558	2026-08-24T15:53:05Z	raw_txt/oglas_0086.txt	17	172	b5a87eaefb40d1ed1de0d0cbf869b52ed8e9a6c24492b821d9bb7741f2eb3394
87	Halo Oglasi	Desktop računar	Market > Računari > Desktop računari	5425636555586	https://www.halooglasi.com/racunari/desktop-racunari/intel-i7-6700/5425636555586	2026-08-24T15:53:07Z	raw_txt/oglas_0087.txt	13	239	af59229f228797dc06b8771ee0e9f45cb8a0a995e46e04f6fe361cee2572af26
88	Halo Oglasi	Desktop računar	Market > Računari > Desktop računari	5425636930357	https://www.halooglasi.com/racunari/desktop-racunari/hp-800-g5-i5-9500t-16gb-ddr4-256gb-nvme-ssd-w/5425636930357	2026-08-24T15:32:43Z	raw_txt/oglas_0088.txt	50	949	4b7387206c83b36dcbb429fe20cbf2e05fc489e2013341e6007750503de4380c
89	Halo Oglasi	Desktop računar	Market > Računari > Desktop računari	5425637143828	https://www.halooglasi.com/racunari/desktop-racunari/i5-495016gbrx560-4gb1tb500w/5425637143828	2026-08-24T15:32:44Z	raw_txt/oglas_0089.txt	31	164	4883e1d874d898a828628d63b7be93672b382c85a2b8c79e5ce07f2665e3d70b
90	Halo Oglasi	Desktop računar	Market > Računari > Desktop računari	5425641589191	https://www.halooglasi.com/racunari/desktop-racunari/rx-5500-xt-4gb-sapphire-pulse-rx-580-rx-590-g/5425641589191	2026-08-24T15:32:43Z	raw_txt/oglas_0090.txt	49	655	980482521622c47bd026f8a8dda6f394e52a30a2e6473c643b7e112bff3463a2
91	Halo Oglasi	Desktop računar	Market > Računari > Desktop računari	5425641615867	https://www.halooglasi.com/racunari/desktop-racunari/racunarpc-fo-gameing-hitno/5425641615867	2026-08-24T15:53:09Z	raw_txt/oglas_0091.txt	28	676	8f29efa7a58c3c7695eca564de7ff5d40b3dcf1870691c7432ff853f2decca9c
92	Halo Oglasi	Desktop računar	Market > Računari > Desktop računari	5425641809708	https://www.halooglasi.com/racunari/desktop-racunari/akcija-povoljni-jaki-racunari/5425641809708	2026-08-24T15:53:06Z	raw_txt/oglas_0092.txt	29	276	17d783f10b11a1e2ce3bc0ebe04beb214da5f0b5f49921ddcdcec84d3b65aa1a
93	Halo Oglasi	Desktop računar	Market > Računari > Desktop računari	5425641817523	https://www.halooglasi.com/racunari/desktop-racunari/falcon-racunar/5425641817523	2026-08-24T15:32:42Z	raw_txt/oglas_0093.txt	14	159	cbbdc1efb597ff21ec8119cb2c2f10356d3d8a1603f909d06420a35330ec166e
94	Halo Oglasi	Desktop računar	Market > Računari > Desktop računari	5425643486572	https://www.halooglasi.com/racunari/desktop-racunari/ryzen-5-5500-rx-570-8gb-16gb-ram-500gb-nvme/5425643486572	2026-08-24T15:53:08Z	raw_txt/oglas_0094.txt	46	754	4c9474aefeb933524da7d520f40f82906e90d44a2a585339d1ec4d2f2e076e8e
95	Halo Oglasi	Desktop računar	Market > Računari > Desktop računari	5425643494339	https://www.halooglasi.com/racunari/desktop-racunari/kompjuter/5425643494339	2026-08-24T15:32:43Z	raw_txt/oglas_0095.txt	9	137	0a985ff8bbfe810790b9a2b411618c71a988a8ad3cba5fdca82147c7aa3a5ea8
96	Halo Oglasi	Desktop računar	Market > Računari > Desktop računari	5425643865476	https://www.halooglasi.com/racunari/desktop-racunari/desktop-racunar/5425643865476	2026-08-24T15:32:44Z	raw_txt/oglas_0096.txt	15	334	7d595b3a9d22f284892ab94c75acfb27e92b0c3c4d1ca5e6a0c8d21b7dda2a43
97	Halo Oglasi	Desktop računar	Market > Računari > Desktop računari	5425643865959	https://www.halooglasi.com/racunari/desktop-racunari/amd-racunar-ddr3/5425643865959	2026-08-24T15:32:45Z	raw_txt/oglas_0097.txt	16	237	db5bd6a29dad496f8b301547ce2503ebf079de6596de38f3baa387c89ccd3db1
98	Halo Oglasi	Desktop računar	Market > Računari > Desktop računari	5425644325408	https://www.halooglasi.com/racunari/desktop-racunari/racunar-maticna-hard-250gb-graficka-1gb/5425644325408	2026-08-24T15:53:05Z	raw_txt/oglas_0098.txt	41	155	7f2d4d29e6b3624e958bf3a9420ac87fbd4725c201d18f0c79ae948bd62fc743
99	Halo Oglasi	Desktop računar	Market > Računari > Desktop računari	5425644417315	https://www.halooglasi.com/racunari/desktop-racunari/dell-racunar-komplet-opremljen/5425644417315	2026-08-24T15:53:07Z	raw_txt/oglas_0099.txt	32	99	94ccd1f0cec71420e37b7c77a2ae76aa1413d8fbb3aac72724c4a39957db6a86
100	Halo Oglasi	Desktop računar	Market > Računari > Desktop računari	5425644507652	https://www.halooglasi.com/racunari/desktop-racunari/odlican-gejming-pc-2-meseca-stargarancija/5425644507652	2026-08-24T15:53:08Z	raw_txt/oglas_0100.txt	43	344	45a2c1163e81ee5e52764002a04469e637b3a5fb99c14fd3f88eac59e2b25ca2
101	Halo Oglasi	Desktop računar	Market > Računari > Desktop računari	5425644510317	https://www.halooglasi.com/racunari/desktop-racunari/acer-veriton-x480g-racunar/5425644510317	2026-08-24T15:53:06Z	raw_txt/oglas_0101.txt	26	180	11a0adf8593697472c06ee6364d24a7f36ccd4eae4a08c45c8a2fec0beb8a62c
102	Halo Oglasi	Desktop računar	Market > Računari > Desktop računari	5425644515071	https://www.halooglasi.com/racunari/desktop-racunari/hp-800-g1i5-45708gb-ddr3128gb-ssd-win10-pro/5425644515071	2026-08-24T15:53:08Z	raw_txt/oglas_0102.txt	43	863	c9d9cd5d71fbf6f6845bcc574e88385694fc5ecd991989716eff9ed18d117218
103	Halo Oglasi	Desktop računar	Market > Računari > Desktop računari	5425644515081	https://www.halooglasi.com/racunari/desktop-racunari/hp-z210-workstation-i7-2600-8gb-ddr3256gb-ssd/5425644515081	2026-08-24T15:53:07Z	raw_txt/oglas_0103.txt	45	965	58e1e9fd537b25d13fc77d5ca73da86fa26e9764a90ec2267718be245a50d048
104	Halo Oglasi	Desktop računar	Market > Računari > Desktop računari	5425644517765	https://www.halooglasi.com/racunari/desktop-racunari/i5-2320-gejmer-masina-extra-povoljna/5425644517765	2026-08-24T15:32:43Z	raw_txt/oglas_0104.txt	36	1166	7cdd195541a3288b4e237a4d4aefc1fb531cbf086b4da8811dcd81f987b1f41d
105	Halo Oglasi	Desktop računar	Market > Računari > Desktop računari	5425644517855	https://www.halooglasi.com/racunari/desktop-racunari/gejmer-zver-amd-six-core-masina/5425644517855	2026-08-24T15:32:43Z	raw_txt/oglas_0105.txt	31	1460	d1ca9caea5b57b6abb6e347d03c1f7ae94e94b2b3e850f0899d4bac706b6206f
106	Halo Oglasi	Desktop računar	Market > Računari > Desktop računari	5425644517959	https://www.halooglasi.com/racunari/desktop-racunari/amd-fx-jaka-gejmer-masina/5425644517959	2026-08-24T15:53:06Z	raw_txt/oglas_0106.txt	25	1131	1ba0ef3c53e62dc8fee0c5a536fa955a4afd238a2b27022f8ece2659755271a1
107	Halo Oglasi	Desktop računar	Market > Računari > Desktop računari	5425644517966	https://www.halooglasi.com/racunari/desktop-racunari/jaka-gejming-masina-10-core/5425644517966	2026-08-24T15:53:05Z	raw_txt/oglas_0107.txt	27	1126	2c5fc147fc5a946365ec08e4080c5772a9770edf0a297713bf573dd8bf3c5927
108	Halo Oglasi	Desktop računar	Market > Računari > Desktop računari	5425644517967	https://www.halooglasi.com/racunari/desktop-racunari/amd-apy-racunar/5425644517967	2026-08-24T15:32:42Z	raw_txt/oglas_0108.txt	15	787	4317b6a51747a6239fa73cea700d049a93869780a3a81a69626285f222359338
109	Halo Oglasi	Desktop računar	Market > Računari > Desktop računari	5425644517968	https://www.halooglasi.com/racunari/desktop-racunari/i3---racunar-odlican/5425644517968	2026-08-24T15:53:04Z	raw_txt/oglas_0109.txt	20	776	b4165631b133dfeac80978ee7e3f3c86528adba267cf29b16997756840bcf228
110	Halo Oglasi	Desktop računar	Market > Računari > Desktop računari	5425644604921	https://www.halooglasi.com/racunari/desktop-racunari/gejmer-ddr4---i3-masina-top/5425644604921	2026-08-24T15:32:44Z	raw_txt/oglas_0110.txt	27	1387	4afd6534d3ca02964bb14611ec909d3fbde38c65d20b042aa55b22b63a2730f5
111	Halo Oglasi	Desktop računar	Market > Računari > Desktop računari	5425644768037	https://www.halooglasi.com/racunari/desktop-racunari/gejmer-quad-core-gejming-q-6600/5425644768037	2026-08-24T15:53:07Z	raw_txt/oglas_0111.txt	31	1198	18e88a6ad1649a3d573939cca21bea55d5bcd3ba1d72bd4ed05ee7c0c4960ad3
112	Halo Oglasi	Desktop računar	Market > Računari > Desktop računari	5425644768541	https://www.halooglasi.com/racunari/desktop-racunari/i7-gejmer-vrhunska-masina-extra-jeftino/5425644768541	2026-08-24T15:53:07Z	raw_txt/oglas_0112.txt	41	1275	2fe9fce7b6401f7488944234ac842259fbcaad8285ef57dc5c6593194f777bad
113	Halo Oglasi	Desktop računar	Market > Računari > Desktop računari	5425645016903	https://www.halooglasi.com/racunari/desktop-racunari/gejmer-svetleci-kao-ryzen-atlon-2000g-am4/5425645016903	2026-08-24T15:53:04Z	raw_txt/oglas_0113.txt	41	1424	b06c56abfae511926cc2e3b4e5aa69ab9c7ccbfc4867ec89107a9ea52bf6dadb
114	Halo Oglasi	Desktop računar	Market > Računari > Desktop računari	5425645016904	https://www.halooglasi.com/racunari/desktop-racunari/gejmer-i7-vrhunska-masina-jeftino/5425645016904	2026-08-24T15:32:43Z	raw_txt/oglas_0114.txt	33	1453	121dc8a74e490d7f31064233d9ab4dc4487a3c5e8d5190206df62e645230c770
115	Halo Oglasi	Desktop računar	Market > Računari > Desktop računari	5425645098334	https://www.halooglasi.com/racunari/desktop-racunari/gejmer-i7-povoljno/5425645098334	2026-08-24T15:53:05Z	raw_txt/oglas_0115.txt	18	1457	eb09d4a38d12305db03d15a5341d704239b6fc9342221ef88581d1fde7b6ef3d
116	Halo Oglasi	Desktop računar	Market > Računari > Desktop računari	5425645184992	https://www.halooglasi.com/racunari/desktop-racunari/racunar-intel-pentium-gold-5400-3-70ghz/5425645184992	2026-08-24T15:32:44Z	raw_txt/oglas_0116.txt	39	290	66f499e266292f0dcbdf0c44e026b3fb4e38620530a64e59fca4e143a1f22b70
117	Halo Oglasi	Desktop računar	Market > Računari > Desktop računari	5425645707036	https://www.halooglasi.com/racunari/desktop-racunari/prodaja/5425645707036	2026-08-24T15:53:04Z	raw_txt/oglas_0117.txt	7	9	56e419221092890f2af4da3f2261775cc50eda38236293e7162e1a27db6879f0
118	Halo Oglasi	Desktop računar	Market > Računari > Desktop računari	5425645834192	https://www.halooglasi.com/racunari/desktop-racunari/apple/5425645834192	2026-08-24T15:32:44Z	raw_txt/oglas_0118.txt	5	81	966a2d63a512332197b856229279f22fbeae7404f031d692a7e97441844e1a8e
119	Halo Oglasi	Desktop računar	Market > Računari > Desktop računari	5425645945630	https://www.halooglasi.com/racunari/desktop-racunari/monitor-sa-opremom/5425645945630	2026-08-24T15:32:42Z	raw_txt/oglas_0119.txt	18	82	492019a1b0584d461ec454c9e91cc09c0af17923b7fe07ed9bafb082c749b1ca
120	Halo Oglasi	Desktop računar	Market > Računari > Desktop računari	5425645955589	https://www.halooglasi.com/racunari/desktop-racunari/gejmer-x3-amd-triple-core/5425645955589	2026-08-24T15:53:07Z	raw_txt/oglas_0120.txt	25	1276	e865265c4f02b9d363f8f01cc408f64e4f84088864cc655c9097e3499c139c65
121	Halo Oglasi	Desktop računar	Market > Računari > Desktop računari	5425645955592	https://www.halooglasi.com/racunari/desktop-racunari/i5-svetleci-gejmer-vrh/5425645955592	2026-08-24T15:53:06Z	raw_txt/oglas_0121.txt	22	949	2b740533d0210c504a7a300a3d97a3ea4805bf6c6dff44e6c7e5d803187091db
122	Halo Oglasi	Desktop računar	Market > Računari > Desktop računari	5425645955598	https://www.halooglasi.com/racunari/desktop-racunari/gejmer-i7-top-jeftin/5425645955598	2026-08-24T15:53:08Z	raw_txt/oglas_0122.txt	20	1376	58b178ce899d46d2e7a4ebc059a083d528dceadf51581d887dc257736e193645
123	Halo Oglasi	Desktop računar	Market > Računari > Desktop računari	5425646244853	https://www.halooglasi.com/racunari/desktop-racunari/gejmer-ryzen-5-perfektan-white-povoljno/5425646244853	2026-08-24T15:53:04Z	raw_txt/oglas_0123.txt	39	1453	300216fa1865958789fdfd5af3f2d6cc15ae46203d7e27e6b3d93d6bffe299fd
124	Halo Oglasi	Desktop računar	Market > Računari > Desktop računari	5425646244854	https://www.halooglasi.com/racunari/desktop-racunari/i7-gejmer-cosmos-8-generacija-racunara/5425646244854	2026-08-24T15:32:44Z	raw_txt/oglas_0124.txt	38	1466	ad3e88ad5e9b6140accc7d0629bc208fab68de0c4ceba31dbe88cd6d02530626
125	Halo Oglasi	Desktop računar	Market > Računari > Desktop računari	5425646244952	https://www.halooglasi.com/racunari/desktop-racunari/gejmer-intel-xeon-workstation-top/5425646244952	2026-08-24T15:32:43Z	raw_txt/oglas_0125.txt	33	1463	937dea5867875373ea7af7df25b54ef47e4632507d8196e04a2ecbd977afa945
126	Halo Oglasi	Desktop računar	Market > Računari > Desktop računari	5425646244953	https://www.halooglasi.com/racunari/desktop-racunari/gejmer-zver-svetleci/5425646244953	2026-08-24T15:53:04Z	raw_txt/oglas_0126.txt	20	1436	83ff844f7e1bc53f6c9c848ea80bc4ad948b19e1026332015958772675582aba
127	Halo Oglasi	Desktop računar	Market > Računari > Desktop računari	5425646244954	https://www.halooglasi.com/racunari/desktop-racunari/gejmer-staker--i5-ogromna-mocna-masina/5425646244954	2026-08-24T15:53:04Z	raw_txt/oglas_0127.txt	38	1464	e55bb210889e6b1c7992eaf4ea454852ac94a765be0e21e60d61277ad55fd990
128	Halo Oglasi	Desktop računar	Market > Računari > Desktop računari	5425646251009	https://www.halooglasi.com/racunari/desktop-racunari/komplet-racunar/5425646251009	2026-08-24T15:32:44Z	raw_txt/oglas_0128.txt	15	646	0808fcd0bdb6efa42b3d82db1b873afb7356769a7834b0cc9ae4289ac1b013cb
129	Halo Oglasi	Desktop računar	Market > Računari > Desktop računari	5425646251320	https://www.halooglasi.com/racunari/desktop-racunari/r-3-1200-4-c8ggtx-1650-4g240g/5425646251320	2026-08-24T15:32:44Z	raw_txt/oglas_0129.txt	32	495	1d7e756121fceb8322fa2680495b0cbfa89fc01694920ea14d536766448bcb96
130	Halo Oglasi	Desktop računar	Market > Računari > Desktop računari	5425646254187	https://www.halooglasi.com/racunari/desktop-racunari/r-3-1200-4-c16ggtx-1650-4gssd480gb/5425646254187	2026-08-24T15:32:45Z	raw_txt/oglas_0130.txt	37	488	ae145fde816f54cb8ed71d240fce507d1aadd9fa2901289879e60167954d2ab7
131	Halo Oglasi	Desktop računar	Market > Računari > Desktop računari	5425646407491	https://www.halooglasi.com/racunari/desktop-racunari/acer-veriton-x-x6650g-delovi-vx5e1-desktop/5425646407491	2026-08-24T15:32:43Z	raw_txt/oglas_0131.txt	42	410	64791123ed77e834e85056ba594b82f6fa4fa00610629ae75e544ed96e9af660
132	Halo Oglasi	Desktop računar	Market > Računari > Desktop računari	5425646407495	https://www.halooglasi.com/racunari/desktop-racunari/dell-optiplex-990-i3-2100-4gb-250gb-hard-wind/5425646407495	2026-08-24T15:32:43Z	raw_txt/oglas_0132.txt	48	723	d377f897019ac9234738678e24f5bcca2a5d72a7ba763c7c110f194b21186a17
133	Halo Oglasi	Desktop računar	Market > Računari > Desktop računari	5425646407496	https://www.halooglasi.com/racunari/desktop-racunari/lenovo-all-in-one-ideacentre-aio-520-24icb/5425646407496	2026-08-24T15:53:04Z	raw_txt/oglas_0133.txt	42	300	fea09128a8e3e3a13879b3864e4a0c8db32910dba1786591e44b01b359bc2037
134	Halo Oglasi	Desktop računar	Market > Računari > Desktop računari	5425646408925	https://www.halooglasi.com/racunari/desktop-racunari/desktop-i5-4690-8gb-radeon-r7-200-gigabyte-ga/5425646408925	2026-08-24T15:53:08Z	raw_txt/oglas_0134.txt	50	322	7c99c6cb73483f8b6edef3ddda62d70ad8ace31b1d322c168567cad2adbcf7b8
135	Halo Oglasi	Desktop računar	Market > Računari > Desktop računari	5425646408931	https://www.halooglasi.com/racunari/desktop-racunari/acer-aspire-xc-605-sff-4gb-ddr3-1tb-g3240-des/5425646408931	2026-08-24T15:53:04Z	raw_txt/oglas_0135.txt	49	559	19aff955771520917f8dbefe8b45c2b02407dc95ef224d122c5ff051ed808532
136	Halo Oglasi	Desktop računar	Market > Računari > Desktop računari	5425646409597	https://www.halooglasi.com/racunari/desktop-racunari/lenovo-thinkcentre-m900-i5-6600t-8gb-ddr4-256/5425646409597	2026-08-24T15:32:44Z	raw_txt/oglas_0136.txt	50	1232	967dcd770ea6d7d474c4c30473bf8faaa3fd4bed9606a99ad92d9d1a1355917e
137	Halo Oglasi	Desktop računar	Market > Računari > Desktop računari	5425646410292	https://www.halooglasi.com/racunari/desktop-racunari/lenovo-h505s-amd-e2-1-70ghz-4gb-ddr3-160gb-ha/5425646410292	2026-08-24T15:32:45Z	raw_txt/oglas_0137.txt	47	506	ea280aa6aa17bd4a5a2bbae1b84567a0883bb6ef0b1571dfe4ebad895d4d90c4
138	Halo Oglasi	Desktop računar	Market > Računari > Desktop računari	5425646410397	https://www.halooglasi.com/racunari/desktop-racunari/hp-prodesk-400-g4-mt-16gb-ddr4-i3-6100-deskto/5425646410397	2026-08-24T15:53:05Z	raw_txt/oglas_0138.txt	50	887	bdb8e43cea92ebadcf25d832c5a3483eeec12799af82b077345cf21c2450096b
139	Halo Oglasi	Desktop računar	Market > Računari > Desktop računari	5425646411125	https://www.halooglasi.com/racunari/desktop-racunari/desktop-amd-fx6300-8gb-1tb-gtx960-asus-m5a78l/5425646411125	2026-08-24T15:53:06Z	raw_txt/oglas_0139.txt	47	813	d3eb4760bf28421c9f8af618b268ee769e83768c541dcea23744a581f74f611e
140	Halo Oglasi	Desktop računar	Market > Računari > Desktop računari	5425646411127	https://www.halooglasi.com/racunari/desktop-racunari/dell-precision-t3600-intel-xeon-4gb-500gb-nvi/5425646411127	2026-08-24T15:53:05Z	raw_txt/oglas_0140.txt	48	379	138730f336d0963687acd2340e8327de1ea68c954af8f2278546a46b4fe4eb74
141	Halo Oglasi	Desktop računar	Market > Računari > Desktop računari	5425646411129	https://www.halooglasi.com/racunari/desktop-racunari/hp-elitedesk-sff-800-g3-i5-7500-8gb256gb-ssd/5425646411129	2026-08-24T15:32:43Z	raw_txt/oglas_0141.txt	49	1052	da43921426ac1566b8fd085a7a00b213454786b8562e5def93769426102b6c2d
142	Halo Oglasi	Desktop računar	Market > Računari > Desktop računari	5425646549530	https://www.halooglasi.com/racunari/desktop-racunari/hp-prodesk-400-g4-mt-16gb-ddr4-i3-6100-hp02/5425646549530	2026-08-24T15:53:08Z	raw_txt/oglas_0142.txt	43	736	46d06f06bb949aa5f521dd47acc93d5dafddc3a2976c8fe62e0f9790ae063b39
143	Halo Oglasi	Desktop računar	Market > Računari > Desktop računari	5425646549566	https://www.halooglasi.com/racunari/desktop-racunari/duka-pc-all-in-one-desktop-touch-panel/5425646549566	2026-08-24T15:53:08Z	raw_txt/oglas_0143.txt	38	360	dc42e72d07086ee19b4f890a4c687aecfe873bd8403489b4ccb6349a36b8ec68
144	Halo Oglasi	Desktop računar	Market > Računari > Desktop računari	5425646549745	https://www.halooglasi.com/racunari/desktop-racunari/lenovo-thinkcentre-m710t-intel-i5-7400-8gb-lp/5425646549745	2026-08-24T15:53:03Z	raw_txt/oglas_0144.txt	46	373	29c0b39e9eeb5e7f9bce9c17c8e97e1b156ba8cdf9dcb838a76569bd3817f43f
145	Halo Oglasi	Desktop računar	Market > Računari > Desktop računari	5425646549750	https://www.halooglasi.com/racunari/desktop-racunari/hp-elitedesk-sff-800-g3-i5-6500ddr4-8128gb-hp/5425646549750	2026-08-24T15:32:44Z	raw_txt/oglas_0145.txt	50	1093	5dc8b3d008f1684047b7953889a64331ddab5123afe9d3ce4b1943dca95242c2
146	Halo Oglasi	Desktop računar	Market > Računari > Desktop računari	5425646550816	https://www.halooglasi.com/racunari/desktop-racunari/hp-elitedesk-sff-800-g3-i5-6500ddr4-8gb128gb/5425646550816	2026-08-24T15:32:42Z	raw_txt/oglas_0146.txt	50	1092	eaba6eeabbcf3bb665f842e9c437624f133f68f5d96675d150be4e89459fae91
147	Halo Oglasi	Desktop računar	Market > Računari > Desktop računari	5425646806382	https://www.halooglasi.com/racunari/desktop-racunari/retro-pc---sempron-2600-radeon-hd-9250---radi/5425646806382	2026-08-24T15:32:43Z	raw_txt/oglas_0147.txt	48	655	4028be50f25f3e52add3ddeecf837f0e14a9b717def470ece79c4ea213725961
148	Halo Oglasi	Desktop računar	Market > Računari > Desktop računari	5425646942660	https://www.halooglasi.com/racunari/desktop-racunari/intel-i5-12500-32gb-ram-500gb-nvme-seasonic/5425646942660	2026-08-24T15:32:42Z	raw_txt/oglas_0148.txt	49	693	98ebf933763e0573b25f16a8844cf566a25f407626145345e079792452bd23d0
149	Halo Oglasi	Desktop računar	Market > Računari > Desktop računari	5425646946753	https://www.halooglasi.com/racunari/desktop-racunari/racunar-za-multimediju-ssd/5425646946753	2026-08-24T15:32:45Z	raw_txt/oglas_0149.txt	26	422	8eb72b80de6383d8ef8a7c151d9d2cadd8bba30501353de6e836cf515708e4bf
150	Halo Oglasi	Desktop računar	Market > Računari > Desktop računari	5425647063674	https://www.halooglasi.com/racunari/desktop-racunari/amd-phenom-ii-x4-945-qvad-coresoket-amd3/5425647063674	2026-08-24T15:53:06Z	raw_txt/oglas_0150.txt	41	463	f939ecc6d6afec84b1589a866cc8077f5fd5d904bae9cf0dd032ff974a56439b
151	Halo Oglasi	Desktop računar	Market > Računari > Desktop računari	5425647063968	https://www.halooglasi.com/racunari/desktop-racunari/ekstra-gamer-i5-13400fb760m16gbrtx2060-6gb512/5425647063968	2026-08-24T15:53:06Z	raw_txt/oglas_0151.txt	50	412	b78cc06344929f6322e70cebeae410be9518efba9a3062d63904369145590308
152	Halo Oglasi	Desktop računar	Market > Računari > Desktop računari	5425647156784	https://www.halooglasi.com/racunari/desktop-racunari/i3-71008ddr4m-2-nvme-256gb/5425647156784	2026-08-24T15:32:44Z	raw_txt/oglas_0152.txt	29	701	2489c2dc6e2025f025b6ba729d3ab1c4eab013f989fa5afed9e875a2fad08bd1
153	Halo Oglasi	Desktop računar	Market > Računari > Desktop računari	5425647181793	https://www.halooglasi.com/racunari/desktop-racunari/polovan-racunar-tastatura-i-monitor-acer-19/5425647181793	2026-08-24T15:53:08Z	raw_txt/oglas_0153.txt	44	325	9501a893a72d12f8203621a0c8faa0790c9fd74a1e3a676eb1d2b1d717c59122
154	Halo Oglasi	Desktop računar	Market > Računari > Desktop računari	5425647193342	https://www.halooglasi.com/racunari/desktop-racunari/gaming-racunar-rx6600ssd16rammonitorperiferij/5425647193342	2026-08-24T15:32:42Z	raw_txt/oglas_0154.txt	50	774	9d4a9a05b3f9b2e978969b3587ba7964d6ae95ea4f8d7cc1ae8a37a5e777549b
155	Halo Oglasi	Desktop računar	Market > Računari > Desktop računari	5425647436354	https://www.halooglasi.com/racunari/desktop-racunari/atlon-x4-8408ddr31000gb-hddgt-630-2gb-ddr3/5425647436354	2026-08-24T15:53:04Z	raw_txt/oglas_0155.txt	45	648	82a26e5db73f83dc47dde10f3a3b4cf1a00bdd23453b18fdab94eaa188e6ce46
156	Halo Oglasi	Desktop računar	Market > Računari > Desktop računari	5425647439211	https://www.halooglasi.com/racunari/desktop-racunari/xeon-e5620x216-jezgra-16gb-ddr3-rx-570-4gb-ss/5425647439211	2026-08-24T15:53:05Z	raw_txt/oglas_0156.txt	50	1420	346141d52c574bf759bc8b32162936f0028a2bb6ac2d3a20279abd0e582be5e3
157	Halo Oglasi	Desktop računar	Market > Računari > Desktop računari	5425647444985	https://www.halooglasi.com/racunari/desktop-racunari/gamer-i7-4770-r9-380-4gb-16gb-ram-120gb-ssd-1/5425647444985	2026-08-24T15:32:44Z	raw_txt/oglas_0157.txt	50	1317	48caf432bcc602419f22078ad679a38d32be02ce5656e6c22f7a390b1129f083
158	Halo Oglasi	Desktop računar	Market > Računari > Desktop računari	5425647561939	https://www.halooglasi.com/racunari/desktop-racunari/gamer-i7-7700krx-580-8gb16gbnvme-128gb-hd-1tb/5425647561939	2026-08-24T15:32:42Z	raw_txt/oglas_0158.txt	49	950	454caf702ed9a1554333df71882e64c38ea4fadeb93c987d43f604c0f326e2e0
159	Halo Oglasi	Desktop računar	Market > Računari > Desktop računari	5425647563631	https://www.halooglasi.com/racunari/desktop-racunari/racunar-ddr4-asrock-h510-gold-6405-16gb-460w/5425647563631	2026-08-24T15:53:05Z	raw_txt/oglas_0159.txt	44	1496	3a91c942a5b1a3e4868f8d367befef57dba6624097498c5683bb34d9b5411cc2
160	Halo Oglasi	Desktop računar	Market > Računari > Desktop računari	5425647566912	https://www.halooglasi.com/racunari/desktop-racunari/commodore-64-c-c64c-komplet-retro/5425647566912	2026-08-24T15:32:44Z	raw_txt/oglas_0160.txt	35	971	e65edee1a92c8f3fb14c17f5e29d8b702fd16cffab7f0791a899a17fd249d7d5
161	Halo Oglasi	Desktop računar	Market > Računari > Desktop računari	5425647573005	https://www.halooglasi.com/racunari/desktop-racunari/racunar-ddr4-asrock-a-520-ryzen-4300g-16gb-55/5425647573005	2026-08-24T15:32:44Z	raw_txt/oglas_0161.txt	47	1499	010bfc4c207af04d45d5aed4e0187376a4afe4635129c919699a87d68fdc064f
162	Halo Oglasi	GPU	Market > Računari > Komponente za računare > Grafičke karte	5425626808647	https://www.halooglasi.com/racunari/graficke-karte/leadtek-gt520-1024mb-ddr3-pcie/5425626808647	2026-08-24T15:32:50Z	raw_txt/oglas_0162.txt	30	276	073a7a0d48f775540fad539aa7386fd58cb696d610d3dbe18c456c40d40a3626
163	Halo Oglasi	GPU	Market > Računari > Komponente za računare > Grafičke karte	5425634120597	https://www.halooglasi.com/racunari/graficke-karte/graficka-karta/5425634120597	2026-08-24T15:32:48Z	raw_txt/oglas_0163.txt	14	36	2efce175a4f72057d78a793446736863c798d48298e97822b9589a2ceb8a1641
164	Halo Oglasi	GPU	Market > Računari > Komponente za računare > Grafičke karte	5425634423281	https://www.halooglasi.com/racunari/graficke-karte/sapphire-radeon-r9-290x/5425634423281	2026-08-24T15:53:17Z	raw_txt/oglas_0164.txt	23	397	7fef1737dac0c6396279b670313adf1e5c27d6e51eac6d58332e6f16d6e73de7
165	Halo Oglasi	GPU	Market > Računari > Komponente za računare > Grafičke karte	5425634446599	https://www.halooglasi.com/racunari/graficke-karte/rigovi/5425634446599	2026-08-24T15:53:17Z	raw_txt/oglas_0165.txt	6	79	1138bada6def622166ba9ca7045daf5b32e8adc61a0f100e0fddb13f4b2723a5
166	Halo Oglasi	GPU	Market > Računari > Komponente za računare > Grafičke karte	5425634725914	https://www.halooglasi.com/racunari/graficke-karte/r9-390/5425634725914	2026-08-24T15:53:17Z	raw_txt/oglas_0166.txt	6	971	b6f1079374b42605851c2e4c934e5b376205359a99b23ffdc1572b14b4f3fe44
167	Halo Oglasi	GPU	Market > Računari > Komponente za računare > Grafičke karte	5425635095575	https://www.halooglasi.com/racunari/graficke-karte/qledatek-gts450-cooler/5425635095575	2026-08-24T15:32:49Z	raw_txt/oglas_0167.txt	22	52	2e5d3a9f863b032e137bf47162eed073dd78c435881fafacf87f3bc915c3a3e1
168	Halo Oglasi	GPU	Market > Računari > Komponente za računare > Grafičke karte	5425635159778	https://www.halooglasi.com/racunari/graficke-karte/komplet-komponente-za-pc/5425635159778	2026-08-24T15:32:50Z	raw_txt/oglas_0168.txt	24	152	d3df1b0835774dea190690a74fd5d2cab143f7603aefb9d0bf25cce505892b90
169	Halo Oglasi	GPU	Market > Računari > Komponente za računare > Grafičke karte	5425635223181	https://www.halooglasi.com/racunari/graficke-karte/gigabyte-750-ti-2gb-128bit-polovna/5425635223181	2026-08-24T15:32:49Z	raw_txt/oglas_0169.txt	34	133	f64187130ed3e6866fb4d9d91f094bb200b64c51564e579067a607926fc47fc4
170	Halo Oglasi	GPU	Market > Računari > Komponente za računare > Grafičke karte	5425635268186	https://www.halooglasi.com/racunari/graficke-karte/amd-rx550-2gb/5425635268186	2026-08-24T15:53:16Z	raw_txt/oglas_0170.txt	13	100	7cf2d84d0b8b7173abfdd45ba06c7e57fb58ac60fc8412f8d86754b481a95766
171	Halo Oglasi	GPU	Market > Računari > Komponente za računare > Grafičke karte	5425635630468	https://www.halooglasi.com/racunari/graficke-karte/graficka-gtx-1050-pro-3gb-rom/5425635630468	2026-08-24T15:32:49Z	raw_txt/oglas_0171.txt	29	1490	e56d4334d21e40a5e604b0fefb517cb1272bba13726e4053e9aa528a95cdf2e8
172	Halo Oglasi	GPU	Market > Računari > Komponente za računare > Grafičke karte	5425635849694	https://www.halooglasi.com/racunari/graficke-karte/graficka-kartica-amd-radeon-rx470/5425635849694	2026-08-24T15:53:14Z	raw_txt/oglas_0172.txt	33	599	411d72067321e74eb51f4d033974015254cadde2dfdb9644087df040aba2c7f4
173	Halo Oglasi	GPU	Market > Računari > Komponente za računare > Grafičke karte	5425635911745	https://www.halooglasi.com/racunari/graficke-karte/graficka-agp-x1650-pro-512-mb-rama/5425635911745	2026-08-24T15:32:50Z	raw_txt/oglas_0173.txt	34	146	10a4082fbcbac4df7e2b58549628d8fe6adf2e425fdbd321a809c042798850e3
174	Halo Oglasi	GPU	Market > Računari > Komponente za računare > Grafičke karte	5425636037296	https://www.halooglasi.com/racunari/graficke-karte/asus-rx570-strix---4gb/5425636037296	2026-08-24T15:53:15Z	raw_txt/oglas_0174.txt	22	431	7f6b1f16078505b449d3a6739d5a36dc87de68493c361c341da56f0a06d3b6be
175	Halo Oglasi	GPU	Market > Računari > Komponente za računare > Grafičke karte	5425636202994	https://www.halooglasi.com/racunari/graficke-karte/asus-g60v-g60vx-1gb-nvidia-gtx-260m-gr/5425636202994	2026-08-24T15:53:15Z	raw_txt/oglas_0175.txt	38	97	a6fce24ddf226f23e0509e6ce19d23ea00aff808cb559228c56befe19ea264c3
176	Halo Oglasi	GPU	Market > Računari > Komponente za računare > Grafičke karte	5425636407825	https://www.halooglasi.com/racunari/graficke-karte/gigabyte-radeon-rx-5500-xt-oc-8g-gv-r55xtoc-8/5425636407825	2026-08-24T15:32:49Z	raw_txt/oglas_0176.txt	47	119	2b873e6497f25eff70c2a9b3e2aed1d845c600386bff9fb602a5f9514e3bbf96
177	Halo Oglasi	GPU	Market > Računari > Komponente za računare > Grafičke karte	5425636549874	https://www.halooglasi.com/racunari/graficke-karte/rig-sa-sest-rx-580-4-giga-karti/5425636549874	2026-08-24T15:32:48Z	raw_txt/oglas_0177.txt	31	211	b1ff7c0466c1067c3c458b28229e1ed86eb6f711d792d9a4bd99e580ef8cdf8d
178	Halo Oglasi	GPU	Market > Računari > Komponente za računare > Grafičke karte	5425642088436	https://www.halooglasi.com/racunari/graficke-karte/nvidia-d33088-p118-agp-64mb-geforce4-mx-440/5425642088436	2026-08-24T15:32:51Z	raw_txt/oglas_0178.txt	43	111	6defb065e258f987480750c2b9f64d688e701704c828e7895d4dae36cd6a4f75
179	Halo Oglasi	GPU	Market > Računari > Komponente za računare > Grafičke karte	5425642256785	https://www.halooglasi.com/racunari/graficke-karte/gainward-9600gt-512mb/5425642256785	2026-08-24T15:53:15Z	raw_txt/oglas_0179.txt	21	460	4b4e060be7dcc8f15a892b5e1955f7227e5839def0d0695036ae32744aee38c9
180	Halo Oglasi	GPU	Market > Računari > Komponente za računare > Grafičke karte	5425642269165	https://www.halooglasi.com/racunari/graficke-karte/nvidia-gtx-750ti-2gb/5425642269165	2026-08-24T15:53:14Z	raw_txt/oglas_0180.txt	20	14	e10edd427c1aa63baf1baa431e5f72b14bf8fa5ac17a02cc5d394b0c43a3a5f7
181	Halo Oglasi	GPU	Market > Računari > Komponente za računare > Grafičke karte	5425642269324	https://www.halooglasi.com/racunari/graficke-karte/gtx-750ti-2gb/5425642269324	2026-08-24T15:53:16Z	raw_txt/oglas_0181.txt	13	82	15de8f762e48e53796a38d62c35284556feb2fc7003f10a3fe60e4b0aa01dc27
182	Halo Oglasi	GPU	Market > Računari > Komponente za računare > Grafičke karte	5425642300447	https://www.halooglasi.com/racunari/graficke-karte/r9-390-8gb-512bit/5425642300447	2026-08-24T15:32:50Z	raw_txt/oglas_0182.txt	17	500	dc179a6cb9bdb7d143d02b86bd1327ff9e87d6393a122df2dab0194e9803a027
183	Halo Oglasi	GPU	Market > Računari > Komponente za računare > Grafičke karte	5425642397354	https://www.halooglasi.com/racunari/graficke-karte/gt-1030-prodaja/5425642397354	2026-08-24T15:32:51Z	raw_txt/oglas_0183.txt	15	130	329bdc49cb850d62c613acc6449f0d8a17d0b11846ad99bb10159bc23ba4ab5e
184	Halo Oglasi	GPU	Market > Računari > Komponente za računare > Grafičke karte	5425642433270	https://www.halooglasi.com/racunari/graficke-karte/potpuno-nova-msi-nvidia-rtx-3070-8gb-popust/5425642433270	2026-08-24T15:53:15Z	raw_txt/oglas_0184.txt	45	1435	d80c930bb1f68c28054f75eb87faa04ac4ced37bd97059fc01608c26c81e6029
185	Halo Oglasi	GPU	Market > Računari > Komponente za računare > Grafičke karte	5425642584122	https://www.halooglasi.com/racunari/graficke-karte/asus-tuf-gaming-radeon-rx-6900-xt-oc-16gb-gdd/5425642584122	2026-08-24T15:32:49Z	raw_txt/oglas_0185.txt	47	966	1a7aad69de386df68ae983541ead0120591677604294085505d6a72acd2a7217
186	Halo Oglasi	GPU	Market > Računari > Komponente za računare > Grafičke karte	5425642672625	https://www.halooglasi.com/racunari/graficke-karte/6600-xt-msi-gamingx-6600xt-radeon/5425642672625	2026-08-24T15:53:13Z	raw_txt/oglas_0186.txt	33	109	40c2d712a914a36185971d1183d2765e061e3699bc2d6df135377be3904f71fe
187	Halo Oglasi	GPU	Market > Računari > Komponente za računare > Grafičke karte	5425642678038	https://www.halooglasi.com/racunari/graficke-karte/zotac-gaming-nvidia-geforce-rtx-3090-24gb-ddr/5425642678038	2026-08-24T15:53:16Z	raw_txt/oglas_0187.txt	47	273	ae3fe9be4d7cdd697ff59793b2608197b84d9eb4a77676a5e296d5e7f494ec61
188	Halo Oglasi	GPU	Market > Računari > Komponente za računare > Grafičke karte	5425642844387	https://www.halooglasi.com/racunari/graficke-karte/agp-grafika/5425642844387	2026-08-24T15:53:13Z	raw_txt/oglas_0188.txt	11	25	9ffbc7904d0fb578efffce39323fe89487e929588e78c8beb172291a13900205
189	Halo Oglasi	GPU	Market > Računari > Komponente za računare > Grafičke karte	5425642850174	https://www.halooglasi.com/racunari/graficke-karte/graficka-sapphire-nitro-radeon-rx580-8g-dddr5/5425642850174	2026-08-24T15:32:49Z	raw_txt/oglas_0189.txt	45	89	7e1eb2a8db4725475c7f9000f43fcffbbac648076f7eb9ca88ec95186c05e5c1
190	Halo Oglasi	GPU	Market > Računari > Komponente za računare > Grafičke karte	5425642975447	https://www.halooglasi.com/racunari/graficke-karte/asus-hd-7750-gddr5-v2/5425642975447	2026-08-24T15:32:48Z	raw_txt/oglas_0190.txt	21	534	7d781bcca786a1cfab9ef704f47ac714736a21aafd356f02a60c58df65a655ec
191	Halo Oglasi	GPU	Market > Računari > Komponente za računare > Grafičke karte	5425643052302	https://www.halooglasi.com/racunari/graficke-karte/geforce-gt-220x-znf2/5425643052302	2026-08-24T15:32:48Z	raw_txt/oglas_0191.txt	20	262	eea911c9ed91208b844b28e91fca01a43a883e1e1ceb50ee2671cc9fb9e78cf9
192	Halo Oglasi	GPU	Market > Računari > Komponente za računare > Grafičke karte	5425643196876	https://www.halooglasi.com/racunari/graficke-karte/safirka-rx580-8gb/5425643196876	2026-08-24T15:53:14Z	raw_txt/oglas_0192.txt	18	55	52b23472be346992f6fbc17ac6e54114942624da3e9040f517c1a26338ec2be4
193	Halo Oglasi	GPU	Market > Računari > Komponente za računare > Grafičke karte	5425643199591	https://www.halooglasi.com/racunari/graficke-karte/evga-nvidia-gtx-460-1gb/5425643199591	2026-08-24T15:32:50Z	raw_txt/oglas_0193.txt	23	216	79f3d84132846c0b5c1a43920d28045c3efd14b9e5a85e8acba09bdc063b5277
194	Halo Oglasi	GPU	Market > Računari > Komponente za računare > Grafičke karte	5425643439394	https://www.halooglasi.com/racunari/graficke-karte/graficka-gtx1650super-4gb-gddr6-zt-t16510f-10/5425643439394	2026-08-24T15:53:15Z	raw_txt/oglas_0194.txt	46	705	90eab78bf3ee221389a41f1aa9c440c6fb6399f31d6679837dc94353864af987
195	Halo Oglasi	GPU	Market > Računari > Komponente za računare > Grafičke karte	5425643523984	https://www.halooglasi.com/racunari/graficke-karte/rx-580-sapphire-nitro/5425643523984	2026-08-24T15:53:16Z	raw_txt/oglas_0195.txt	21	253	a2d8103c08fd9c10310e3a29a555a718c843debf1e30b4eb1698d72c1c723446
196	Halo Oglasi	GPU	Market > Računari > Komponente za računare > Grafičke karte	5425643920321	https://www.halooglasi.com/racunari/graficke-karte/nvidija---ge-force-gt-630/5425643920321	2026-08-24T15:53:13Z	raw_txt/oglas_0196.txt	25	97	54790ea4c95734b95f703f177fafa013316b8e6970c3d706d57b9e650da75527
197	Halo Oglasi	GPU	Market > Računari > Komponente za računare > Grafičke karte	5425643923611	https://www.halooglasi.com/racunari/graficke-karte/gigabyte-geforce-gtx-1650/5425643923611	2026-08-24T15:53:17Z	raw_txt/oglas_0197.txt	25	128	42bd0a08681bb38ebc165ff3f6013cc6010b6bccbd7592c1101ce1d879915bca
198	Halo Oglasi	GPU	Market > Računari > Komponente za računare > Grafičke karte	5425643929716	https://www.halooglasi.com/racunari/graficke-karte/graficka-169-amd-radeon-hd-5450---512/5425643929716	2026-08-24T15:53:13Z	raw_txt/oglas_0198.txt	39	358	d9ee01d61d741ca3b813689e0d8a77d28d9cf0b9eff18e97edbd3e82ac249a60
199	Halo Oglasi	GPU	Market > Računari > Komponente za računare > Grafičke karte	5425643929717	https://www.halooglasi.com/racunari/graficke-karte/graficka-176-ati-radeon-hd-2400-pro/5425643929717	2026-08-24T15:32:49Z	raw_txt/oglas_0199.txt	37	462	2cd8f8db40578d1c1e005f5552c3d913bfbcdb3f443da57291c5c72afe89a3cc
200	Halo Oglasi	GPU	Market > Računari > Komponente za računare > Grafičke karte	5425643930442	https://www.halooglasi.com/racunari/graficke-karte/graficka-146-asus-en9800-htdp-512m-a/5425643930442	2026-08-24T15:32:49Z	raw_txt/oglas_0200.txt	38	570	53e1c6ffdcbeafa2ccb98fc139b50018158132c5b818ec51699baea64ca38b35
201	Halo Oglasi	GPU	Market > Računari > Komponente za računare > Grafičke karte	5425643930445	https://www.halooglasi.com/racunari/graficke-karte/graficka-153-asus-radeon-x1650pro-512m/5425643930445	2026-08-24T15:32:51Z	raw_txt/oglas_0201.txt	40	430	04120a523a45566528e2215302ec8b8e47115dfca4fd655b9976b9551d88ce75
202	Halo Oglasi	GPU	Market > Računari > Komponente za računare > Grafičke karte	5425643930452	https://www.halooglasi.com/racunari/graficke-karte/graficka-162-gigabyte-gv-r4350c-512i/5425643930452	2026-08-24T15:32:50Z	raw_txt/oglas_0202.txt	38	428	7d126a3a8924b74e6a5c985a24cecdd3921898c8027748a849a29f7979fdb762
203	Halo Oglasi	GPU	Market > Računari > Komponente za računare > Grafičke karte	5425643930544	https://www.halooglasi.com/racunari/graficke-karte/graficka-175-asus-geforce-gts-250/5425643930544	2026-08-24T15:53:13Z	raw_txt/oglas_0203.txt	35	575	b52ffe691ad47b5795907cd6ffe7cd6bfd656f3666f0ef99fb13a2aea7147c18
204	Halo Oglasi	GPU	Market > Računari > Komponente za računare > Grafičke karte	5425643939148	https://www.halooglasi.com/racunari/graficke-karte/asus-cerberus-geforce-gtx-1050ti-advanced-edi/5425643939148	2026-08-24T15:32:49Z	raw_txt/oglas_0204.txt	49	101	bd3ab37d95715f88e7fd29c0e51a9ad631aefa7657ebadac359314e9d43a2553
205	Halo Oglasi	GPU	Market > Računari > Komponente za računare > Grafičke karte	5425643954024	https://www.halooglasi.com/racunari/graficke-karte/lot-novih-grafickih-cena-za-sve/5425643954024	2026-08-24T15:32:49Z	raw_txt/oglas_0205.txt	31	31	de4dd7e83c20fb71efefa3bea84113a0d17ae705758433cb66be0aa5a9650b6d
206	Halo Oglasi	GPU	Market > Računari > Komponente za računare > Grafičke karte	5425644189627	https://www.halooglasi.com/racunari/graficke-karte/biostar-geforce-gt-610-2gb-ddr3/5425644189627	2026-08-24T15:53:16Z	raw_txt/oglas_0206.txt	31	241	3aeb96023a3c35077e49d952959585434efb45d860a4573ad0cccfaa9c58fb5c
207	Halo Oglasi	GPU	Market > Računari > Komponente za računare > Grafičke karte	5425644575098	https://www.halooglasi.com/racunari/graficke-karte/asus-nvidia-gtx-570-1280mb-gddr5/5425644575098	2026-08-24T15:53:13Z	raw_txt/oglas_0207.txt	32	215	007f37f1bc0d8c6368f98ca2bce41457e837c3ccbf72a29247e84e7e1238a6d7
208	Halo Oglasi	GPU	Market > Računari > Komponente za računare > Grafičke karte	5425644807840	https://www.halooglasi.com/racunari/graficke-karte/8600gts---graficka-foxconn/5425644807840	2026-08-24T15:53:13Z	raw_txt/oglas_0208.txt	26	149	654c0f2bee6a0a5c654d358499281d2a6e34429d8c42af497d9ff4b32dc11642
209	Halo Oglasi	GPU	Market > Računari > Komponente za računare > Grafičke karte	5425644911676	https://www.halooglasi.com/racunari/graficke-karte/palit-geforce-gtx-560-ti-1gb-256bit---vga-dvi/5425644911676	2026-08-24T15:32:48Z	raw_txt/oglas_0209.txt	50	1036	979187859da9485dfb4910cf8f39146e34a36ddc0bc885a79afc5129d79754e2
210	Halo Oglasi	GPU	Market > Računari > Komponente za računare > Grafičke karte	5425645378386	https://www.halooglasi.com/racunari/graficke-karte/gigabyte-5450-hd-o-c-ati-radeon-512-graficka/5425645378386	2026-08-24T15:32:50Z	raw_txt/oglas_0210.txt	45	903	93f12b26bc69b2d27c199d996ec7bc33b93a654a3a467d28744328698c3ffc90
211	Halo Oglasi	GPU	Market > Računari > Komponente za računare > Grafičke karte	5425645378675	https://www.halooglasi.com/racunari/graficke-karte/asus-hd-3650-ati-radeon-512-128-bit-silent/5425645378675	2026-08-24T15:32:51Z	raw_txt/oglas_0211.txt	44	1253	01fa36e5c33dfdb2fc0ce3008bb6e6255a025bd4170877a177d3af29d6a3663c
212	Halo Oglasi	GPU	Market > Računari > Komponente za računare > Grafičke karte	5425645396262	https://www.halooglasi.com/racunari/graficke-karte/agp-graficka-7300-gt-256-mb-kao-nova/5425645396262	2026-08-24T15:53:14Z	raw_txt/oglas_0212.txt	38	1268	feab22647cfab7e28a7f791cb11ce6a15f6e51baa5119b077b93f2fa01681e1e
213	Halo Oglasi	GPU	Market > Računari > Komponente za računare > Grafičke karte	5425645396276	https://www.halooglasi.com/racunari/graficke-karte/msi-gt-230-256-bit-core-6501800mh/5425645396276	2026-08-24T15:32:49Z	raw_txt/oglas_0213.txt	36	841	7912a4f3a43168177b752c351c357f62d57021923f5c25835042c2abfe6ab220
214	Halo Oglasi	GPU	Market > Računari > Komponente za računare > Grafičke karte	5425645396375	https://www.halooglasi.com/racunari/graficke-karte/graficka-gt-440-gainward-1gb-128-bit-dx11/5425645396375	2026-08-24T15:53:17Z	raw_txt/oglas_0214.txt	41	988	75df9dbd9d65646109332cfcaefc5ea61924971eb0651380cc370c0af3cc530e
215	Halo Oglasi	GPU	Market > Računari > Komponente za računare > Grafičke karte	5425645396657	https://www.halooglasi.com/racunari/graficke-karte/agp-graficka-asus-gf4-mx-420/5425645396657	2026-08-24T15:53:15Z	raw_txt/oglas_0215.txt	29	786	af426d1fa987f3550c744bbf9876e1b8251ae79e897d135ec95cb6f7e6e66d00
216	Halo Oglasi	GPU	Market > Računari > Komponente za računare > Grafičke karte	5425645396659	https://www.halooglasi.com/racunari/graficke-karte/agp-graficka-ge-force-fx-5200-visokoprofilna/5425645396659	2026-08-24T15:53:15Z	raw_txt/oglas_0216.txt	45	920	0f929b258396725475764ea8aa4320965114bbba2cbcb627da90c4255ef5402d
217	Halo Oglasi	GPU	Market > Računari > Komponente za računare > Grafičke karte	5425645898536	https://www.halooglasi.com/racunari/graficke-karte/powercolor-red-devil-radeon-rx-570-4gb-gddr5/5425645898536	2026-08-24T15:53:13Z	raw_txt/oglas_0217.txt	50	114	66fee714b704d0af52f719b015534db51c4e68d40c12775bdf959f2f8696106a
218	Halo Oglasi	GPU	Market > Računari > Komponente za računare > Grafičke karte	5425646066050	https://www.halooglasi.com/racunari/graficke-karte/rx-580-8gb-se-sapphire-nitro/5425646066050	2026-08-24T15:32:50Z	raw_txt/oglas_0218.txt	28	211	e53ce17eb580e04af25a345a130da3b8c064cb7baa8127491b6262f5a8ac467f
219	Halo Oglasi	GPU	Market > Računari > Komponente za računare > Grafičke karte	5425646491818	https://www.halooglasi.com/racunari/graficke-karte/gigabyte-windforce-r9-270-oc/5425646491818	2026-08-24T15:53:14Z	raw_txt/oglas_0219.txt	28	126	6238a88595a2b0bd684f5231fd19e248b99d96eb8550d8cfb8da89add5483c12
220	Halo Oglasi	GPU	Market > Računari > Komponente za računare > Grafičke karte	5425646552224	https://www.halooglasi.com/racunari/graficke-karte/gainward-rtx-3060-12gb-gddr6-ghost/5425646552224	2026-08-24T15:32:48Z	raw_txt/oglas_0220.txt	35	1436	9a7ee5b6baae36c3708ecc9caf1fcd12fb3690580722b4f6925899dbc5fec831
221	Halo Oglasi	GPU	Market > Računari > Komponente za računare > Grafičke karte	5425646601717	https://www.halooglasi.com/racunari/graficke-karte/point-of-view-gtx-680-4gb-graficka-kartica-gt/5425646601717	2026-08-24T15:53:14Z	raw_txt/oglas_0221.txt	49	1114	40e5c063affe53d22ab49e0cd305fcfc27af5c790d445e48833ea8a8828b2197
222	Halo Oglasi	GPU	Market > Računari > Komponente za računare > Grafičke karte	5425646659773	https://www.halooglasi.com/racunari/graficke-karte/zotac-rtx-3060-ti-kao-nova/5425646659773	2026-08-24T15:32:50Z	raw_txt/oglas_0222.txt	26	173	c7709b29b688e903330e7c7097a1689eecedb9a2ffb13f4ad591aa3b87ea6a5a
223	Halo Oglasi	GPU	Market > Računari > Komponente za računare > Grafičke karte	5425646674608	https://www.halooglasi.com/racunari/graficke-karte/biostar-5700xt-kao-nove/5425646674608	2026-08-24T15:32:48Z	raw_txt/oglas_0223.txt	23	159	201ad70d8bf18fc4465e2b48102398ee4da6d8cc3776df8e98072ec3c452c6ce
224	Halo Oglasi	GPU	Market > Računari > Komponente za računare > Grafičke karte	5425646674609	https://www.halooglasi.com/racunari/graficke-karte/xfx-580-8gb/5425646674609	2026-08-24T15:53:13Z	raw_txt/oglas_0224.txt	11	119	2dc3d51142ae57f6da8efdfb8e9ea975fbe1cdd1c7fb6dfb617bedff40f5039c
225	Halo Oglasi	GPU	Market > Računari > Komponente za računare > Grafičke karte	5425646896000	https://www.halooglasi.com/racunari/graficke-karte/msi-geforce-gt-240-1gb/5425646896000	2026-08-24T15:53:13Z	raw_txt/oglas_0225.txt	22	52	e73a116831ac9df8d8606bc4ff146098b6e3e15885402edb951b053c97916c13
226	Halo Oglasi	GPU	Market > Računari > Komponente za računare > Grafičke karte	5425647038711	https://www.halooglasi.com/racunari/graficke-karte/graficka-karta-6900xt-xfx-novo-vakum/5425647038711	2026-08-24T15:53:15Z	raw_txt/oglas_0226.txt	36	34	f1668860c4539387dc22c20ed3e71a2e8c4cd0c96f5af107e961c5957b994c54
227	Halo Oglasi	GPU	Market > Računari > Komponente za računare > Grafičke karte	5425647193282	https://www.halooglasi.com/racunari/graficke-karte/radeon-vega-64-8gb/5425647193282	2026-08-24T15:32:50Z	raw_txt/oglas_0227.txt	18	226	3e9d5f7aa792b40f16779c57036a7205a7e041a315b3be29c7b38aeb3d7fd780
228	Halo Oglasi	GPU	Market > Računari > Komponente za računare > Grafičke karte	5425647256694	https://www.halooglasi.com/racunari/graficke-karte/geforce-gtx-1050-ti-low-profile-4g-poklon-ryz/5425647256694	2026-08-24T15:53:14Z	raw_txt/oglas_0228.txt	49	325	7c090a3c41674bf0d5fa4bff666ed6da248e8bd4cc264d553feae7f1805fcc56
229	Halo Oglasi	GPU	Market > Računari > Komponente za računare > Grafičke karte	5425647423131	https://www.halooglasi.com/racunari/graficke-karte/nvidia-quadro-p400-2gb/5425647423131	2026-08-24T15:53:17Z	raw_txt/oglas_0229.txt	22	52	8c64de6ba3e8dc0dcf5f01a26b518124954279abc0f2254151c916b17e07288f
230	Halo Oglasi	GPU	Market > Računari > Komponente za računare > Grafičke karte	5425647508468	https://www.halooglasi.com/racunari/graficke-karte/asus-gt520-1gb/5425647508468	2026-08-24T15:53:16Z	raw_txt/oglas_0230.txt	14	131	86095d1424e4ce12a7d90a5b869e21ebf14f3c0dc43586eba56d976fd4798f02
231	Halo Oglasi	GPU	Market > Računari > Komponente za računare > Grafičke karte	5425647554136	https://www.halooglasi.com/racunari/graficke-karte/gigabyte-geforce-gt630-2gb-ddr3-128bit/5425647554136	2026-08-24T15:32:50Z	raw_txt/oglas_0231.txt	38	64	a9e15eaa2095afd2829c33bfa6826452de2a4519db599bc6108cd6534b68990d
232	Halo Oglasi	Laptop	Market > Računari > Laptop računari	5425435177598	https://www.halooglasi.com/racunari/laptop-racunari/4-laptopa-neispravna/5425435177598	2026-08-24T15:52:42Z	raw_txt/oglas_0232.txt	20	36	daeb58e48c80d02bba0c950e7794e16657795a03eb687c845d728130152cd33c
233	Halo Oglasi	Laptop	Market > Računari > Laptop računari	5425635283898	https://www.halooglasi.com/racunari/laptop-racunari/medion-akoya-s5610-neispravno-ili-osteceno/5425635283898	2026-08-24T15:52:39Z	raw_txt/oglas_0233.txt	44	312	f028f33854d0befd4ff2a577beebbc622d31b7376c1dfd5fe02aa99204ef8d14
234	Halo Oglasi	Laptop	Market > Računari > Laptop računari	5425635284211	https://www.halooglasi.com/racunari/laptop-racunari/fujitsu-siemens-amilo-pa2548/5425635284211	2026-08-24T15:52:40Z	raw_txt/oglas_0234.txt	28	75	9d1d99d552bf3ebc109e29ee0adce968a70c14ad8fa42e7f6cf92de400d94a33
235	Halo Oglasi	Laptop	Market > Računari > Laptop računari	5425635284572	https://www.halooglasi.com/racunari/laptop-racunari/dell-inspiron-p06s-13-3-neispravno-ili-ostece/5425635284572	2026-08-24T15:52:43Z	raw_txt/oglas_0235.txt	49	80	5a75e60eac94442da93b3d646dc8fb05c0220b9e534505618ef49c5221be95ad
236	Halo Oglasi	Laptop	Market > Računari > Laptop računari	5425635849862	https://www.halooglasi.com/racunari/laptop-racunari/gejmerski-laptopovi/5425635849862	2026-08-24T15:32:28Z	raw_txt/oglas_0236.txt	19	189	f0955d073c951c675ac68dc9f2f45704b98af90599d72d2e95aace1839e4db93
237	Halo Oglasi	Laptop	Market > Računari > Laptop računari	5425636225050	https://www.halooglasi.com/racunari/laptop-racunari/laptop-toshiba-punjac/5425636225050	2026-08-24T15:32:30Z	raw_txt/oglas_0237.txt	23	254	d64be8b802f6b5e6a06042203052343d8fcbd4af356bb276290b2d59150749da
238	Halo Oglasi	Laptop	Market > Računari > Laptop računari	5425636328305	https://www.halooglasi.com/racunari/laptop-racunari/prodajem/5425636328305	2026-08-24T15:32:29Z	raw_txt/oglas_0238.txt	8	42	b8a8b83ac9d670c36c361a564ed55bb9cb78c12aacea5f6af01c15609ac23ab0
239	Halo Oglasi	Laptop	Market > Računari > Laptop računari	5425636562941	https://www.halooglasi.com/racunari/laptop-racunari/laptop-gateway-sa1-ispravan-kompletan/5425636562941	2026-08-24T15:52:42Z	raw_txt/oglas_0239.txt	39	262	5b949c7bccf02f6a7459d1689831a42a519e5eb858ef5c669a9a08b1aa987994
240	Halo Oglasi	Laptop	Market > Računari > Laptop računari	5425636733213	https://www.halooglasi.com/racunari/laptop-racunari/laptop-chuwi/5425636733213	2026-08-24T15:52:42Z	raw_txt/oglas_0240.txt	14	225	9465e6396f51e4ea5c9a82607f6347345d337c2bbc9ea2a7a2442fdcec899990
241	Halo Oglasi	Laptop	Market > Računari > Laptop računari	5425636930553	https://www.halooglasi.com/racunari/laptop-racunari/hp-zbook-15-g2-i7-4910mq-32gb-512gb-ssd-p2100/5425636930553	2026-08-24T15:32:28Z	raw_txt/oglas_0241.txt	49	1345	4f5c99beb3462840b241177028df7fcd3a432ce0502e3275534556d09d411e19
242	Halo Oglasi	Laptop	Market > Računari > Laptop računari	5425636930814	https://www.halooglasi.com/racunari/laptop-racunari/dell-5300-i5-8365-16gb-ddr4-256gb-m-2-ssd-10h/5425636930814	2026-08-24T15:32:29Z	raw_txt/oglas_0242.txt	48	1095	41e12f4a9d72886724dad3dc49e20f1d53e0def4aaf3a71653610c5d976d6d75
243	Halo Oglasi	Laptop	Market > Računari > Laptop računari	5425636930830	https://www.halooglasi.com/racunari/laptop-racunari/hp-zbook-17-g5-i7-8850-32gb-ddr4-512gb-p3200/5425636930830	2026-08-24T15:32:30Z	raw_txt/oglas_0243.txt	50	1508	db1bba607ae555c279e338bfad556e1bc0a91b6795509201e408f2cc8ad6ceae
244	Halo Oglasi	Laptop	Market > Računari > Laptop računari	5425641435544	https://www.halooglasi.com/racunari/laptop-racunari/macbook-air-13-128gb/5425641435544	2026-08-24T15:32:29Z	raw_txt/oglas_0244.txt	20	229	d0838984616a4e3db452d9f1640f25bd09e128c63932afef418ea0bdb9395008
245	Halo Oglasi	Laptop	Market > Računari > Laptop računari	5425641944014	https://www.halooglasi.com/racunari/laptop-racunari/hp-envy-c-360-nekoristen/5425641944014	2026-08-24T15:52:40Z	raw_txt/oglas_0245.txt	25	80	9604e6dd4de7da6f6dc0cdc685e92e8fc86357c96210b6b680dcfc08356657c0
246	Halo Oglasi	Laptop	Market > Računari > Laptop računari	5425642072858	https://www.halooglasi.com/racunari/laptop-racunari/macbook-pro-15-inch-2010-nok/5425642072858	2026-08-24T15:32:31Z	raw_txt/oglas_0246.txt	28	792	9df14fd1876d90da2224e371493baa99ff1b28a450348b618f415c0d38a60ab5
247	Halo Oglasi	Laptop	Market > Računari > Laptop računari	5425642077805	https://www.halooglasi.com/racunari/laptop-racunari/laptop-hp-compaq-presario-cq56/5425642077805	2026-08-24T15:32:29Z	raw_txt/oglas_0247.txt	30	77	8b86a2b61a7ff80deaf7797a5cf39f033e4bb8dfcacd25386e1aa22d36983af3
248	Halo Oglasi	Laptop	Market > Računari > Laptop računari	5425642235674	https://www.halooglasi.com/racunari/laptop-racunari/acer-aspire-3/5425642235674	2026-08-24T15:32:30Z	raw_txt/oglas_0248.txt	13	36	4c847c4ae72e9d33736bcfee7940370ebf26c950b8435b6467be244dba8fdec1
249	Halo Oglasi	Laptop	Market > Računari > Laptop računari	5425642308952	https://www.halooglasi.com/racunari/laptop-racunari/acer-aspire-3-15-6in8gbryzen-3128gb1tb2gb-gpu/5425642308952	2026-08-24T15:32:31Z	raw_txt/oglas_0249.txt	50	748	8d92f325d26dd69e1e6c45affe73157ae931143fa836c50092cccfe08af17bce
250	Halo Oglasi	Laptop	Market > Računari > Laptop računari	5425642610008	https://www.halooglasi.com/racunari/laptop-racunari/sony-vaio-pcg-41414m/5425642610008	2026-08-24T15:52:41Z	raw_txt/oglas_0250.txt	22	594	9c47023c02b912d790cee689f33b41644710e6e89feaf54b9f567cfe7fa6fc39
251	Halo Oglasi	Laptop	Market > Računari > Laptop računari	5425642610413	https://www.halooglasi.com/racunari/laptop-racunari/acer-e1-572g/5425642610413	2026-08-24T15:32:29Z	raw_txt/oglas_0251.txt	14	589	eba8bb5f1437fd92b4e61cbffa3c85ccf93eae0a031386b85b92dfd8018ee043
252	Halo Oglasi	Laptop	Market > Računari > Laptop računari	5425642610679	https://www.halooglasi.com/racunari/laptop-racunari/dell-vostro-15/5425642610679	2026-08-24T15:52:40Z	raw_txt/oglas_0252.txt	14	575	11c3789cf96f298c33b7114dd4e071d9784d9932fef3774bf5fe76d52184f314
253	Halo Oglasi	Laptop	Market > Računari > Laptop računari	5425642805531	https://www.halooglasi.com/racunari/laptop-racunari/hp-laptop-15-ra012-not17291-intel-celeron-n30/5425642805531	2026-08-24T15:52:39Z	raw_txt/oglas_0253.txt	48	934	ec9ecab0a0556e728969049054b72838db582af015369b76eae437580c0cfe0c
254	Halo Oglasi	Laptop	Market > Računari > Laptop računari	5425643465504	https://www.halooglasi.com/racunari/laptop-racunari/macbook-pro-13-mid-2014-16gb-ram-1tb-ssd/5425643465504	2026-08-24T15:32:29Z	raw_txt/oglas_0254.txt	41	127	6564aef3322945919f24f32ebba30b2323e8caa5700b8a4395ce746b44673a12
255	Halo Oglasi	Laptop	Market > Računari > Laptop računari	5425643476851	https://www.halooglasi.com/racunari/laptop-racunari/laptop-honor-magicbook-x15/5425643476851	2026-08-24T15:52:43Z	raw_txt/oglas_0255.txt	26	299	51326a100d8c440102a17f148cc7b8df2180bd1bf2a42c09126ed467ba3a96df
256	Halo Oglasi	Laptop	Market > Računari > Laptop računari	5425643739558	https://www.halooglasi.com/racunari/laptop-racunari/hp-laptop/5425643739558	2026-08-24T15:32:30Z	raw_txt/oglas_0256.txt	9	135	72df2fd757578add260af98c5c59066bdcaf054761070c185e0c35a9d915008e
257	Halo Oglasi	Laptop	Market > Računari > Laptop računari	5425644168902	https://www.halooglasi.com/racunari/laptop-racunari/3-laptopa-razlicitih-marki-prodajem-zajedno-i/5425644168902	2026-08-24T15:52:40Z	raw_txt/oglas_0257.txt	50	206	0297c03507769714adbb132135432ea0c18c7af6e29d61cb7486910093e18e16
258	Halo Oglasi	Laptop	Market > Računari > Laptop računari	5425644242409	https://www.halooglasi.com/racunari/laptop-racunari/top-ponuda-prodajem-lenovo-laptop-snizenje/5425644242409	2026-08-24T15:32:29Z	raw_txt/oglas_0258.txt	43	636	d41b3b408f948d9a9f97718bf462272137121c8558defb6a86e6e53cb6b50175
259	Halo Oglasi	Laptop	Market > Računari > Laptop računari	5425644502528	https://www.halooglasi.com/racunari/laptop-racunari/laptop/5425644502528	2026-08-24T15:32:31Z	raw_txt/oglas_0259.txt	6	107	d8fa4105849992d1f6e8dc8e75ffd5bf3bce323674522a40e5ee553bfb5f073c
260	Halo Oglasi	Laptop	Market > Računari > Laptop računari	5425644537941	https://www.halooglasi.com/racunari/laptop-racunari/laptop-gaming-hp-pavilion-i5-9300h-gtx-1660-g/5425644537941	2026-08-24T15:52:43Z	raw_txt/oglas_0260.txt	49	194	9eae52fce0aa2ebeffe703de215cd07080db33db1fb39df719239df621d2c0b8
261	Halo Oglasi	Laptop	Market > Računari > Laptop računari	5425644591420	https://www.halooglasi.com/racunari/laptop-racunari/laptop-gejmer-gaming-hp-pavilion-i5-9300h-gtx/5425644591420	2026-08-24T15:32:28Z	raw_txt/oglas_0261.txt	50	146	db3e9d3e4ffc8286c45d1e8a556f7f8e5b6f86822cd14712f64483c902685c6b
262	Halo Oglasi	Laptop	Market > Računari > Laptop računari	5425644597999	https://www.halooglasi.com/racunari/laptop-racunari/laptop-visse-komada/5425644597999	2026-08-24T15:52:44Z	raw_txt/oglas_0262.txt	19	310	2a9ef46b04fd2ba5207aaffacb3094fa63da0a1312e89bfac1926c2da4547ddf
263	Halo Oglasi	Laptop	Market > Računari > Laptop računari	5425644682888	https://www.halooglasi.com/racunari/laptop-racunari/hp-probook-amd-phenom-amd-radeon-5450-4gb-ram/5425644682888	2026-08-24T15:52:41Z	raw_txt/oglas_0263.txt	48	357	fadc79209f04cfa9e6d3e3f1fada1cf699c5fa0167167673b56ba96ddf9d0ee7
264	Halo Oglasi	Laptop	Market > Računari > Laptop računari	5425644767340	https://www.halooglasi.com/racunari/laptop-racunari/macbook-pro-2019-u-dobrom-radnom-stanju/5425644767340	2026-08-24T15:52:44Z	raw_txt/oglas_0264.txt	39	170	ae1a0aa35458bd70a88dab4fd6d61a751b39cc31781300fa6e1a17b940cf757a
265	Halo Oglasi	Laptop	Market > Računari > Laptop računari	5425644843485	https://www.halooglasi.com/racunari/laptop-racunari/hp-elitebook-8540w---laptop/5425644843485	2026-08-24T15:32:31Z	raw_txt/oglas_0265.txt	27	287	dc410f25a3e11c905ad0e7aef19652db69df17b762843bc76890a489e4c4d868
266	Halo Oglasi	Laptop	Market > Računari > Laptop računari	5425645014595	https://www.halooglasi.com/racunari/laptop-racunari/sony-vaio-pcg-4121em-i3/5425645014595	2026-08-24T15:52:43Z	raw_txt/oglas_0266.txt	23	471	5e60ed9739c477f1dbc092358891c80bc3562e5a2a4a42a855b363d2c0273ac6
267	Halo Oglasi	Laptop	Market > Računari > Laptop računari	5425645016117	https://www.halooglasi.com/racunari/laptop-racunari/acer-aspire-one-laptop/5425645016117	2026-08-24T15:52:41Z	raw_txt/oglas_0267.txt	22	319	bdc9321cb58395976e864de9378ce3c579432aba41747fada9d3b2a9bb1fd516
268	Halo Oglasi	Laptop	Market > Računari > Laptop računari	5425645016315	https://www.halooglasi.com/racunari/laptop-racunari/dell-precision-m4400-laptop/5425645016315	2026-08-24T15:52:44Z	raw_txt/oglas_0268.txt	27	394	870dfb3dc15df304c50bf6035ab9390429f50113f0c607ccf649f74deece7838
269	Halo Oglasi	Laptop	Market > Računari > Laptop računari	5425645286149	https://www.halooglasi.com/racunari/laptop-racunari/lenovo-ideapad-slim-5-15-3-i5-32gb-1tb-15irh9/5425645286149	2026-08-24T15:52:42Z	raw_txt/oglas_0269.txt	50	81	0defe92b337a3a5d5d9db59d635c25f3d4d9ea7ad8c32d0a9fc927298085e9c9
270	Halo Oglasi	Laptop	Market > Računari > Laptop računari	5425645286523	https://www.halooglasi.com/racunari/laptop-racunari/lenovo-loq-15-6-24512gb-15arp9-luna-gray/5425645286523	2026-08-24T15:32:30Z	raw_txt/oglas_0270.txt	41	84	561c0040bf6f1dba45c5c551b4a72c06a4e5f67a1ecb30d2e3684bf51324762c
271	Halo Oglasi	Laptop	Market > Računari > Laptop računari	5425645395344	https://www.halooglasi.com/racunari/laptop-racunari/sto-za-lap-top-novo-sa-kulerom-akcija/5425645395344	2026-08-24T15:32:28Z	raw_txt/oglas_0271.txt	37	1378	af3eb48026891ea5a284ae1a3b7cf7afdfced43e7dbc858e8147c3ed20f1553b
272	Halo Oglasi	Laptop	Market > Računari > Laptop računari	5425645478267	https://www.halooglasi.com/racunari/laptop-racunari/hp-probook-640-g1-hp-elitebook-8470p/5425645478267	2026-08-24T15:52:45Z	raw_txt/oglas_0272.txt	36	429	63af8e6f0158ebb546496eb1790ee19df2d340b74bf023f32857823110e31cb0
273	Halo Oglasi	Laptop	Market > Računari > Laptop računari	5425645597757	https://www.halooglasi.com/racunari/laptop-racunari/hp-elitebook-desktop/5425645597757	2026-08-24T15:52:43Z	raw_txt/oglas_0273.txt	20	96	7f5cea4463b21f2d2beec72be2c7d2a8595db543241076c3652a31662b93a91e
274	Halo Oglasi	Laptop	Market > Računari > Laptop računari	5425645710763	https://www.halooglasi.com/racunari/laptop-racunari/dell-inspiron-n5110-core-i7-2670qm-2-2ghz-4gb/5425645710763	2026-08-24T15:52:41Z	raw_txt/oglas_0274.txt	50	442	e6bb4b4d6a4a315d537a2c4c7f08e3ed49a6dbbd5fbfabec8e7af5181bc8b55c
275	Halo Oglasi	Laptop	Market > Računari > Laptop računari	5425645823888	https://www.halooglasi.com/racunari/laptop-racunari/hp-240-g8-nov-laptop/5425645823888	2026-08-24T15:52:45Z	raw_txt/oglas_0275.txt	20	37	33930db4b083383268b50ad06347997c83695ce4415c384b6f341797928a6b2f
276	Halo Oglasi	Laptop	Market > Računari > Laptop računari	5425645966092	https://www.halooglasi.com/racunari/laptop-racunari/asus-rog-strix-g16-laptop/5425645966092	2026-08-24T15:32:30Z	raw_txt/oglas_0276.txt	25	418	566614723fdf1f12a9aad92eeef9aea58976245e19a6ac4cbac723c8aa052545
277	Halo Oglasi	Laptop	Market > Računari > Laptop računari	5425646252258	https://www.halooglasi.com/racunari/laptop-racunari/laptopovi-2-083-084-macbook-a1181/5425646252258	2026-08-24T15:32:30Z	raw_txt/oglas_0277.txt	35	1044	9749711d3758e8155e5a5c9f7a79dfb6e3c29b6b7d62d109822e2fca66e33b31
278	Halo Oglasi	Laptop	Market > Računari > Laptop računari	5425646252441	https://www.halooglasi.com/racunari/laptop-racunari/laptopovi-082-088-089-hp-compaq/5425646252441	2026-08-24T15:32:30Z	raw_txt/oglas_0278.txt	33	1357	f798f62eda58f379f60136acf19f17acdd3628ae9950847fabe84904724d783c
279	Halo Oglasi	Laptop	Market > Računari > Laptop računari	5425646252628	https://www.halooglasi.com/racunari/laptop-racunari/laptopovi-2-063-078-macbook-a1181/5425646252628	2026-08-24T15:32:28Z	raw_txt/oglas_0279.txt	35	909	c5a0082bae2ad1a1df5f4a023b57d8dca7722fd9e67877b839c32901d5ed6781
280	Halo Oglasi	Laptop	Market > Računari > Laptop računari	5425646255279	https://www.halooglasi.com/racunari/laptop-racunari/toshiba-l50i7-5500u8gb-ddr3750gb-hdddobra-bat/5425646255279	2026-08-24T15:32:30Z	raw_txt/oglas_0280.txt	50	459	71d3fb5d53cb34c6a978cbe7919abff4f6af5ef32cd1bbf1ffa7156c2b005866
281	Halo Oglasi	Laptop	Market > Računari > Laptop računari	5425646255759	https://www.halooglasi.com/racunari/laptop-racunari/hp-elitebook-830-g6i5-8265u8-gb-ramtouchscree/5425646255759	2026-08-24T15:52:43Z	raw_txt/oglas_0281.txt	50	671	8b3c3f1d37da4c926bce70406382044e987b16a6204f249129114457342e658a
282	Halo Oglasi	Laptop	Market > Računari > Laptop računari	5425646255774	https://www.halooglasi.com/racunari/laptop-racunari/hp-envy-15a10-5750m240-gb-ssd8-gb-ramdobra-ba/5425646255774	2026-08-24T15:32:29Z	raw_txt/oglas_0282.txt	50	430	b5dbf71f45d78274f3e8508dfd50299917d4dd5c22e676726fb22c4fcc56a35d
283	Halo Oglasi	Laptop	Market > Računari > Laptop računari	5425646397462	https://www.halooglasi.com/racunari/laptop-racunari/asus-d550c-intel-celeron-6gb-750gb-15-6-panel/5425646397462	2026-08-24T15:52:41Z	raw_txt/oglas_0283.txt	49	494	fe83c9011701351b9d12ce6e93dd5aaee1f82e9076a64e07d52717fdbfcc9d79
284	Halo Oglasi	Laptop	Market > Računari > Laptop računari	5425646400704	https://www.halooglasi.com/racunari/laptop-racunari/hp-635-sa-4gb-ddr3-320gb-laptop-15-6-inca/5425646400704	2026-08-24T15:52:42Z	raw_txt/oglas_0284.txt	41	350	9c103640c721bbf09d6bbc82bba29ebe6ffc28aef542b9eb7a4f42ebdfac5a13
285	Halo Oglasi	Laptop	Market > Računari > Laptop računari	5425646401240	https://www.halooglasi.com/racunari/laptop-racunari/hp-workstation-8740w-i5-m520-4gb-ddr3-500gb-a/5425646401240	2026-08-24T15:32:29Z	raw_txt/oglas_0285.txt	47	685	e684ca7daa3008fa05bbda52142209f39c74a83152161254ff93958b81c2df26
286	Halo Oglasi	Laptop	Market > Računari > Laptop računari	5425646407466	https://www.halooglasi.com/racunari/laptop-racunari/dell-latitude-e5450-i7-5600u-8128gb-lte-4g-fh/5425646407466	2026-08-24T15:32:29Z	raw_txt/oglas_0286.txt	50	1368	94076dfa4c911c9041103b0412ec40543646c01a4ff7222d847e09c8da97c074
287	Halo Oglasi	Laptop	Market > Računari > Laptop računari	5425646407474	https://www.halooglasi.com/racunari/laptop-racunari/asus-e200h-intel-atom-z8350-1-44ghz-2gb-32gb/5425646407474	2026-08-24T15:32:31Z	raw_txt/oglas_0287.txt	48	1108	191ce37f7be69950ece54ac37640088ce2129e6162f57711fef6007ba2fc5066
288	Halo Oglasi	Laptop	Market > Računari > Laptop računari	5425646407477	https://www.halooglasi.com/racunari/laptop-racunari/compaq-15-laptop-15-6-amd-e1-4gb-ddr3-500gb-h/5425646407477	2026-08-24T15:52:44Z	raw_txt/oglas_0288.txt	48	1012	1a9a2736b71e80a5a75dbcaf9b657ebf1d4aa5fb7a6691fea8e7332f6a412953
289	Halo Oglasi	Laptop	Market > Računari > Laptop računari	5425646407666	https://www.halooglasi.com/racunari/laptop-racunari/fujitsu-lifebook-uh552-i5-3317u-4gb-ddr3-128g/5425646407666	2026-08-24T15:52:44Z	raw_txt/oglas_0289.txt	50	674	902fb3d50f072038a08069351ecc7bbd52e0f62e65e07fc5b11a665bbb93360a
290	Halo Oglasi	Laptop	Market > Računari > Laptop računari	5425646407764	https://www.halooglasi.com/racunari/laptop-racunari/asus-chromebook-c223na-laptop-4gb32gb-11-6-le/5425646407764	2026-08-24T15:32:30Z	raw_txt/oglas_0290.txt	47	947	77b87128ff3ea53ede0c65053e67bf978b81b406cdbb68d1a8da97e2d549293c
291	Halo Oglasi	Laptop	Market > Računari > Laptop računari	5425646449856	https://www.halooglasi.com/racunari/laptop-racunari/dell-e5570-e7470-e7240-e7450-e7440-dell-vostr/5425646449856	2026-08-24T15:52:42Z	raw_txt/oglas_0291.txt	50	1354	a18d5e99c6fe75918fc10371d17197b2f54779a1ef9cb3888ea8e640fb93cef4
292	Halo Oglasi	Laptop	Market > Računari > Laptop računari	5425646456754	https://www.halooglasi.com/racunari/laptop-racunari/lenovo-brand-laptopovi-tinkpad-ideapad-yoga/5425646456754	2026-08-24T15:32:28Z	raw_txt/oglas_0292.txt	43	1296	548e577d160545e49581e9004b4c1b90c1bbaa34efe5d59bf17e066aafa0db94
293	Halo Oglasi	Laptop	Market > Računari > Laptop računari	5425646456852	https://www.halooglasi.com/racunari/laptop-racunari/lenovo-v155-15ast-za-delove/5425646456852	2026-08-24T15:32:31Z	raw_txt/oglas_0293.txt	27	313	1ad372cc0b6410096c5156a227aab33c0963436061cc6de8c608e4772826c1fa
294	Halo Oglasi	Laptop	Market > Računari > Laptop računari	5425646456952	https://www.halooglasi.com/racunari/laptop-racunari/lenovo-yoga-510-14isk-4gb-128gb/5425646456952	2026-08-24T15:52:40Z	raw_txt/oglas_0294.txt	31	287	3af2bfaa4baba40e4d098f3e3430012f01b8a21c8dbab45989cb52185a916f42
295	Halo Oglasi	Laptop	Market > Računari > Laptop računari	5425646456959	https://www.halooglasi.com/racunari/laptop-racunari/lenovo-ideapad-330-15ikb-intel/5425646456959	2026-08-24T15:52:43Z	raw_txt/oglas_0295.txt	30	296	ea15ec07eedbf797197fcb85e2fd3d289a3360f0ec0527dc38518ccdad699ba1
296	Halo Oglasi	Laptop	Market > Računari > Laptop računari	5425646542011	https://www.halooglasi.com/racunari/laptop-racunari/gaming-hp-laptop-gtx-1050-ti-4-gb/5425646542011	2026-08-24T15:32:30Z	raw_txt/oglas_0296.txt	33	322	5b7feaba216db8b09737b0fcf80aade94b3b651f95923bee28d64854218fff78
297	Halo Oglasi	Laptop	Market > Računari > Laptop računari	5425646545246	https://www.halooglasi.com/racunari/laptop-racunari/lenovo-legion-7-pro-16irx8h/5425646545246	2026-08-24T15:52:42Z	raw_txt/oglas_0297.txt	27	298	a50bbddb9fcb4ade33b56eae15e2e96da0f55d47b2531581164d232523b51490
298	Halo Oglasi	Laptop	Market > Računari > Laptop računari	5425646550826	https://www.halooglasi.com/racunari/laptop-racunari/lenovo-ideapad-320s-i3-7130u-8gb-ddr4-128gb-s/5425646550826	2026-08-24T15:32:29Z	raw_txt/oglas_0298.txt	50	772	3c83bfd1396b26c42f254ed12d60ee347667293bd840a7684a42c95716cb08f4
299	Halo Oglasi	Laptop	Market > Računari > Laptop računari	5425646550832	https://www.halooglasi.com/racunari/laptop-racunari/dell-latitude-7280-i5-7300u-4gb-128gb-12-5-la/5425646550832	2026-08-24T15:32:29Z	raw_txt/oglas_0299.txt	49	632	b01ea6d7680fbb94c46234cb0a6cf575751a80444442ebf5f738142a1833d361
300	Halo Oglasi	Laptop	Market > Računari > Laptop računari	5425646555325	https://www.halooglasi.com/racunari/laptop-racunari/dell-latitude-i5-6300u-8gb-ddr4-240gb-ssd-fhd/5425646555325	2026-08-24T15:32:30Z	raw_txt/oglas_0300.txt	50	878	69158c84f7808bf7f268e0955330f6f177968b9534fd9f49844df7c610ac9c1c
301	Halo Oglasi	Laptop	Market > Računari > Laptop računari	5425646555629	https://www.halooglasi.com/racunari/laptop-racunari/laptop-povoljno/5425646555629	2026-08-24T15:52:44Z	raw_txt/oglas_0301.txt	15	53	c4b9327b89e09a909044ee10546dc55f90159ce8415965731a1012eb278b941e
302	Halo Oglasi	Laptop	Market > Računari > Laptop računari	5425646583815	https://www.halooglasi.com/racunari/laptop-racunari/lenovo-t570/5425646583815	2026-08-24T15:52:39Z	raw_txt/oglas_0302.txt	11	586	7b1f4e101358dbe3b0027246149417525617892b9016d0aaad0ab40cccc64159
303	Halo Oglasi	Laptop	Market > Računari > Laptop računari	5425646669753	https://www.halooglasi.com/racunari/laptop-racunari/sony-pcg-391m/5425646669753	2026-08-24T15:52:41Z	raw_txt/oglas_0303.txt	13	371	29df5ecfe105961ba7f38769aeb4ede40b4daff394b65e869c1caf309e5ed299
304	Halo Oglasi	Laptop	Market > Računari > Laptop računari	5425646670872	https://www.halooglasi.com/racunari/laptop-racunari/dell-n5010/5425646670872	2026-08-24T15:52:40Z	raw_txt/oglas_0304.txt	10	407	363b2fabdcd3b252c0362a651cc967d193ac21fececa86d2fe0cc6532e4f6ff1
305	Halo Oglasi	Laptop	Market > Računari > Laptop računari	5425646672173	https://www.halooglasi.com/racunari/laptop-racunari/dell-precision-m4800-intel-i7-4700mq-16gb-qua/5425646672173	2026-08-24T15:52:41Z	raw_txt/oglas_0305.txt	50	1151	89b024ba1237ca0e0f627ecd5f25879e463205161565e6c439e95d11bb340b36
306	Halo Oglasi	Laptop	Market > Računari > Laptop računari	5425646677077	https://www.halooglasi.com/racunari/laptop-racunari/hitno-prodajem-hp-omen-laptop/5425646677077	2026-08-24T15:32:30Z	raw_txt/oglas_0306.txt	29	431	547ee1bdcc963d8c677281de8470435699ee23f200a517fb1c5f490a6c05708e
307	Halo Oglasi	Laptop	Market > Računari > Laptop računari	5425646679559	https://www.halooglasi.com/racunari/laptop-racunari/packard-bell-kav60/5425646679559	2026-08-24T15:32:28Z	raw_txt/oglas_0307.txt	18	390	865ca03bd28d85abcdcf0404365ffb9c551dcdfcc777dbb2ce5ab0a61b61c968
308	Halo Oglasi	Laptop	Market > Računari > Laptop računari	5425646810150	https://www.halooglasi.com/racunari/laptop-racunari/sony-pcg-7a1m/5425646810150	2026-08-24T15:32:31Z	raw_txt/oglas_0308.txt	13	386	0561f41835b9fdad15cbdc3f5f8445fa16ab84b15d0a867a9afacc971249cefc
309	Halo Oglasi	Laptop	Market > Računari > Laptop računari	5425646811478	https://www.halooglasi.com/racunari/laptop-racunari/lenovo-ideapad-y700-gamer-laptop-i5-6300hq-at/5425646811478	2026-08-24T15:52:41Z	raw_txt/oglas_0309.txt	49	1042	78e5f92a82eae308a5d27eba68096a463850d57d7dbbfe8e256668ba9a2467c7
310	Halo Oglasi	Laptop	Market > Računari > Laptop računari	5425646817035	https://www.halooglasi.com/racunari/laptop-racunari/lenovo-thinkpad-l580-core-i5-8250u-8256gb-15/5425646817035	2026-08-24T15:52:40Z	raw_txt/oglas_0310.txt	50	773	e3261d6765cf9d16e74d3cf7eee16144746dd6b5ad3b28c1f9ddf7e83ecfc3ff
311	Halo Oglasi	Laptop	Market > Računari > Laptop računari	5425647072710	https://www.halooglasi.com/racunari/laptop-racunari/asus-laptop-sa-torbom-i-bezicnim-misem/5425647072710	2026-08-24T15:52:45Z	raw_txt/oglas_0311.txt	38	278	70113ec57c0fda98073cacc54d5121235568cb51ccc61792f150d185c9e15a69
312	Halo Oglasi	Laptop	Market > Računari > Laptop računari	5425647190515	https://www.halooglasi.com/racunari/laptop-racunari/lap-top/5425647190515	2026-08-24T15:52:39Z	raw_txt/oglas_0312.txt	7	17	1197749880af73098dd99fc1615789801e3d111c230dc851bd7a768c81a08360
313	Halo Oglasi	Laptop	Market > Računari > Laptop računari	5425647321413	https://www.halooglasi.com/racunari/laptop-racunari/laptop-dell-pro-16-core-5-120u-16gb-ddr5-512g/5425647321413	2026-08-24T15:52:44Z	raw_txt/oglas_0313.txt	50	1059	3e40bfadea32bbc2376a78e31ab339e5c76ac87fc72dc5edd694df469d4ce014
314	Halo Oglasi	Laptop	Market > Računari > Laptop računari	5425647444990	https://www.halooglasi.com/racunari/laptop-racunari/lenovo-thinkpad-t490-i7-8th-gen-16gb-ram-512g/5425647444990	2026-08-24T15:32:31Z	raw_txt/oglas_0314.txt	50	1280	ec418a21a5be605f2de28e74df54bc9c3413a4c6ad62d2f87700ff2acf03ad0b
315	Halo Oglasi	Laptop	Market > Računari > Laptop računari	5425647445080	https://www.halooglasi.com/racunari/laptop-racunari/lenovo-thinkpad-x13-yoga-gen-2-i5-1135g7-1651/5425647445080	2026-08-24T15:32:31Z	raw_txt/oglas_0315.txt	49	1458	93ee3acc4f13415eced3ba26cbd7adb61b7f2cb70a94f1f9a474ada851bbadcd
316	Halo Oglasi	Laptop	Market > Računari > Laptop računari	5425647445491	https://www.halooglasi.com/racunari/laptop-racunari/dell-latitude-5550-ultra-7-165u-32gb-ddr5-ram/5425647445491	2026-08-24T15:32:30Z	raw_txt/oglas_0316.txt	49	1465	5102be5e7971a194f7144cda898da1ef34778826340b8310c90c9eaecf3b4c2f
317	Halo Oglasi	Laptop	Market > Računari > Laptop računari	5425647445494	https://www.halooglasi.com/racunari/laptop-racunari/lenovo-thinkpad-t490-i7-8665u-32gb-ram-512gb/5425647445494	2026-08-24T15:32:31Z	raw_txt/oglas_0317.txt	49	1280	298d6a35503d5f1b1a263ec4e6ddf6f1e51e5fda7ca8bfabb737a9336fec2e87
318	Halo Oglasi	Laptop	Market > Računari > Laptop računari	5425647561989	https://www.halooglasi.com/racunari/laptop-racunari/budget-laptop-na-prodaju/5425647561989	2026-08-24T15:32:28Z	raw_txt/oglas_0318.txt	24	431	f780160806e6d6f43c78c8c24337ef00a3b02c67b80edcb40661939bbcc32fb6
319	Halo Oglasi	Laptop	Market > Računari > Laptop računari	5425647561990	https://www.halooglasi.com/racunari/laptop-racunari/odlican-hp-laptop-na-prodaju/5425647561990	2026-08-24T15:32:29Z	raw_txt/oglas_0319.txt	28	344	9bbeb3498994a2bdb5a0e6f33395e24c2af2313d66a90fe540578528429843eb
320	Halo Oglasi	Laptop	Market > Računari > Laptop računari	5425647563810	https://www.halooglasi.com/racunari/laptop-racunari/laptop/5425647563810	2026-08-24T15:52:42Z	raw_txt/oglas_0320.txt	6	748	82ad06e2945e12bf4228deba5526c5b675d4ef556be29bfb40f575bdd6a8b61e
321	Halo Oglasi	Laptop	Market > Računari > Laptop računari	5425647565227	https://www.halooglasi.com/racunari/laptop-racunari/toshiba-satellite-c660-127/5425647565227	2026-08-24T15:32:30Z	raw_txt/oglas_0321.txt	26	504	eae5f498741513d6355e2ecb38757d7d35a427de0a24126d405610a9c8f3c71f
322	Halo Oglasi	Laptop	Market > Računari > Laptop računari	5425647566887	https://www.halooglasi.com/racunari/laptop-racunari/laptop-hp-i-punjac-lenovo/5425647566887	2026-08-24T15:32:30Z	raw_txt/oglas_0322.txt	25	118	afe940398a2461e1b1102d88dd69f0ee958a89941ee9761cfda96c0d5d800b79
323	Halo Oglasi	Matična ploča	Market > Računari > Komponente za računare > Matične ploče	5425479056227	https://www.halooglasi.com/racunari/maticne-ploce/maticna-ploca/5425479056227	2026-08-24T15:53:40Z	raw_txt/oglas_0323.txt	13	85	b5aeb9b74ab1bfcb6c9fccfa4e78883bbcae8c70e0a2cde07e8ed933da1da027
324	Halo Oglasi	Matična ploča	Market > Računari > Komponente za računare > Matične ploče	5425493526579	https://www.halooglasi.com/racunari/maticne-ploce/gigabyte-ploca-140w-ddr3-1666-windows-10-novo/5425493526579	2026-08-24T15:33:06Z	raw_txt/oglas_0324.txt	47	243	8437dcc861bd1f3f8948b103ac650815059833b7d6f6a3f5a3911430dd73f006
325	Halo Oglasi	Matična ploča	Market > Računari > Komponente za računare > Matične ploče	5425633315443	https://www.halooglasi.com/racunari/maticne-ploce/limcic-za-gigabajt-plocu/5425633315443	2026-08-24T15:33:05Z	raw_txt/oglas_0325.txt	24	116	916b3717bf11774d4df2940c03de4ac47ca89b69d795e0b62221beefb5a6d470
326	Halo Oglasi	Matična ploča	Market > Računari > Komponente za računare > Matične ploče	5425633321172	https://www.halooglasi.com/racunari/maticne-ploce/limcic-4/5425633321172	2026-08-24T15:33:06Z	raw_txt/oglas_0326.txt	8	65	0d80fcbe28c496b9c9a0fb8d3d901897e3585d5413ea817120b4fbe0ccad8241
327	Halo Oglasi	Matična ploča	Market > Računari > Komponente za računare > Matične ploče	5425633321420	https://www.halooglasi.com/racunari/maticne-ploce/limcic-1/5425633321420	2026-08-24T15:33:06Z	raw_txt/oglas_0327.txt	8	65	7efb10804116df1bb452e216e8b4a71cd562554ed4803839f1caffae68cf7653
328	Halo Oglasi	Matična ploča	Market > Računari > Komponente za računare > Matične ploče	5425634144569	https://www.halooglasi.com/racunari/maticne-ploce/am2-maticna-msi-k9-nu-neo/5425634144569	2026-08-24T15:53:40Z	raw_txt/oglas_0328.txt	25	263	9c462e9f73229e4ac8a68f0b629605b92be8929d0bc9a92ceca072c838e78bef
329	Halo Oglasi	Matična ploča	Market > Računari > Komponente za računare > Matične ploče	5425634719476	https://www.halooglasi.com/racunari/maticne-ploce/maticna-ploca-procesor-ram-memorija/5425634719476	2026-08-24T15:53:40Z	raw_txt/oglas_0329.txt	37	115	c1a811da27d46a2e5f804dc27f598f6707cf99ebae9a67b4dffaad8173945e7b
330	Halo Oglasi	Matična ploča	Market > Računari > Komponente za računare > Matične ploče	5425635137279	https://www.halooglasi.com/racunari/maticne-ploce/maticna-65-asus-p5b-mx/5425635137279	2026-08-24T15:33:06Z	raw_txt/oglas_0330.txt	24	582	0fcb84181ff620394e7f57b84a36c49e77d56705b561776401de82deb84ecdd5
331	Halo Oglasi	Matična ploča	Market > Računari > Komponente za računare > Matične ploče	5425635289184	https://www.halooglasi.com/racunari/maticne-ploce/najveci-izbor-maticnih-ploca/5425635289184	2026-08-24T15:33:06Z	raw_txt/oglas_0331.txt	28	70	0df8bd97a60888f8a956956ce508c1d0d9631e656a50b194921e3bd736513637
332	Halo Oglasi	Matična ploča	Market > Računari > Komponente za računare > Matične ploče	5425636909515	https://www.halooglasi.com/racunari/maticne-ploce/gigabyte-ga-946gm-s2-775-ddr2/5425636909515	2026-08-24T15:33:06Z	raw_txt/oglas_0332.txt	29	793	f9f508ab5581311182df3d64b49eb1416a20cc0a83557717e6eee2b09fdfd885
333	Halo Oglasi	Matična ploča	Market > Računari > Komponente za računare > Matične ploče	5425637136672	https://www.halooglasi.com/racunari/maticne-ploce/btc-b250c-maticna-ploca-za-majning-8-usb-ulaz/5425637136672	2026-08-24T15:53:40Z	raw_txt/oglas_0333.txt	46	23	af20a80f960f934deee805b3ba23b79e3ffe88f15d25c04184050ffe74df1f69
334	Halo Oglasi	Matična ploča	Market > Računari > Komponente za računare > Matične ploče	5425642533431	https://www.halooglasi.com/racunari/maticne-ploce/maticna-ploca-asus-p5kpl-cm-procesor-i-ram-gr/5425642533431	2026-08-24T15:53:40Z	raw_txt/oglas_0334.txt	50	226	43cb67d9f2b9115fbc8e3415235b15e135ac9d3f4b68975a960a727f8eb1008c
335	Halo Oglasi	Matična ploča	Market > Računari > Komponente za računare > Matične ploče	5425642782475	https://www.halooglasi.com/racunari/maticne-ploce/am4-maticne-ploce-am4/5425642782475	2026-08-24T15:33:06Z	raw_txt/oglas_0335.txt	21	170	c804519b971b3df461f92fa41cd7001a966712f573044b1f34a6fbd2ce0c5914
336	Halo Oglasi	Matična ploča	Market > Računari > Komponente za računare > Matične ploče	5425643273134	https://www.halooglasi.com/racunari/maticne-ploce/asus-p5jpl-am-maticna-ploca/5425643273134	2026-08-24T15:53:39Z	raw_txt/oglas_0336.txt	27	99	b8e2ed3f1b9800b2bebf2606d4a25f800b12c33a838eac132c68bbbff90ca033
337	Halo Oglasi	Matična ploča	Market > Računari > Komponente za računare > Matične ploče	5425643553679	https://www.halooglasi.com/racunari/maticne-ploce/maticna-ploca---asus-prime-a320m-k-sa-proceso/5425643553679	2026-08-24T15:53:39Z	raw_txt/oglas_0337.txt	48	107	a58f0aad61742ef2fd0c7f2b24f25d3f59030374d56e5ddc29a9d8003febf530
338	Halo Oglasi	Matična ploča	Market > Računari > Komponente za računare > Matične ploče	5425644428714	https://www.halooglasi.com/racunari/maticne-ploce/asus-h81-mr-11050/5425644428714	2026-08-24T15:53:40Z	raw_txt/oglas_0338.txt	17	68	cc507547b0943d8e477dac01e9a6e03c9dcc86e9a0320fdb1009d5eea8149494
339	Halo Oglasi	Matična ploča	Market > Računari > Komponente za računare > Matične ploče	5425645825515	https://www.halooglasi.com/racunari/maticne-ploce/medion-msi-md5000-ver-1-2-ms-6701-478/5425645825515	2026-08-24T15:33:06Z	raw_txt/oglas_0339.txt	37	120	870e965d4470c60afd89219c1eb621066a1286f960f25c14970ce41a64bfbdef
340	Halo Oglasi	Matična ploča	Market > Računari > Komponente za računare > Matične ploče	5425647099331	https://www.halooglasi.com/racunari/maticne-ploce/msi-ms-7641-ver-3-0/5425647099331	2026-08-24T15:53:39Z	raw_txt/oglas_0340.txt	21	137	d335ec4669a4724c34ba2f5f9a4169673f6ac64ad442ff830d9ed0aae2419095
341	Halo Oglasi	Matična ploča	Market > Računari > Komponente za računare > Matične ploče	5425647258244	https://www.halooglasi.com/racunari/maticne-ploce/power-button-kablovi-za-maticne-ploce/5425647258244	2026-08-24T15:33:06Z	raw_txt/oglas_0341.txt	37	65	f351e1ace8a81d751fc5933e96c1317e2b9608dc76070033774856dab0bc93dc
342	Halo Oglasi	Matična ploča	Market > Računari > Komponente za računare > Matične ploče	5425647259906	https://www.halooglasi.com/racunari/maticne-ploce/speaker-beeper-za-maticne-ploce/5425647259906	2026-08-24T15:33:06Z	raw_txt/oglas_0342.txt	33	64	44a03a030e08441c4040c4178db8e8a2805de8fd3b3606dc181c40626c00e164
343	Halo Oglasi	Matična ploča	Market > Računari > Komponente za računare > Matične ploče	5425647561969	https://www.halooglasi.com/racunari/maticne-ploce/ddr3-maticna-asrock-b85-dgs-garancija-12-mese/5425647561969	2026-08-24T15:33:06Z	raw_txt/oglas_0343.txt	47	1393	120261b9a81e1dd79aa38e9d406a01de5f5c17879e60b070e89173ebf44a1d31
344	Halo Oglasi	Monitor	Market > Računari > Monitori > LCD monitori	5425435265583	https://www.halooglasi.com/racunari/lcd-monitori/akcija-snizene-cene-monitora-garancija/5425435265583	2026-08-24T15:32:47Z	raw_txt/oglas_0344.txt	41	195	05ff086f2ba011b8f942e9572d1d24280416ac65e95e732884b3c4d080568857
345	Halo Oglasi	Monitor	Market > Računari > Monitori > LCD monitori	5425634393229	https://www.halooglasi.com/racunari/lcd-monitori/monitor-malo-korisceni/5425634393229	2026-08-24T15:53:11Z	raw_txt/oglas_0345.txt	22	29	652f30cecb2899187894c5a7bef518daab54d9105eac2eac9fbc958f8fe9d6c3
346	Halo Oglasi	Monitor	Market > Računari > Monitori > CRT monitori	5425634808210	https://www.halooglasi.com/racunari/crt-monitori/monitor-hyundai/5425634808210	2026-08-24T15:32:47Z	raw_txt/oglas_0346.txt	15	477	3ee3c1db309eb522f8d02b35905b5921e91043a0042bed5946ab29e34b9c74cf
347	Halo Oglasi	Monitor	Market > Računari > Monitori > LCD monitori	5425635639190	https://www.halooglasi.com/racunari/lcd-monitori/lg-monitor-kao-nov/5425635639190	2026-08-24T15:32:45Z	raw_txt/oglas_0347.txt	19	264	25f4d51c4b09137f02801ddd0eb03bcffa186d7f806c3553507114015c833eae
348	Halo Oglasi	Monitor	Market > Računari > Monitori > LCD monitori	5425641459345	https://www.halooglasi.com/racunari/lcd-monitori/samsung-monitor/5425641459345	2026-08-24T15:32:46Z	raw_txt/oglas_0348.txt	15	41	1d6ad70750ce17f5d8630584f403f35cdb0be532a7c630390ca44125f517eafe
349	Halo Oglasi	Monitor	Market > Računari > Monitori > LCD monitori	5425641817424	https://www.halooglasi.com/racunari/lcd-monitori/samsung-monitor/5425641817424	2026-08-24T15:32:47Z	raw_txt/oglas_0349.txt	15	155	5d19df3fef03f28e49ac68517e715dec8a216acbb8000eb379e367a0313289cf
350	Halo Oglasi	Monitor	Market > Računari > Monitori > LCD monitori	5425641858550	https://www.halooglasi.com/racunari/lcd-monitori/philips-monitor-22-full-hd/5425641858550	2026-08-24T15:53:10Z	raw_txt/oglas_0350.txt	26	370	c637e8e08d448e6ab3732eebf8fb9fdcebd6fd348567ee9bb4cf042b1da095ef
351	Halo Oglasi	Monitor	Market > Računari > Monitori > LCD monitori	5425641951679	https://www.halooglasi.com/racunari/lcd-monitori/acer-1440p-monitor-27/5425641951679	2026-08-24T15:53:10Z	raw_txt/oglas_0351.txt	21	639	b6b2d4d3a732dede4f6b9343a5190f65ccf0f1ef274e0f82d9a06158a457ab99
352	Halo Oglasi	Monitor	Market > Računari > Monitori > LCD monitori	5425642488704	https://www.halooglasi.com/racunari/lcd-monitori/lenovo-thinkvision-24/5425642488704	2026-08-24T15:32:46Z	raw_txt/oglas_0352.txt	21	214	86dacebd29ea1dfe30716f87cea68e69bbcc1483c6829c7abea3ee77dfe3307f
353	Halo Oglasi	Monitor	Market > Računari > Monitori > CRT monitori	5425642879848	https://www.halooglasi.com/racunari/crt-monitori/ispravan-monitor-lg-15-flatron/5425642879848	2026-08-24T15:32:47Z	raw_txt/oglas_0353.txt	32	177	f02fcdcf2900aa60fe29752acaf0babb3b11633d157acf119eb7a5b98332e65c
354	Halo Oglasi	Monitor	Market > Računari > Monitori > LCD monitori	5425643089972	https://www.halooglasi.com/racunari/lcd-monitori/philips-4k-monitor-top-cena/5425643089972	2026-08-24T15:53:10Z	raw_txt/oglas_0354.txt	28	434	c6174e0adeae68096a7eb9954e3d931556c884d50c07abd66d1de93390f0bc6c
355	Halo Oglasi	Monitor	Market > Računari > Monitori > LCD monitori	5425643340326	https://www.halooglasi.com/racunari/lcd-monitori/viewsonic-24-vx2451mhp-led-monitor/5425643340326	2026-08-24T15:32:46Z	raw_txt/oglas_0355.txt	34	742	3ebbe989965dbbe1f246bcdd12d838afe99b4420e43d9d7658991fcadcc811d3
356	Halo Oglasi	Monitor	Market > Računari > Monitori > LCD monitori	5425643932827	https://www.halooglasi.com/racunari/lcd-monitori/monitor-72-dell-e207wfpc-1/5425643932827	2026-08-24T15:53:12Z	raw_txt/oglas_0356.txt	28	210	04c6093c66acc53fb66b08b7633de2d9b479525111a9086726a2d5e74127cfda
357	Halo Oglasi	Monitor	Market > Računari > Monitori > LCD monitori	5425644309199	https://www.halooglasi.com/racunari/lcd-monitori/monitor-32-gigabyte-m32u-dp/5425644309199	2026-08-24T15:32:46Z	raw_txt/oglas_0357.txt	27	187	002bb5b6587fb39752106245e87efe46a8b236ee4d276a42b6d8265bd488b44b
358	Halo Oglasi	Monitor	Market > Računari > Monitori > LCD monitori	5425644311284	https://www.halooglasi.com/racunari/lcd-monitori/monitor-38-lg-ultrawide-38wn95c-dp/5425644311284	2026-08-24T15:53:12Z	raw_txt/oglas_0358.txt	34	258	7567db916fd354e7f60d0794f5b4bbd350530412818e70b471b1a10ae20896c9
359	Halo Oglasi	Monitor	Market > Računari > Monitori > LCD monitori	5425644314741	https://www.halooglasi.com/racunari/lcd-monitori/monitor-23-8-lg-ultragear-24gn65r-b-dp/5425644314741	2026-08-24T15:53:10Z	raw_txt/oglas_0359.txt	38	204	231822738adc146ab85905c90f4086744d13a244856f80ff3bf2c2b0821f1c9c
360	Halo Oglasi	Monitor	Market > Računari > Monitori > LCD monitori	5425644319592	https://www.halooglasi.com/racunari/lcd-monitori/monitor-27-apple-studio-display-standard-glas/5425644319592	2026-08-24T15:53:12Z	raw_txt/oglas_0360.txt	49	151	6f012eb942b4fba7119f350595a622671cd95ab6dd07e6934b830ab66c36133c
361	Halo Oglasi	Monitor	Market > Računari > Monitori > LCD monitori	5425644468299	https://www.halooglasi.com/racunari/lcd-monitori/polovni-monitori-u-odlicnom-stanju/5425644468299	2026-08-24T15:32:47Z	raw_txt/oglas_0361.txt	34	114	ab74c21f73078f15b0bd9876614f1b4c27fa6018cf6ddd029bc0545063a47c98
362	Halo Oglasi	Monitor	Market > Računari > Monitori > LCD monitori	5425644515070	https://www.halooglasi.com/racunari/lcd-monitori/hp-la2306x-full-hd-1920x1080-vgadvidp/5425644515070	2026-08-24T15:32:47Z	raw_txt/oglas_0362.txt	37	533	748bc0f4dbd009a850d11a968a7f2c1afad51fa10693652fe43e63889669716a
363	Halo Oglasi	Monitor	Market > Računari > Monitori > LCD monitori	5425644673757	https://www.halooglasi.com/racunari/lcd-monitori/samsung-monitor-144hz/5425644673757	2026-08-24T15:32:45Z	raw_txt/oglas_0363.txt	21	322	575e09864571de9d1ed77c67e366117e30676f2336109df0d84a65a5975cf658
364	Halo Oglasi	Monitor	Market > Računari > Monitori > LCD monitori	5425644719174	https://www.halooglasi.com/racunari/lcd-monitori/monitor-br-128-acer-b243wl-24-led-monitor/5425644719174	2026-08-24T15:53:11Z	raw_txt/oglas_0364.txt	45	464	a47f45d2185f739277edac2731b00b7a95240570e7c96aaddb04e1695540d6f4
365	Halo Oglasi	Monitor	Market > Računari > Monitori > LCD monitori	5425644720317	https://www.halooglasi.com/racunari/lcd-monitori/monitor-br-133-samsung-syncmaster-2443dw-24/5425644720317	2026-08-24T15:53:10Z	raw_txt/oglas_0365.txt	47	484	c56aa621cd0acffaeafd621b2f0f32785de57091c8f05bccd5ace6cedb478fd4
366	Halo Oglasi	Monitor	Market > Računari > Monitori > LCD monitori	5425644721575	https://www.halooglasi.com/racunari/lcd-monitori/monitor-br-142-dell-19-inca-uvoz-svajcarska/5425644721575	2026-08-24T15:53:10Z	raw_txt/oglas_0366.txt	45	44	85fff746ece82c4b9267822006bec4a0309e3cc32940cdfb0d49d048b257d6bb
367	Halo Oglasi	Monitor	Market > Računari > Monitori > LCD monitori	5425644816218	https://www.halooglasi.com/racunari/lcd-monitori/24-samsung-s4-webcam-monitor/5425644816218	2026-08-24T15:53:12Z	raw_txt/oglas_0367.txt	28	148	625dec548cb68c88ba2d77ac906eaafde31b955bee238fc1b3c9d3860159b552
368	Halo Oglasi	Monitor	Market > Računari > Monitori > LCD monitori	5425645016351	https://www.halooglasi.com/racunari/lcd-monitori/philips-monitor-23inch/5425645016351	2026-08-24T15:32:45Z	raw_txt/oglas_0368.txt	22	65	8bff62a773f561083357fe224b215792ba6da6554f6c58d69400e4b8b5980b27
369	Halo Oglasi	Monitor	Market > Računari > Monitori > LCD monitori	5425645370098	https://www.halooglasi.com/racunari/lcd-monitori/4k-monitor-philips-hdr-1000-niti-43inchdaljin/5425645370098	2026-08-24T15:32:47Z	raw_txt/oglas_0369.txt	50	1312	be2a7a898029c01a16592a8fdcab21de90dd7a973fdf70f9cd2764f2f7eaed93
370	Halo Oglasi	Monitor	Market > Računari > Monitori > CRT monitori	5425646182885	https://www.halooglasi.com/racunari/crt-monitori/xiaomi-monitor-34-144hz-4k-zakrivljen/5425646182885	2026-08-24T15:32:46Z	raw_txt/oglas_0370.txt	38	35	da925b5954d92b4f8f7276d750088b3e8340ced04c91c02661c490a6f0df652f
371	Halo Oglasi	Monitor	Market > Računari > Monitori > LCD monitori	5425646339505	https://www.halooglasi.com/racunari/lcd-monitori/dell-p2417h/5425646339505	2026-08-24T15:53:10Z	raw_txt/oglas_0371.txt	11	746	30e713b6605edb51458161145cb49113d6e64772cecc0da5d6e898574f071ddb
372	Halo Oglasi	Monitor	Market > Računari > Monitori > LCD monitori	5425646634312	https://www.halooglasi.com/racunari/lcd-monitori/hp-24incha/5425646634312	2026-08-24T15:53:11Z	raw_txt/oglas_0372.txt	10	92	40f3599e12a1533022d55d505ba017bde69990fe4abf8a441bf2e9eb7b3ba08e
373	Halo Oglasi	Monitor	Market > Računari > Monitori > LCD monitori	5425646662118	https://www.halooglasi.com/racunari/lcd-monitori/lg-32mp58hq-p/5425646662118	2026-08-24T15:32:46Z	raw_txt/oglas_0373.txt	13	331	943f56067d1fa268572aefec804d3a65da4aac80f2e492b9141d65aa320cf904
374	Halo Oglasi	Monitor	Market > Računari > Monitori > LCD monitori	5425646768947	https://www.halooglasi.com/racunari/lcd-monitori/lcd-benq-ew2430-monitor/5425646768947	2026-08-24T15:53:09Z	raw_txt/oglas_0374.txt	23	114	4b5e1c758b751cfae189b26a6ec33ad1a2fcb5667286644307fa242dd7e94860
375	Halo Oglasi	Monitor	Market > Računari > Monitori > LCD monitori	5425646776783	https://www.halooglasi.com/racunari/lcd-monitori/lcd-od-monitora-ltm190ex---l31-ispravno-samsu/5425646776783	2026-08-24T15:32:46Z	raw_txt/oglas_0375.txt	48	37	95f1b717455aa0e6ceaa05672a56f978e0eff5877e82c893ed2d6f0a2974210d
376	Halo Oglasi	Monitor	Market > Računari > Monitori > LCD monitori	5425646786188	https://www.halooglasi.com/racunari/lcd-monitori/fujisiemens-monitor-rotirajuci/5425646786188	2026-08-24T15:53:09Z	raw_txt/oglas_0376.txt	31	36	e8e02e7ff6e3efaf843a44dccb9ffb8401e41e9a184255268111a3962d12fcf7
377	Halo Oglasi	Monitor	Market > Računari > Monitori > LCD monitori	5425646901473	https://www.halooglasi.com/racunari/lcd-monitori/monitor-89-samsung-920n/5425646901473	2026-08-24T15:53:11Z	raw_txt/oglas_0377.txt	25	228	7731b2447b29f3b5593fbb02fac9bb9faeb3000bd4227962e7449e381463fb23
378	Halo Oglasi	Monitor	Market > Računari > Monitori > LCD monitori	5425646901858	https://www.halooglasi.com/racunari/lcd-monitori/monitor-88-samsung-940n/5425646901858	2026-08-24T15:53:09Z	raw_txt/oglas_0378.txt	25	176	d98a8c2622a2079e62cda16ca1f8d26ef9d0b7ed63b8c85020ca66240381022e
379	Halo Oglasi	Monitor	Market > Računari > Monitori > LCD monitori	5425646915792	https://www.halooglasi.com/racunari/lcd-monitori/acer-v275hl/5425646915792	2026-08-24T15:32:46Z	raw_txt/oglas_0379.txt	11	89	12a2715b04b6be434fc0589b37a8c494e76b362332b4196c57ee3894ef3ab86a
380	Halo Oglasi	Monitor	Market > Računari > Monitori > LCD monitori	5425647157870	https://www.halooglasi.com/racunari/lcd-monitori/benq-e2200hda-21-5-fullhd/5425647157870	2026-08-24T15:32:46Z	raw_txt/oglas_0380.txt	25	183	64ba39f65e33230ac556ea98e73cccb164e082fd7233c506bc19c040c79ed308
381	Halo Oglasi	Monitor	Market > Računari > Monitori > LCD monitori	5425647162290	https://www.halooglasi.com/racunari/lcd-monitori/monitori-tastature-zvucnici---povoljno/5425647162290	2026-08-24T15:32:45Z	raw_txt/oglas_0381.txt	40	140	4a371e8d95981db7dc09e10dca343f2da9617929a5caba7db2a67a60f16b6791
382	Halo Oglasi	Monitor	Market > Računari > Monitori > LCD monitori	5425647192436	https://www.halooglasi.com/racunari/lcd-monitori/samsung-monitor-full-hd-monitor-za-kompjuter/5425647192436	2026-08-24T15:53:12Z	raw_txt/oglas_0382.txt	44	180	96416f5133d2a63eaba592b7689397918a22665043028e87f4b4dc8cb56c7659
383	Halo Oglasi	Monitor	Market > Računari > Monitori > LCD monitori	5425647193291	https://www.halooglasi.com/racunari/lcd-monitori/wide-monitor-benq-g-900-wad-19-inca/5425647193291	2026-08-24T15:32:47Z	raw_txt/oglas_0383.txt	35	197	9449811dc58540275a5c6cc1d84bbeaf9c72e7c7656b99aee31de97655ad32f1
384	Halo Oglasi	Monitor	Market > Računari > Monitori > LCD monitori	5425647198291	https://www.halooglasi.com/racunari/lcd-monitori/monitor-zeus-23-8--odlicno-stanje/5425647198291	2026-08-24T15:32:47Z	raw_txt/oglas_0384.txt	34	371	8744ff8df62d1340bdf92269d9ae70086d478589881b818329c4d0487201c27f
385	Halo Oglasi	Monitor	Market > Računari > Monitori > CRT monitori	5425647204554	https://www.halooglasi.com/racunari/crt-monitori/monitor-alienware-240-hz/5425647204554	2026-08-24T15:53:11Z	raw_txt/oglas_0385.txt	24	229	1d2edbe57af0210c89b83cdf71ee7cabfa5ef3bbe35927b5308358fc155a523b
386	Halo Oglasi	Monitor	Market > Računari > Monitori > LCD monitori	5425647281935	https://www.halooglasi.com/racunari/lcd-monitori/samsung-monitor-22-incha-s22e450/5425647281935	2026-08-24T15:53:11Z	raw_txt/oglas_0386.txt	32	71	650358eceeec037d404d7bbd5e57c400d91fdee3f499ecfc85ac8a7743ba1817
387	Halo Oglasi	Monitor	Market > Računari > Monitori > LCD monitori	5425647302097	https://www.halooglasi.com/racunari/lcd-monitori/monitor-asus-22/5425647302097	2026-08-24T15:53:10Z	raw_txt/oglas_0387.txt	15	25	fb9bb16d72d04b8f4fd122003ac3ed4eaca8f8f98c4e8246ee343582c9959b6d
388	Halo Oglasi	Monitor	Market > Računari > Monitori > CRT monitori	5425647340456	https://www.halooglasi.com/racunari/crt-monitori/benq-fp-222w/5425647340456	2026-08-24T15:32:47Z	raw_txt/oglas_0388.txt	12	230	4eb4c607d14af02a8f344c676c9069c10d19e8c817c01eea826731a3dc6558c8
389	Halo Oglasi	Monitor	Market > Računari > Monitori > LCD monitori	5425647420818	https://www.halooglasi.com/racunari/lcd-monitori/asus-rog-strix-24-5-180hz/5425647420818	2026-08-24T15:32:47Z	raw_txt/oglas_0389.txt	25	299	6ac665cbeaaca52e0ba8474fe664a59ad9bea49b74f06aed7addd280692ff42d
390	Halo Oglasi	Monitor	Market > Računari > Monitori > LCD monitori	5425647534476	https://www.halooglasi.com/racunari/lcd-monitori/benq-mobiuz-ex3210u/5425647534476	2026-08-24T15:53:09Z	raw_txt/oglas_0390.txt	19	398	19177821fd8ff9d09c41dc96595b59550fce06394ea522a70b999e3b8e1da2a7
391	Halo Oglasi	Monitor	Market > Računari > Monitori > LCD monitori	5425647544849	https://www.halooglasi.com/racunari/lcd-monitori/benq-xl2411z-144hz-gaming-monitor-kao-nov/5425647544849	2026-08-24T15:53:09Z	raw_txt/oglas_0391.txt	43	487	889f8fdbe84e3bfe8af1f6f8cad691195ff6d939f995d9977c4da68b4f06e42f
392	Halo Oglasi	Monitor	Market > Računari > Monitori > LCD monitori	5425647570777	https://www.halooglasi.com/racunari/lcd-monitori/viewsonic-xg24g1/5425647570777	2026-08-24T15:53:12Z	raw_txt/oglas_0392.txt	16	261	b954b480353f2b7e500a1d771f7a9fe5cfecc41d1c1c96d257b3ffb58930ac64
393	Halo Oglasi	Napajanje	Market > Računari > Komponente za računare > Napajanja	5425633289599	https://www.halooglasi.com/racunari/napajanja/napajanje-za-kompjuter/5425633289599	2026-08-24T15:53:42Z	raw_txt/oglas_0393.txt	22	44	89ad224b28f5ac4dd4d201bf3eed414ae23c44f2bfac8b61994ded74f810998c
394	Halo Oglasi	Napajanje	Market > Računari > Komponente za računare > Napajanja	5425635865304	https://www.halooglasi.com/racunari/napajanja/prodaja-napajanja/5425635865304	2026-08-24T15:53:42Z	raw_txt/oglas_0394.txt	17	113	edf4e227209c1fd3fd52d4f5401ff257800836c0092d2ab0dc531900ddeca4ad
395	Halo Oglasi	Napajanje	Market > Računari > Komponente za računare > Napajanja	5425637098229	https://www.halooglasi.com/racunari/napajanja/adapter-za-asus-laptop-nov/5425637098229	2026-08-24T15:53:42Z	raw_txt/oglas_0395.txt	26	41	582b11c564ee8dcebaeb0226d2f7ff874ded6f3249f30a3063e9a333408592fc
396	Halo Oglasi	Napajanje	Market > Računari > Komponente za računare > Napajanja	5425641791125	https://www.halooglasi.com/racunari/napajanja/eg-ups-033-sa-stabilizatorom-1200va-720w-lcd/5425641791125	2026-08-24T15:53:42Z	raw_txt/oglas_0396.txt	44	1497	91d56ed2361dd0970eb1d4190f1d3489b0c3c81d16dc0eeaf4ab83ee1a8cc38d
397	Halo Oglasi	Napajanje	Market > Računari > Komponente za računare > Napajanja	5425641791314	https://www.halooglasi.com/racunari/napajanja/eg-ups-b650-gembird-650va-390w-avr-ups-2-x-sh/5425641791314	2026-08-24T15:53:41Z	raw_txt/oglas_0397.txt	49	684	e588dd89943367cae6f1a90a65a5067ded394f2288281a9d08526db7c52e2c02
398	Halo Oglasi	Napajanje	Market > Računari > Komponente za računare > Napajanja	5425641791563	https://www.halooglasi.com/racunari/napajanja/eg-ups-001-gembird-ups-sa-stabilizatorom-650v/5425641791563	2026-08-24T15:33:07Z	raw_txt/oglas_0398.txt	50	1068	bc07feec04f18d6feee8a5111c2a49e2718b0601088146a4dadc0fd8b154b7ef
399	Halo Oglasi	Napajanje	Market > Računari > Komponente za računare > Napajanja	5425642269143	https://www.halooglasi.com/racunari/napajanja/be-quiet-530w-80plus/5425642269143	2026-08-24T15:53:42Z	raw_txt/oglas_0399.txt	20	72	95f538048bd030ad5e75796fcffdda33973fb5633ae50cca2400dab5cf28f82c
400	Halo Oglasi	Napajanje	Market > Računari > Komponente za računare > Napajanja	5425642373046	https://www.halooglasi.com/racunari/napajanja/lc-power-lc642oh-420watts/5425642373046	2026-08-24T15:53:42Z	raw_txt/oglas_0400.txt	25	26	7ff1dc953c7e70bea1e179845615b09d1b9e7dae2ac627f9d58289c3bedd6c93
401	Halo Oglasi	Napajanje	Market > Računari > Komponente za računare > Napajanja	5425642424836	https://www.halooglasi.com/racunari/napajanja/napajanje-500w-power-supply/5425642424836	2026-08-24T15:33:07Z	raw_txt/oglas_0401.txt	27	57	7b6ca14a3e0d6478c8210027d4ebae9c4f2d80e7be4089c3dddef837f0687637
402	Halo Oglasi	Napajanje	Market > Računari > Komponente za računare > Napajanja	5425642508789	https://www.halooglasi.com/racunari/napajanja/chiftec-micro-atx-napajanje/5425642508789	2026-08-24T15:33:08Z	raw_txt/oglas_0402.txt	27	184	26038666adae12bd9d4e544e26a211bde434a898e956a3a1596332156334ea30
403	Halo Oglasi	Napajanje	Market > Računari > Komponente za računare > Napajanja	5425643546335	https://www.halooglasi.com/racunari/napajanja/napajanje-124-chieftec-gps-350s/5425643546335	2026-08-24T15:33:07Z	raw_txt/oglas_0403.txt	33	241	ff6d07086c1b713595c2bbe7832c2f11b4938156d98085f7f9ee4b26fd33e500
404	Halo Oglasi	Napajanje	Market > Računari > Komponente za računare > Napajanja	5425643546341	https://www.halooglasi.com/racunari/napajanja/napajanje-132-chieftec-gps-400aa-101-a/5425643546341	2026-08-24T15:53:41Z	raw_txt/oglas_0404.txt	40	293	cb6094f07d96333c15b59e77b79eff816689e956462a1c36591558d00c6bc064
405	Halo Oglasi	Napajanje	Market > Računari > Komponente za računare > Napajanja	5425643677763	https://www.halooglasi.com/racunari/napajanja/corsair-hx1200-napajanje/5425643677763	2026-08-24T15:33:07Z	raw_txt/oglas_0405.txt	24	1187	277660873dcda243f0ebe337639321b40e4b26115a3d3fdd06d72e6868860a4d
406	Halo Oglasi	Napajanje	Market > Računari > Komponente za računare > Napajanja	5425644428520	https://www.halooglasi.com/racunari/napajanja/mision-modularno-500w/5425644428520	2026-08-24T15:53:42Z	raw_txt/oglas_0406.txt	21	13	fd8d1b97917b35d2612984cd23cffb2244097ec5cbbc76465f7ac7f57c274bdd
407	Halo Oglasi	Napajanje	Market > Računari > Komponente za računare > Napajanja	5425645191454	https://www.halooglasi.com/racunari/napajanja/napajanje-za-kompjuter/5425645191454	2026-08-24T15:33:07Z	raw_txt/oglas_0407.txt	22	78	00f04730ebbd992814133da936d4ac32cd3a1f15997e43ec123fb54a44012f5e
408	Halo Oglasi	Napajanje	Market > Računari > Komponente za računare > Napajanja	5425646246611	https://www.halooglasi.com/racunari/napajanja/dell-laptop-adapter-180w-originalni-punjac/5425646246611	2026-08-24T15:33:08Z	raw_txt/oglas_0408.txt	44	360	38536b308e85b7e6ddbb8263341bd50b207bd877cdb1ff9dbe22f485891828e0
409	Halo Oglasi	Napajanje	Market > Računari > Komponente za računare > Napajanja	5425646246612	https://www.halooglasi.com/racunari/napajanja/dell-adapter-model-da90pm111-90w/5425646246612	2026-08-24T15:33:07Z	raw_txt/oglas_0409.txt	36	271	7f5efa2163d7045e4c22d94ec86f093392f8fc80c746d53a6f189e9eee1040a1
410	Halo Oglasi	Napajanje	Market > Računari > Komponente za računare > Napajanja	5425646246613	https://www.halooglasi.com/racunari/napajanja/dell-adapter-model-ha65nm200-65w/5425646246613	2026-08-24T15:33:07Z	raw_txt/oglas_0410.txt	36	269	b0ce7767206f0d6a4fdc039706ba9c5e464b0ecf8e7eac28920f3fcb37138769
411	Halo Oglasi	Napajanje	Market > Računari > Komponente za računare > Napajanja	5425646753392	https://www.halooglasi.com/racunari/napajanja/chieftec-gpa-500-s8-neispravno/5425646753392	2026-08-24T15:33:07Z	raw_txt/oglas_0411.txt	30	813	aea528ecfbc12f5b1a99ed41d2c6efca8d2095bb2b4414a76d861ba03716b902
412	Halo Oglasi	Napajanje	Market > Računari > Komponente za računare > Napajanja	5425647013988	https://www.halooglasi.com/racunari/napajanja/njoy-septu-10006oow-ups-line-interactive-avr/5425647013988	2026-08-24T15:53:41Z	raw_txt/oglas_0412.txt	45	110	0ea9cf6e1f6e506464ffc3c35c7dd04acb20ae307c36b52714e4c9f7c46ce145
413	Halo Oglasi	Napajanje	Market > Računari > Komponente za računare > Napajanja	5425647513805	https://www.halooglasi.com/racunari/napajanja/enermax-platimax-1700w-80-platinum-epm1700egt/5425647513805	2026-08-24T15:33:08Z	raw_txt/oglas_0413.txt	47	856	bcab5299b7532f27c926d21ae77d21d876ea059c3563524ff0e7a6890c8cc6ba
414	Halo Oglasi	RAM	Market > Računari > Komponente za računare > Memorije	5425634101823	https://www.halooglasi.com/racunari/memorije/2x8gb-ibm-dd3-memorija-ecc-registered/5425634101823	2026-08-24T15:53:18Z	raw_txt/oglas_0414.txt	37	195	448e5ab6c62a6caa3c30f0ea92553429a314b4a8bcb2a8208ea63a2ad6ad9cf2
415	Halo Oglasi	RAM	Market > Računari > Komponente za računare > Memorije	5425634463169	https://www.halooglasi.com/racunari/memorije/memorije-ddr2-za-lap-top/5425634463169	2026-08-24T15:53:18Z	raw_txt/oglas_0415.txt	24	156	8018fade535263199912ce74c28b912dc5c855d42c3c48ecaee93eb49f95d482
416	Halo Oglasi	RAM	Market > Računari > Komponente za računare > Memorije	5425634601020	https://www.halooglasi.com/racunari/memorije/team-group-2gb-1333mhz-cl9-ram-memorija/5425634601020	2026-08-24T15:53:18Z	raw_txt/oglas_0416.txt	39	21	ebf050da2d8a20e08460108870b9388622eb49161d84b55052bf294d3f3a8d17
417	Halo Oglasi	RAM	Market > Računari > Komponente za računare > Memorije	5425634784905	https://www.halooglasi.com/racunari/memorije/ram-memorija-4gb-1600mhz-ddr3l/5425634784905	2026-08-24T15:32:52Z	raw_txt/oglas_0417.txt	30	87	2d43d87fd5e04e31883eb5f2972cfc12ff1aac55eeed9ec470bf9b5368fad6e1
418	Halo Oglasi	RAM	Market > Računari > Komponente za računare > Memorije	5425634795279	https://www.halooglasi.com/racunari/memorije/hynix-ddr2-512mb-laptop-memorija/5425634795279	2026-08-24T15:53:20Z	raw_txt/oglas_0418.txt	32	87	96c2d081a3b9235e2f401c3db40904d48f84bf8df59b2458ec915086cc356d07
419	Halo Oglasi	RAM	Market > Računari > Komponente za računare > Memorije	5425634799043	https://www.halooglasi.com/racunari/memorije/ram-4gb1600mhzddr3take-ms/5425634799043	2026-08-24T15:32:52Z	raw_txt/oglas_0419.txt	28	111	8fa020326b133140900698e758e7e1675951885cc718a34c327493088b68ec2e
420	Halo Oglasi	RAM	Market > Računari > Komponente za računare > Memorije	5425635273215	https://www.halooglasi.com/racunari/memorije/adata-4gb-ram-memorija/5425635273215	2026-08-24T15:53:21Z	raw_txt/oglas_0420.txt	22	34	1516f39dc00f5715b710d3b149d3496799f0ca84047290c75f28ee10d7e0f568
421	Halo Oglasi	RAM	Market > Računari > Komponente za računare > Memorije	5425635552820	https://www.halooglasi.com/racunari/memorije/ram-memorija-kingston-hyper-blu-ddr3-khx13334/5425635552820	2026-08-24T15:32:52Z	raw_txt/oglas_0421.txt	48	41	32b27cdcf6f4812fdefb5d9562d640536437e9b72d93f3b4b2eb5a77d13bb67b
422	Halo Oglasi	RAM	Market > Računari > Komponente za računare > Memorije	5425635586542	https://www.halooglasi.com/racunari/memorije/ram-memorija-ddr3-2-gb/5425635586542	2026-08-24T15:53:18Z	raw_txt/oglas_0422.txt	23	175	c4b5582cd8d5a262a0762d4795748a6f9739fd8c7a7b84cf1caec50fe28e0a47
423	Halo Oglasi	RAM	Market > Računari > Komponente za računare > Memorije	5425635648685	https://www.halooglasi.com/racunari/memorije/nove-serverske-memorije-2x4gb-ddr3-1600mhz/5425635648685	2026-08-24T15:53:21Z	raw_txt/oglas_0423.txt	43	303	ece254c6d0f3511e5678d14cab4a0e0f9ee5f7dd4f878cae8a98be0d5860f6c3
424	Halo Oglasi	RAM	Market > Računari > Komponente za računare > Memorije	5425635722076	https://www.halooglasi.com/racunari/memorije/ram-maticna-kuler-procesor/5425635722076	2026-08-24T15:53:18Z	raw_txt/oglas_0424.txt	32	795	c00025e2a04cf925291b040393e87ea5f00fd9da80c13d7c6eef6da84553f61f
425	Halo Oglasi	RAM	Market > Računari > Komponente za računare > Memorije	5425635865303	https://www.halooglasi.com/racunari/memorije/ram-memorije-prodaja/5425635865303	2026-08-24T15:53:18Z	raw_txt/oglas_0425.txt	20	170	845dff4155a0146f0befc8a98451634232e959e8bcd8c74a2b3a154fc658e2a6
426	Halo Oglasi	RAM	Market > Računari > Komponente za računare > Memorije	5425636116070	https://www.halooglasi.com/racunari/memorije/ddr2-667-800-mhz-i-ddr3-1333-1600-mhz-memorij/5425636116070	2026-08-24T15:32:52Z	raw_txt/oglas_0426.txt	50	434	2c257d2b6a953faafefd7d1b6362f78c9febd73ef65f77f1b50c989a7ccffd16
427	Halo Oglasi	RAM	Market > Računari > Komponente za računare > Memorije	5425636411858	https://www.halooglasi.com/racunari/memorije/ram-memorije-pc-pc2-pc3-512mb-1gb-2gb-4gb/5425636411858	2026-08-24T15:32:51Z	raw_txt/oglas_0427.txt	44	220	67b80dbeeae2bbafd17dc8aa8a224e1b216c32243071762d1fc4e144b96ab21c
428	Halo Oglasi	RAM	Market > Računari > Komponente za računare > Memorije	5425636712218	https://www.halooglasi.com/racunari/memorije/ram-memorija-1g-ddr2-800-dimm/5425636712218	2026-08-24T15:53:19Z	raw_txt/oglas_0428.txt	29	45	688e4ed5e728077005b1b5720734a5c8d1f359b45fc30fa5ce6e150b08c1e00f
429	Halo Oglasi	RAM	Market > Računari > Komponente za računare > Memorije	5425636916339	https://www.halooglasi.com/racunari/memorije/kingstong-2x8gb-ddr3/5425636916339	2026-08-24T15:32:54Z	raw_txt/oglas_0429.txt	20	139	07b91ddc6b4b1098d4afb7e8fdf454e442aae54395eea8d076f78ca277bdac52
430	Halo Oglasi	RAM	Market > Računari > Komponente za računare > Memorije	5425636918030	https://www.halooglasi.com/racunari/memorije/samsung-ddr3-4gb/5425636918030	2026-08-24T15:32:52Z	raw_txt/oglas_0430.txt	16	202	0753a218fbc18c35f2f44605aee10b64fde97e5243e7b617bfe53ccab68171e4
431	Halo Oglasi	RAM	Market > Računari > Komponente za računare > Memorije	5425637202474	https://www.halooglasi.com/racunari/memorije/corsair-vengeance-rgb-32gb-2-x-16gb-ddr4-dram/5425637202474	2026-08-24T15:32:52Z	raw_txt/oglas_0431.txt	50	759	371f12d721fb476a20716bd062a87a8c4e079b1b89893ece8b53d6a792f9ab7c
432	Halo Oglasi	RAM	Market > Računari > Komponente za računare > Memorije	5425642042479	https://www.halooglasi.com/racunari/memorije/ram-za-laptop-ddr4-8-gb-na-3200mhz/5425642042479	2026-08-24T15:32:51Z	raw_txt/oglas_0432.txt	34	159	bec970756236c7911e8fa3fc6fb3ba533d00f80e50249d5905da8962e88faf46
433	Halo Oglasi	RAM	Market > Računari > Komponente za računare > Memorije	5425642310627	https://www.halooglasi.com/racunari/memorije/kingston-ram-4gb-ddr3/5425642310627	2026-08-24T15:53:21Z	raw_txt/oglas_0433.txt	21	88	dd623af13b0d982f56a16af4aaaa71288ff345ae50651d416980fbb66cb85657
434	Halo Oglasi	RAM	Market > Računari > Komponente za računare > Memorije	5425642540984	https://www.halooglasi.com/racunari/memorije/ddr2-ram-memorije/5425642540984	2026-08-24T15:53:22Z	raw_txt/oglas_0434.txt	17	225	272798f330f43a4a9ec8c11e3d1f51afbc4e842004f84dfe771a74b2d38b289b
435	Halo Oglasi	RAM	Market > Računari > Komponente za računare > Memorije	5425642713893	https://www.halooglasi.com/racunari/memorije/ddr3-4x1gb-samsung-br1/5425642713893	2026-08-24T15:32:52Z	raw_txt/oglas_0435.txt	22	19	4301793d3f03f11a289ca6dededd45d11a636d604c8e650ccb470cc8f0fccb34
436	Halo Oglasi	RAM	Market > Računari > Komponente za računare > Memorije	5425642772233	https://www.halooglasi.com/racunari/memorije/4gb-ram-memorija/5425642772233	2026-08-24T15:32:52Z	raw_txt/oglas_0436.txt	16	69	6db4765a2d695754ce4c05df4b291ec53c0eda1b62afe55957ff42098c15c676
437	Halo Oglasi	RAM	Market > Računari > Komponente za računare > Memorije	5425643185474	https://www.halooglasi.com/racunari/memorije/8gb-ram-ddr3-na-1600mhz-2x4gb-na-pc3-12800-le/5425643185474	2026-08-24T15:32:53Z	raw_txt/oglas_0437.txt	49	421	230a774a21aa831d3b0250d0f3a8e9d7d1601bc8bfa4d52ed402786c7e0cb67a
438	Halo Oglasi	RAM	Market > Računari > Komponente za računare > Memorije	5425643341762	https://www.halooglasi.com/racunari/memorije/adata-memory-expert-2gb-2x1gb-ddr2-667mhz-cl5/5425643341762	2026-08-24T15:32:51Z	raw_txt/oglas_0438.txt	47	546	4125bff09628b86fd29c45f011fb7b545c82cc1ab66a42823d334b5a62dce482
439	Halo Oglasi	RAM	Market > Računari > Komponente za računare > Memorije	5425643344970	https://www.halooglasi.com/racunari/memorije/ram-memorije/5425643344970	2026-08-24T15:32:52Z	raw_txt/oglas_0439.txt	12	84	4d611776b1d446d0a9a558bbc904c0890a19cb2e34d4d427930b5df15471994d
440	Halo Oglasi	RAM	Market > Računari > Komponente za računare > Memorije	5425643566735	https://www.halooglasi.com/racunari/memorije/icy-box-externa-memorija-160g/5425643566735	2026-08-24T15:32:53Z	raw_txt/oglas_0440.txt	30	43	8562cde296fed01809bf81c6a294f9de19493d5695bfbb8c010f0aebd82c0ba1
441	Halo Oglasi	RAM	Market > Računari > Komponente za računare > Memorije	5425643626139	https://www.halooglasi.com/racunari/memorije/ram-ddr3-memorija-samsung-2gb-1rx8-pc3-12800u/5425643626139	2026-08-24T15:53:21Z	raw_txt/oglas_0441.txt	48	192	5f9ae27cc048196afb7b6d32995c0146e9a0f1efcc32ef30cdd6bf26da3a3c03
442	Halo Oglasi	RAM	Market > Računari > Komponente za računare > Memorije	5425643835699	https://www.halooglasi.com/racunari/memorije/memorija-kingston-ddr3/5425643835699	2026-08-24T15:32:54Z	raw_txt/oglas_0442.txt	22	76	67f8679bcbb6fa923537489ce8b115628011a82822403d0134e7f6b7670105be
443	Halo Oglasi	RAM	Market > Računari > Komponente za računare > Memorije	5425643903832	https://www.halooglasi.com/racunari/memorije/infineon-2gb-400mhz-ddr1-sdram/5425643903832	2026-08-24T15:53:19Z	raw_txt/oglas_0443.txt	32	180	76bf72aca4f251967e58f0a86cff853c876b52dbe8c55cd3df561d25da0ae78e
444	Halo Oglasi	RAM	Market > Računari > Komponente za računare > Memorije	5425643955591	https://www.halooglasi.com/racunari/memorije/hynix-4gb-ddr3-1600-laptop-memorija/5425643955591	2026-08-24T15:53:21Z	raw_txt/oglas_0444.txt	36	32	2dfd2cd4317ae13a2066f6aed1837b8047debe4dd0762ec09adb3351aa8ca402
445	Halo Oglasi	RAM	Market > Računari > Komponente za računare > Memorije	5425644146204	https://www.halooglasi.com/racunari/memorije/kinston-kcp421ss88-memorija-za-laptop/5425644146204	2026-08-24T15:53:18Z	raw_txt/oglas_0445.txt	38	65	cb699d386d4d87f2213b53b085e4f0f3aba3e11580d3d81592fed237ef7a3fe9
446	Halo Oglasi	RAM	Market > Računari > Komponente za računare > Memorije	5425644377152	https://www.halooglasi.com/racunari/memorije/corsair-dominator-4gb-ddr3-1600mhz/5425644377152	2026-08-24T15:32:53Z	raw_txt/oglas_0446.txt	34	210	1df7ace5332c1a17f917db41495a8473f7e978f1aef1ae736c32bd5c642d50f1
447	Halo Oglasi	RAM	Market > Računari > Komponente za računare > Memorije	5425644379905	https://www.halooglasi.com/racunari/memorije/hynix-2gb-400mhz-ddr1-sdram-set-4-kom/5425644379905	2026-08-24T15:32:53Z	raw_txt/oglas_0447.txt	41	179	013b5580672497a84849f00f5099fba5fe62350a69e3e016c64e7593e4e3507e
448	Halo Oglasi	RAM	Market > Računari > Komponente za računare > Memorije	5425644402547	https://www.halooglasi.com/racunari/memorije/crucial-ram-memorija-4gb-ddr4-2400-mhz-2x/5425644402547	2026-08-24T15:53:19Z	raw_txt/oglas_0448.txt	41	87	625168f245d25b5a9dfbd859f502b6edeabe80f5a1da3ade9fb762044995c9f6
449	Halo Oglasi	RAM	Market > Računari > Komponente za računare > Memorije	5425644487590	https://www.halooglasi.com/racunari/memorije/ram-za-laptop-3gb-ddr3-1333mhz/5425644487590	2026-08-24T15:53:19Z	raw_txt/oglas_0449.txt	30	158	dbf4d14e9b778cf9f8324b07c2e3caabe77aae4fad47de2d93ad2acca8e168d7
450	Halo Oglasi	RAM	Market > Računari > Komponente za računare > Memorije	5425644662706	https://www.halooglasi.com/racunari/memorije/novo-ddr3-8gb-sodimm-1600/5425644662706	2026-08-24T15:53:19Z	raw_txt/oglas_0450.txt	25	84	b8a27ecd30fd638fc581b9f8580c52f05994b02ebb48152733512dea2cfa6890
451	Halo Oglasi	RAM	Market > Računari > Komponente za računare > Memorije	5425644776540	https://www.halooglasi.com/racunari/memorije/kingston-hyperx-fury-ddr3-4gb-1866mhz/5425644776540	2026-08-24T15:53:18Z	raw_txt/oglas_0451.txt	37	19	e0c54a248ab93ee4bcb6d822b433feb03e122b27ab6d2d863cbaeb07d51793d6
452	Halo Oglasi	RAM	Market > Računari > Komponente za računare > Memorije	5425644838771	https://www.halooglasi.com/racunari/memorije/kingmax-4gb-ddr2-ram-1066/5425644838771	2026-08-24T15:32:52Z	raw_txt/oglas_0452.txt	25	51	ab4a6b80363f7dda3a3a9dcbc4d67e23511b22e5e4c78b751f71ed8261d7cc10
453	Halo Oglasi	RAM	Market > Računari > Komponente za računare > Memorije	5425644839757	https://www.halooglasi.com/racunari/memorije/ram-memorija-2x-8gb-ddr3/5425644839757	2026-08-24T15:53:20Z	raw_txt/oglas_0453.txt	24	43	e7ab1ee2755692135458f9e3d10226cea3fbda8573bfbedcbb3669583e5a0dab
454	Halo Oglasi	RAM	Market > Računari > Komponente za računare > Memorije	5425645029278	https://www.halooglasi.com/racunari/memorije/samsung-ram-memorija-sodim-ddr2-2gb/5425645029278	2026-08-24T15:53:19Z	raw_txt/oglas_0454.txt	35	189	5e3fdd46235612cabcdb3b2db753e4bb7d0ee1af596fb4e8b6889c23fbfd4cda
455	Halo Oglasi	RAM	Market > Računari > Komponente za računare > Memorije	5425645576254	https://www.halooglasi.com/racunari/memorije/ddr3-ocz-special-ops-2x1gb/5425645576254	2026-08-24T15:32:54Z	raw_txt/oglas_0455.txt	26	691	71efbad42461ace92cc388e111f058a0515fd1cc5e80d784a26cb892b5871ef5
456	Halo Oglasi	RAM	Market > Računari > Komponente za računare > Memorije	5425645576258	https://www.halooglasi.com/racunari/memorije/ram-memorija-ddr1-infineon-2-x-256-mb/5425645576258	2026-08-24T15:32:52Z	raw_txt/oglas_0456.txt	37	657	66f8dc1650ff0841414dcdb70d434b21d013fe6b295eedef0491d0cdf0407651
457	Halo Oglasi	RAM	Market > Računari > Komponente za računare > Memorije	5425645577146	https://www.halooglasi.com/racunari/memorije/ddr3-ocz-platinum-series-1gb/5425645577146	2026-08-24T15:32:53Z	raw_txt/oglas_0457.txt	28	572	6f9708072f2422dcb34a8067458eed6c7516766dfa8026d56f90857103f71316
458	Halo Oglasi	RAM	Market > Računari > Komponente za računare > Memorije	5425645577147	https://www.halooglasi.com/racunari/memorije/corsair-ddr3-3-x-1-gb-1333-platinum-series-xt/5425645577147	2026-08-24T15:32:54Z	raw_txt/oglas_0458.txt	49	702	c73d8b3cedd01c4da527ea3d53cd72af2fd81ca2a7a378082dd9474091cd7eb2
459	Halo Oglasi	RAM	Market > Računari > Komponente za računare > Memorije	5425645670190	https://www.halooglasi.com/racunari/memorije/hynix-ddr2---1gb-800mhz/5425645670190	2026-08-24T15:32:52Z	raw_txt/oglas_0459.txt	23	246	b2c1c4172e571ee5508aa68a609a5ed79927cb363c03fbf9de74d177ca0f1615
460	Halo Oglasi	RAM	Market > Računari > Komponente za računare > Memorije	5425645674917	https://www.halooglasi.com/racunari/memorije/ram-ddr3-2gb-4-komada/5425645674917	2026-08-24T15:32:54Z	raw_txt/oglas_0460.txt	21	404	f995fca137d5d6fadebeb6466ccdc6dc6f05ede767f49413e81b6db09bcb42dd
461	Halo Oglasi	RAM	Market > Računari > Komponente za računare > Memorije	5425645932069	https://www.halooglasi.com/racunari/memorije/memorija-ddr-3-103-samsung-3gb-1rx8-pc3-10600/5425645932069	2026-08-24T15:53:22Z	raw_txt/oglas_0461.txt	50	193	3639fdfbb4a7e590f9ce7535c92ba723ff493acbc044c28c2cea3eda433c293e
462	Halo Oglasi	RAM	Market > Računari > Komponente za računare > Memorije	5425645932161	https://www.halooglasi.com/racunari/memorije/memorija-ddr-3-102-micron-4gb-2rx4-pc3-10600r/5425645932161	2026-08-24T15:32:53Z	raw_txt/oglas_0462.txt	50	185	ecf63212d7e803698239f0274378818140b5abe2709bb98949ced997eea1c41a
463	Halo Oglasi	RAM	Market > Računari > Komponente za računare > Memorije	5425646083252	https://www.halooglasi.com/racunari/memorije/ram-memorije-4gb2x2gb/5425646083252	2026-08-24T15:32:52Z	raw_txt/oglas_0463.txt	23	382	8096debaf86b48b19ec9af4cbc2b212f22c2491665b23a89745a88349f2155e8
464	Halo Oglasi	RAM	Market > Računari > Komponente za računare > Memorije	5425646335329	https://www.halooglasi.com/racunari/memorije/memorija-ddr44gb-2666mhz/5425646335329	2026-08-24T15:32:53Z	raw_txt/oglas_0464.txt	26	48	59c681e7d8f6c455f2ba6fff6006178ae8d104069f9c3d8d07a7642a87d96c34
465	Halo Oglasi	RAM	Market > Računari > Komponente za računare > Memorije	5425646406456	https://www.halooglasi.com/racunari/memorije/micromemory-mmhp004-8gb-ram-memorija-ddr4-213/5425646406456	2026-08-24T15:53:20Z	raw_txt/oglas_0465.txt	49	329	039aa0cc089c097e842575a1c849f8d3fdfa5297c5e7081ecc40a16d601b5b51
466	Halo Oglasi	RAM	Market > Računari > Komponente za računare > Memorije	5425646500038	https://www.halooglasi.com/racunari/memorije/kingston-ddr4-8gb/5425646500038	2026-08-24T15:32:53Z	raw_txt/oglas_0466.txt	17	24	2e342bbe47a30ab0c0b48f7f45adbf63df404a69cf9498f71c0421613214b13e
467	Halo Oglasi	RAM	Market > Računari > Komponente za računare > Memorije	5425646575268	https://www.halooglasi.com/racunari/memorije/corsair-xms2-4gb-ddr2-800mhz/5425646575268	2026-08-24T15:53:19Z	raw_txt/oglas_0467.txt	28	212	4015bb7027d965bbfe49252a41a529704e504d6955c938329684a0af391e9fa4
468	Halo Oglasi	RAM	Market > Računari > Komponente za računare > Memorije	5425646863890	https://www.halooglasi.com/racunari/memorije/ram-memorije/5425646863890	2026-08-24T15:53:21Z	raw_txt/oglas_0468.txt	12	37	5bbaf29a5a3adca91a6b7b0d47c30848966ee5aa52e50a81817e253b4ca08260
469	Halo Oglasi	RAM	Market > Računari > Komponente za računare > Memorije	5425646948057	https://www.halooglasi.com/racunari/memorije/samsung-4gb-1rx8-pc4-2400t-sa1-11-memorija/5425646948057	2026-08-24T15:53:18Z	raw_txt/oglas_0469.txt	42	181	3ecddc76553b42b71a8d4c00ec20f42f8343e0ba6531d8ee4832161227da4b32
470	Halo Oglasi	RAM	Market > Računari > Komponente za računare > Memorije	5425646948544	https://www.halooglasi.com/racunari/memorije/kingston-ktt667d21g-ram-memorija-za-laptop-1g/5425646948544	2026-08-24T15:32:51Z	raw_txt/oglas_0470.txt	47	248	8b8fd114ad92b96f50853cf8973a3cdc015c27b1a39c9517d0fa8c88edd1ef36
471	Halo Oglasi	RAM	Market > Računari > Komponente za računare > Memorije	5425646948923	https://www.halooglasi.com/racunari/memorije/ramaxel-4gb-2rx8-pc3-10600s-999hf-ddr3-ram-me/5425646948923	2026-08-24T15:53:20Z	raw_txt/oglas_0471.txt	50	328	d051515ff10f55d5af86dc00b1dc5eb544a3c66a4753ca0fd804b9d76c46c9ad
472	Halo Oglasi	RAM	Market > Računari > Komponente za računare > Memorije	5425647046216	https://www.halooglasi.com/racunari/memorije/ddr4-16-gb-4-x-4-gb-3200-mhz-xmp-2-0-g-skill/5425647046216	2026-08-24T15:32:53Z	raw_txt/oglas_0472.txt	46	21	e5d4dafa52c6859b5214fe45b036c9616b9ad954079e9ad63b82cd5affe5b677
473	Halo Oglasi	RAM	Market > Računari > Komponente za računare > Memorije	5425647448522	https://www.halooglasi.com/racunari/memorije/samsung-ddr4-8gb-2133/5425647448522	2026-08-24T15:53:20Z	raw_txt/oglas_0473.txt	21	155	85d6668a66e088b238db0262efc9edce73a5719c1398f1c68de2ed88268fa9e9
474	Halo Oglasi	RAM	Market > Računari > Komponente za računare > Memorije	5425647489071	https://www.halooglasi.com/racunari/memorije/crucial-ddr4-memorija/5425647489071	2026-08-24T15:53:21Z	raw_txt/oglas_0474.txt	21	34	4ab9ed6c04a7d70ec2c830dc024cd36af8338f7af2b4cdb9c3156be0f55ed0c2
475	Halo Oglasi	RAM	Market > Računari > Komponente za računare > Memorije	5425647513801	https://www.halooglasi.com/racunari/memorije/lenovo---sk-hynix-8gb-ddr4-3200mhz-so-dimm/5425647513801	2026-08-24T15:53:20Z	raw_txt/oglas_0475.txt	42	143	a56dc0f721edf637a0c6830651152b6a93130a0d08a9961733aa92316e74a105
476	Halo Oglasi	RAM	Market > Računari > Komponente za računare > Memorije	5425647515439	https://www.halooglasi.com/racunari/memorije/kingston-fury-impact-16gb32gb-ddr5-garancija/5425647515439	2026-08-24T15:32:52Z	raw_txt/oglas_0476.txt	50	428	bce66b994c6d56853e5fd64937259e707f2b75505af6746c396fa85d147807fc
477	Halo Oglasi	Skladište	Market > Računari > Smeštanje podataka > USB flash memorija	5425435177636	https://www.halooglasi.com/racunari/usb-flash-memorija/usb-2gb-flash-verbatim/5425435177636	2026-08-24T15:32:57Z	raw_txt/oglas_0477.txt	22	71	e6f35a2bc49bbc2845403931b51e861c12df5506f7d04673af7f018d37b41afe
478	Halo Oglasi	Skladište	Market > Računari > Smeštanje podataka > USB flash memorija	5425435204894	https://www.halooglasi.com/racunari/usb-flash-memorija/rf-receiver-2-4-ghz/5425435204894	2026-08-24T15:53:26Z	raw_txt/oglas_0478.txt	19	93	ab627a380a403c92dbddcb468c96d31759e95624559123da8cdf1cf6128d0cc2
479	Halo Oglasi	Skladište	Market > Računari > Smeštanje podataka > USB flash memorija	5425452216717	https://www.halooglasi.com/racunari/usb-flash-memorija/mini-usb-usisivac-sa-led-svetlom---zelen/5425452216717	2026-08-24T15:32:56Z	raw_txt/oglas_0479.txt	40	962	4e20f3aa9fe98086a7f3ca4eb8cfde73b78eaebfe5f164ac9a3bcbe31e0e92d6
480	Halo Oglasi	Skladište	Market > Računari > Smeštanje podataka > USB flash memorija	5425492905341	https://www.halooglasi.com/racunari/usb-flash-memorija/64gb-usb-flash-ultra-slim-novo/5425492905341	2026-08-24T15:56:53Z	raw_txt/oglas_0480.txt	33	213	7a8f6ffd1d18c2f924109ecd317b4481c0994f44bc1da7abde21ff5a13e02819
481	Halo Oglasi	Skladište	Market > Računari > Komponente za računare > Hard diskovi	5425567528638	https://www.halooglasi.com/racunari/hard-diskovi/hard-disc-sata-wd1600aajs-ispravan-160gb/5425567528638	2026-08-24T15:56:55Z	raw_txt/oglas_0481.txt	40	107	0b0272bcffca528fb130e4d94c7221075986ed0c4c8b46dbd7eca9383af88b48
482	Halo Oglasi	Skladište	Market > Računari > Smeštanje podataka > USB flash memorija	5425633319661	https://www.halooglasi.com/racunari/usb-flash-memorija/usb-2-0-hub-sa-7-prikljucaka-i-prekidaca/5425633319661	2026-08-24T15:32:58Z	raw_txt/oglas_0482.txt	40	317	db65da49043f3d7fa3ecf568b027812579f462e8e2b2f269ccbf72ace9aca1e6
483	Halo Oglasi	Skladište	Market > Računari > Smeštanje podataka > USB flash memorija	5425634149249	https://www.halooglasi.com/racunari/usb-flash-memorija/usb-8-gb-sp/5425634149249	2026-08-24T15:32:55Z	raw_txt/oglas_0483.txt	11	48	c87a3434428f20a2765b969881f0c349a2ccf69a46d2b0f74bfa2836a85a211e
484	Halo Oglasi	Skladište	Market > Računari > Smeštanje podataka > USB flash memorija	5425634161830	https://www.halooglasi.com/racunari/usb-flash-memorija/novo-usb-produzni-kabl-silvercrest-retractabl/5425634161830	2026-08-24T15:32:57Z	raw_txt/oglas_0484.txt	47	983	c9450214b49e88681e7b7516c7c742a82aefbc54d6e8603b1a64b58b595337ca
485	Halo Oglasi	Skladište	Market > Računari > Komponente za računare > Hard diskovi	5425634180953	https://www.halooglasi.com/racunari/hard-diskovi/hdd-western-digital-320-gb/5425634180953	2026-08-24T15:56:53Z	raw_txt/oglas_0485.txt	26	81	d66edccab97e50b0794a308751545243c9b9b42ec3d5c3139b09c288f06f8108
486	Halo Oglasi	Skladište	Market > Računari > Komponente za računare > Hard diskovi	5425634472841	https://www.halooglasi.com/racunari/hard-diskovi/hdd-hitachi-500gb-7200-rpm-nizak-health/5425634472841	2026-08-24T15:53:26Z	raw_txt/oglas_0486.txt	39	40	12951c416a4a9a45dbe62de203052c035a5fece251cbb5ab14610ec48a9ce344
487	Halo Oglasi	Skladište	Market > Računari > Komponente za računare > SSD diskovi	5425634731271	https://www.halooglasi.com/racunari/ssd-diskovi/samsung-860-evo-ssd-2tb-mz-76e2tobeu/5425634731271	2026-08-24T15:32:55Z	raw_txt/oglas_0487.txt	37	356	a8a65ba07663f7c464ed46c8cd62d7d25e8a2239a32d9de8da243d4faba4b59e
488	Halo Oglasi	Skladište	Market > Računari > Komponente za računare > Hard diskovi	5425634733643	https://www.halooglasi.com/racunari/hard-diskovi/fujitsu-100gb-sata-2-5/5425634733643	2026-08-24T15:32:55Z	raw_txt/oglas_0488.txt	22	167	f51a32101a16d7db482c8b6f4b9860ff42cff9b01a6cd4e920b7f2a7117be184
489	Halo Oglasi	Skladište	Market > Računari > Komponente za računare > SSD diskovi	5425635371719	https://www.halooglasi.com/racunari/ssd-diskovi/250gb-samsung-970-evo-m-2-nvme-ssd-34001500mb/5425635371719	2026-08-24T15:56:52Z	raw_txt/oglas_0489.txt	48	767	061c47de9e776fa3325e7876c60b0d9a832c7398da7ab2ad22a05f3eb632b722
490	Halo Oglasi	Skladište	Market > Računari > Smeštanje podataka > USB flash memorija	5425635451728	https://www.halooglasi.com/racunari/usb-flash-memorija/usb-flash-memorija-u-obliku-mercedes-auto-klj/5425635451728	2026-08-24T15:32:57Z	raw_txt/oglas_0490.txt	48	106	b40ab12582cf2a0a295c78254cfb5f7156dca665378dcce4661eaa55f868c9be
491	Halo Oglasi	Skladište	Market > Računari > Smeštanje podataka > USB flash memorija	5425635470605	https://www.halooglasi.com/racunari/usb-flash-memorija/digitalni-usb-mikroskop-koji-uvecava-od-50-do/5425635470605	2026-08-24T15:32:57Z	raw_txt/oglas_0491.txt	50	1493	4289ed518e07a88df379f78a85181a40ad32e27ec9c0e90f36873cb955391165
492	Halo Oglasi	Skladište	Market > Računari > Smeštanje podataka > USB flash memorija	5425635476064	https://www.halooglasi.com/racunari/usb-flash-memorija/mini-usb-usisivac-za-tastaturu-sa-led-svetlom/5425635476064	2026-08-24T15:53:28Z	raw_txt/oglas_0492.txt	45	502	346d7d2f6018d715bd3220edf0fadfb983770fd05742e1470ca8c440bac32a6b
493	Halo Oglasi	Skladište	Market > Računari > Komponente za računare > Hard diskovi	5425635864956	https://www.halooglasi.com/racunari/hard-diskovi/hard-diskovi-prodaja/5425635864956	2026-08-24T15:56:52Z	raw_txt/oglas_0493.txt	20	104	8d391fab361db847f1211c3a97a5beb618f5f5f784236162e89b3bb61637b196
494	Halo Oglasi	Skladište	Market > Računari > Komponente za računare > Hard diskovi	5425635911649	https://www.halooglasi.com/racunari/hard-diskovi/hrad-disk-wd-enterprise-edition-500-gb-64-mb/5425635911649	2026-08-24T15:56:51Z	raw_txt/oglas_0494.txt	44	140	ed0a3c8d16203bf85d449706517ca1ba8524abe6213dc54e5e8276e5cce9a11b
495	Halo Oglasi	Skladište	Market > Računari > Komponente za računare > Hard diskovi	5425636073791	https://www.halooglasi.com/racunari/hard-diskovi/hdd-3-5-1tb-wd10eurx-wd-av-gp-green-intellipo/5425636073791	2026-08-24T15:53:25Z	raw_txt/oglas_0495.txt	48	265	024b334c9c1a032702c26fc13c10a69e7b4e212bb6e2cc665f16de082a53a0e2
496	Halo Oglasi	Skladište	Market > Računari > Komponente za računare > Hard diskovi	5425636073893	https://www.halooglasi.com/racunari/hard-diskovi/hdd-3-5-500gb-wd5000audx-wd-av-gp-green-intel/5425636073893	2026-08-24T15:56:55Z	raw_txt/oglas_0496.txt	49	256	2889daa887547108931b8ec0d1c39aae9accf941992e251d387081e9948aad76
497	Halo Oglasi	Skladište	Market > Računari > Komponente za računare > Hard diskovi	5425636073994	https://www.halooglasi.com/racunari/hard-diskovi/hdd-3-5-500gb-wd5000avvs-wd-av-gp-green-5400r/5425636073994	2026-08-24T15:53:26Z	raw_txt/oglas_0497.txt	50	252	148ce10402294a3359262b1f2677b852c8f325eb75fc2768dffecbd53c17bc3f
498	Halo Oglasi	Skladište	Market > Računari > Komponente za računare > SSD diskovi	5425636236464	https://www.halooglasi.com/racunari/ssd-diskovi/samsung-evo-850-ssd-500gb-sata-iii/5425636236464	2026-08-24T15:32:58Z	raw_txt/oglas_0498.txt	34	392	e507fd2a832464fe770f83527a7f8c01efc34f24608c10d268f79c1cca73627a
499	Halo Oglasi	Skladište	Market > Računari > Smeštanje podataka > USB flash memorija	5425636481308	https://www.halooglasi.com/racunari/usb-flash-memorija/kingston-usb-flash-memorije-32-256gb/5425636481308	2026-08-24T15:56:53Z	raw_txt/oglas_0499.txt	36	346	2539c8ada205c9bfbb7c14b8fecb593b2c537b297ac90a6b1fb395224f226fad
500	Halo Oglasi	Skladište	Market > Računari > Komponente za računare > Hard diskovi	5425636721045	https://www.halooglasi.com/racunari/hard-diskovi/prodajem-seagate-barracuda-7200-7-80gb/5425636721045	2026-08-24T15:53:23Z	raw_txt/oglas_0500.txt	38	40	deb02b3910c630ae2fc64d2bef477d4efec7f88a3d1c115c01f0fcd8c2cf2b9e
501	Halo Oglasi	Skladište	Market > Računari > Komponente za računare > Hard diskovi	5425637107287	https://www.halooglasi.com/racunari/hard-diskovi/western-digital-purple-4-tb-novi/5425637107287	2026-08-24T15:53:24Z	raw_txt/oglas_0501.txt	34	379	5691474a674a49ce5bbab269eadf71b3b3429bf577853b1a3846d279cf0b79d4
502	Halo Oglasi	Skladište	Market > Računari > Smeštanje podataka > USB flash memorija	5425641557101	https://www.halooglasi.com/racunari/usb-flash-memorija/usb-64gb-sa-ulazom-za-racunar-i-telefon/5425641557101	2026-08-24T15:53:23Z	raw_txt/oglas_0502.txt	39	516	8300f53d4025ccecaa916ae311e4b67839f89e59f22830513d08a2e5fb7bb877
503	Halo Oglasi	Skladište	Market > Računari > Smeštanje podataka > USB flash memorija	5425641557196	https://www.halooglasi.com/racunari/usb-flash-memorija/usb-128-gb-sa-ulazom-za-racunar-i-telefon/5425641557196	2026-08-24T15:32:58Z	raw_txt/oglas_0503.txt	41	512	7772cfddb2f2ce8cd008d3b06497740b3243ee6b8015d1ae512389c86293ad95
504	Halo Oglasi	Skladište	Market > Računari > Smeštanje podataka > USB flash memorija	5425641572192	https://www.halooglasi.com/racunari/usb-flash-memorija/usb-led-sijalica-plava/5425641572192	2026-08-24T15:32:56Z	raw_txt/oglas_0504.txt	22	365	8974ca8a02680202822eefaab74f8f215bb43f872708209cdbf210615c204079
505	Halo Oglasi	Skladište	Market > Računari > Smeštanje podataka > USB flash memorija	5425641818381	https://www.halooglasi.com/racunari/usb-flash-memorija/gemalto-pc-usb-sl-citac-cipovanih-kartica/5425641818381	2026-08-24T15:32:57Z	raw_txt/oglas_0505.txt	41	236	cb594973919234bb16285b922ef1ace2f9c226a81fc319bd545fd416716b0afa
506	Halo Oglasi	Skladište	Market > Računari > Smeštanje podataka > USB flash memorija	5425641894681	https://www.halooglasi.com/racunari/usb-flash-memorija/usb-mamorija-fles-model-dte-g2-120-gb-kingsto/5425641894681	2026-08-24T15:32:56Z	raw_txt/oglas_0506.txt	46	40	7f62f19dd8bfdfcc91c9b1ef625f65a4b725544080d03fd835922c35d57c3ee9
507	Halo Oglasi	Skladište	Market > Računari > Komponente za računare > SSD diskovi	5425641923283	https://www.halooglasi.com/racunari/ssd-diskovi/patriot-ssd-512gb/5425641923283	2026-08-24T15:32:55Z	raw_txt/oglas_0507.txt	17	222	f51d61a3d1b9c2aa066e775bad6e4620a0c2a05c2ac825d25dcae43a98d5770e
508	Halo Oglasi	Skladište	Market > Računari > Komponente za računare > Hard diskovi	5425641968616	https://www.halooglasi.com/racunari/hard-diskovi/hitachi-80-gb-sata-health-9100-hts721080g9sa0/5425641968616	2026-08-24T15:56:51Z	raw_txt/oglas_0508.txt	47	129	e112b38c4b60eed0d33bbbf5e3befc83ffc95b7c7ba7360738403b443c4391f1
509	Halo Oglasi	Skladište	Market > Računari > Smeštanje podataka > USB flash memorija	5425641990428	https://www.halooglasi.com/racunari/usb-flash-memorija/mini-ventilator-usb/5425641990428	2026-08-24T15:53:24Z	raw_txt/oglas_0509.txt	19	777	5180eadbd6b6b0a5e966d08cd86f50fcead0181d11f3220f7b51dcd5ad562d33
510	Halo Oglasi	Skladište	Market > Računari > Komponente za računare > Hard diskovi	5425642148505	https://www.halooglasi.com/racunari/hard-diskovi/caddy-fioke-2-53-5inca-hp-g5g6g7g8g9g10-dell/5425642148505	2026-08-24T15:32:55Z	raw_txt/oglas_0510.txt	50	747	0e34253b0a76fee47bf93a0c01b0e9df61bfe2d96a1c2e3e498925c6e3067ac7
511	Halo Oglasi	Skladište	Market > Računari > Komponente za računare > Hard diskovi	5425642285716	https://www.halooglasi.com/racunari/hard-diskovi/western-digital-my-passport-1tb-2-5-hard-disk/5425642285716	2026-08-24T15:56:55Z	raw_txt/oglas_0511.txt	46	46	490274dc6b5249b322ccd49e37a9e2f4c0cd7d9b6713837acfc7ad8738388d44
512	Halo Oglasi	Skladište	Market > Računari > Komponente za računare > Hard diskovi	5425642285788	https://www.halooglasi.com/racunari/hard-diskovi/western-digital-green-3tb-hard-disk/5425642285788	2026-08-24T15:32:54Z	raw_txt/oglas_0512.txt	35	35	b218b36e573f06251eb890ca49f99b9aa5c0918385ea12caf4d9062330b428cb
513	Halo Oglasi	Skladište	Market > Računari > Smeštanje podataka > USB flash memorija	5425642287193	https://www.halooglasi.com/racunari/usb-flash-memorija/64gb-dtx64gb-kingston-usb-flash-memorija/5425642287193	2026-08-24T15:32:56Z	raw_txt/oglas_0513.txt	41	160	5e4afcd6acef503ca5e999a702d8da2406b3c68bad97bd6414c306289aea93ee
514	Halo Oglasi	Skladište	Market > Računari > Komponente za računare > SSD diskovi	5425642318988	https://www.halooglasi.com/racunari/ssd-diskovi/samsung-870-evo-500gb/5425642318988	2026-08-24T15:53:28Z	raw_txt/oglas_0514.txt	21	85	1dfb175f953b3694078e3b6c30cd704ab8c400ec1ea9ba451e9eb880a8436577
515	Halo Oglasi	Skladište	Market > Računari > Komponente za računare > Hard diskovi	5425642429795	https://www.halooglasi.com/racunari/hard-diskovi/hdd-za-video-nadzor-wd-1tb-wd10purz-64mb-purp/5425642429795	2026-08-24T15:32:58Z	raw_txt/oglas_0515.txt	47	237	af6c41ee55835b36f8ad8000dd85ba21926a23f69b17f4b3343204a5b853a160
516	Halo Oglasi	Skladište	Market > Računari > Komponente za računare > SSD diskovi	5425642429888	https://www.halooglasi.com/racunari/ssd-diskovi/ssd-2-5-480gb-kingfast-f6-pro-550mbs400mbs/5425642429888	2026-08-24T15:32:55Z	raw_txt/oglas_0516.txt	43	601	0985baea69aaa1a76446a7b55fc2f6af73090c46783e12ce998b8fa57844cb81
517	Halo Oglasi	Skladište	Market > Računari > Komponente za računare > Hard diskovi	5425642511719	https://www.halooglasi.com/racunari/hard-diskovi/hard-diskovi-svih-vrsta-i-velicina/5425642511719	2026-08-24T15:56:51Z	raw_txt/oglas_0517.txt	34	569	2c3e49dbe7ebd0217445c9875c64f6c4feab2728bb2c3e5fdf7e16b3acc56fcd
518	Halo Oglasi	Skladište	Market > Računari > Komponente za računare > SSD diskovi	5425642785837	https://www.halooglasi.com/racunari/ssd-diskovi/corsair-mp600core-2tb-nov-nvme-ssd/5425642785837	2026-08-24T15:32:55Z	raw_txt/oglas_0518.txt	34	89	8d2870b6ff9c01cb5a2b660d1d9229ffd2d28ca20967da7b8046e61790d79b62
519	Halo Oglasi	Skladište	Market > Računari > Smeštanje podataka > USB flash memorija	5425643032028	https://www.halooglasi.com/racunari/usb-flash-memorija/usb-64-gb-3u1-androidtype-cracunar/5425643032028	2026-08-24T15:32:55Z	raw_txt/oglas_0519.txt	37	1111	f61005d5e9490c14f6d7c23f0182582eeb6f96f0ed411a6c11a160b5b110a8f9
520	Halo Oglasi	Skladište	Market > Računari > Komponente za računare > Hard diskovi	5425643120816	https://www.halooglasi.com/racunari/hard-diskovi/4-razna-3-5-hard-diska-velicina-od-po-80gb-na/5425643120816	2026-08-24T15:56:53Z	raw_txt/oglas_0520.txt	50	510	01700c13e4be08913e6172d50b708e95d56db06c7fb41714f2af7e4dc3ebe544
521	Halo Oglasi	Skladište	Market > Računari > Komponente za računare > Hard diskovi	5425643121090	https://www.halooglasi.com/racunari/hard-diskovi/2-razna-hardiska-formata-3-5-od-po-500gb-na-s/5425643121090	2026-08-24T15:56:53Z	raw_txt/oglas_0521.txt	48	681	aefc9edae081c565d11515a64687c8b41a8a972cc20e7c7ae9dfb3173aefb4fc
522	Halo Oglasi	Skladište	Market > Računari > Komponente za računare > Hard diskovi	5425643122039	https://www.halooglasi.com/racunari/hard-diskovi/2-hgst-hardiska-formata-2-5-od-po-500gb-na-sa/5425643122039	2026-08-24T15:56:53Z	raw_txt/oglas_0522.txt	47	929	338a65f7abec2c39289de7389b811b0a6b419d01f59dbc695a84c51cf6765887
523	Halo Oglasi	Skladište	Market > Računari > Komponente za računare > SSD diskovi	5425643375441	https://www.halooglasi.com/racunari/ssd-diskovi/secomp-value-hddssd-mounting-adapter-3-5-to-2/5425643375441	2026-08-24T15:32:56Z	raw_txt/oglas_0523.txt	48	452	fa25fa1171a29121a184d633b382cbee43102bab055188ef1cf49fca9de19332
524	Halo Oglasi	Skladište	Market > Računari > Komponente za računare > SSD diskovi	5425643623841	https://www.halooglasi.com/racunari/ssd-diskovi/ssd-intel-512gb-670p-series-m-2-pcie-m-2-2280/5425643623841	2026-08-24T15:53:23Z	raw_txt/oglas_0524.txt	45	698	48a0df00aecf00d4da21f05fb620d284a2ea350d9e623227ddcb9ff8a0ccadf7
525	Halo Oglasi	Skladište	Market > Računari > Komponente za računare > Hard diskovi	5425643871904	https://www.halooglasi.com/racunari/hard-diskovi/320gb-sata-seagate-baracuda---100-posto-ok/5425643871904	2026-08-24T15:53:24Z	raw_txt/oglas_0525.txt	42	108	d6edfd195893761280609138e3ac0422d7ecf7c57798a1accc0d57246b6ee093
526	Halo Oglasi	Skladište	Market > Računari > Komponente za računare > Hard diskovi	5425643959221	https://www.halooglasi.com/racunari/hard-diskovi/hdd-wd-1tb-2-5-sata-iii-128mb-5-400-wd10spzx/5425643959221	2026-08-24T15:53:26Z	raw_txt/oglas_0526.txt	49	804	ea20d185dbb87e13ba5cf3582ef6b53fb9cf405e45fbddaf8cb4dd1a526d1c7d
527	Halo Oglasi	Skladište	Market > Računari > Smeštanje podataka > USB flash memorija	5425644001856	https://www.halooglasi.com/racunari/usb-flash-memorija/lenovo-usb-flash-2tb/5425644001856	2026-08-24T15:56:55Z	raw_txt/oglas_0527.txt	20	40	5dd93ef07a0c19e3b5b606b899e0599ccb9e7316489aef6d0014604504d0c431
528	Halo Oglasi	Skladište	Market > Računari > Komponente za računare > Hard diskovi	5425644067302	https://www.halooglasi.com/racunari/hard-diskovi/wd-500gb-sata-iii-32m-cache-0-dana-100-wd5000/5425644067302	2026-08-24T15:56:55Z	raw_txt/oglas_0528.txt	50	96	c4623d70734662e2471fc0fc51fd75ac3f72d5e0693c26e4ef66a133caef9ef5
529	Halo Oglasi	Skladište	Market > Računari > Komponente za računare > Hard diskovi	5425644428878	https://www.halooglasi.com/racunari/hard-diskovi/hsr-disk-sata-3-250-gb/5425644428878	2026-08-24T15:53:27Z	raw_txt/oglas_0529.txt	22	13	03adefe40c697d236a08706f15c2a5a5f0834b56d93fc845a51c89879995bb1e
530	Halo Oglasi	Skladište	Market > Računari > Komponente za računare > Hard diskovi	5425644459280	https://www.halooglasi.com/racunari/hard-diskovi/hdd-10k-wd-black-160gb/5425644459280	2026-08-24T15:32:54Z	raw_txt/oglas_0530.txt	22	58	a68b5ade0cc6148e38cb1ff72a233c7235f9b42244da376527a9d425a1b1d64c
531	Halo Oglasi	Skladište	Market > Računari > Smeštanje podataka > USB flash memorija	5425644681754	https://www.halooglasi.com/racunari/usb-flash-memorija/sandisk-ultra-dual-drive-usb-type-c-128gb-g46/5425644681754	2026-08-24T15:53:25Z	raw_txt/oglas_0531.txt	45	96	bbd2db6b5fc1e33430ddcd46256d61d091c1e01a086199ca27b2da369c0463dc
532	Halo Oglasi	Skladište	Market > Računari > Komponente za računare > SSD diskovi	5425644682192	https://www.halooglasi.com/racunari/ssd-diskovi/sandisk-portable-ssd-480gb-sdssde30-480g-g25/5425644682192	2026-08-24T15:32:57Z	raw_txt/oglas_0532.txt	44	95	ac183c8dcdb4569d69b9933ee43b0fab340fa59cdc08869dcff328302b600fa4
533	Halo Oglasi	Skladište	Market > Računari > Komponente za računare > Hard diskovi	5425644741893	https://www.halooglasi.com/racunari/hard-diskovi/wd-blue-wd1600aajs-160gb/5425644741893	2026-08-24T15:56:53Z	raw_txt/oglas_0533.txt	24	40	047c5eb78e525013ffa7bc5bfbeace4496881c643d8f4af8c192777e13ae6153
534	Halo Oglasi	Skladište	Market > Računari > Smeštanje podataka > USB flash memorija	5425644823714	https://www.halooglasi.com/racunari/usb-flash-memorija/xiaomi-usb/5425644823714	2026-08-24T15:53:27Z	raw_txt/oglas_0534.txt	10	1250	64b5cd61f14d8a5d3fd558b6bd58cad30690bbc3b46ee62e4f022634f70ebd2a
535	Halo Oglasi	Skladište	Market > Računari > Smeštanje podataka > USB flash memorija	5425644834806	https://www.halooglasi.com/racunari/usb-flash-memorija/usb-hub-4-ulaza/5425644834806	2026-08-24T15:53:24Z	raw_txt/oglas_0535.txt	15	50	8c9f54c5d5cc77c73d8b94fde371fbb404c453112c3410105f77289014ce22d0
536	Halo Oglasi	Skladište	Market > Računari > Komponente za računare > Hard diskovi	5425644873415	https://www.halooglasi.com/racunari/hard-diskovi/3-laptop-hard-diska-od-po-500-gb/5425644873415	2026-08-24T15:32:57Z	raw_txt/oglas_0536.txt	32	566	9f2f532477f3e066c581a187a8850e91c2c5c081ea8002102c7d763c98a911a8
537	Halo Oglasi	Skladište	Market > Računari > Komponente za računare > Hard diskovi	5425644921964	https://www.halooglasi.com/racunari/hard-diskovi/eksterni-hard-diskovi/5425644921964	2026-08-24T15:32:57Z	raw_txt/oglas_0537.txt	21	819	a27efa99b7bf716bd20ab1a6493810f748e47109e7a966f524a795cfc3ac2eaa
538	Halo Oglasi	Skladište	Market > Računari > Smeštanje podataka > USB flash memorija	5425645374143	https://www.halooglasi.com/racunari/usb-flash-memorija/pny-usb-3-1-128gb-black/5425645374143	2026-08-24T15:32:56Z	raw_txt/oglas_0538.txt	23	464	674795786f85682f2725da7a7639413293ed9beb65d88851f5abcfb70efd6f87
539	Halo Oglasi	Skladište	Market > Računari > Komponente za računare > Hard diskovi	5425645396267	https://www.halooglasi.com/racunari/hard-diskovi/hard-disk-seagate-200-gb-ata/5425645396267	2026-08-24T15:53:27Z	raw_txt/oglas_0539.txt	29	650	8673d7de673fcac906b6e642360886e5ada3191c74f607bcfeebc661f062c636
540	Halo Oglasi	Skladište	Market > Računari > Komponente za računare > Hard diskovi	5425645575027	https://www.halooglasi.com/racunari/hard-diskovi/hard-disk-1tb/5425645575027	2026-08-24T15:56:51Z	raw_txt/oglas_0540.txt	13	38	041871ac7367234f8fb34b17ad99c0b908563584a50f4057f868728b5c3dbb4e
541	Halo Oglasi	Skladište	Market > Računari > Komponente za računare > SSD diskovi	5425646351049	https://www.halooglasi.com/racunari/ssd-diskovi/corsair-gen4-ssd/5425646351049	2026-08-24T15:53:27Z	raw_txt/oglas_0541.txt	16	249	785552cf2a50b60a11b04106d71e067ba80e7d98ce5f21ac6deaf31a583d66ff
542	Halo Oglasi	Skladište	Market > Računari > Smeštanje podataka > USB flash memorija	5425646646672	https://www.halooglasi.com/racunari/usb-flash-memorija/multiboot-usb-64gb-zorin-os-pro-android/5425646646672	2026-08-24T15:32:56Z	raw_txt/oglas_0542.txt	43	616	078e26a664d004267495e8fc519f33ff6804ba8a52f036b08c1cb96e79b163e0
543	Halo Oglasi	Skladište	Market > Računari > Komponente za računare > Hard diskovi	5425646715321	https://www.halooglasi.com/racunari/hard-diskovi/hard-disk-hdd-500gb-3-5-sata-100100-seagate-w/5425646715321	2026-08-24T15:53:26Z	raw_txt/oglas_0543.txt	47	474	ec61eb4436bca9c3fd1a331b464bab36edc48d2df90617b97b4975249cbb69df
544	Halo Oglasi	Skladište	Market > Računari > Komponente za računare > Hard diskovi	5425646760567	https://www.halooglasi.com/racunari/hard-diskovi/externi-hard-disk-250gb-320gb-500gb-1tb-2-5-i/5425646760567	2026-08-24T15:32:57Z	raw_txt/oglas_0544.txt	48	750	42718286c6ab3ee57f170e64e83593a0e70c5206496485e540faa9c1374a98c2
545	Halo Oglasi	Skladište	Market > Računari > Smeštanje podataka > USB flash memorija	5425646863606	https://www.halooglasi.com/racunari/usb-flash-memorija/usb-flash-memorija-2tb-novo-lenovo/5425646863606	2026-08-24T15:56:52Z	raw_txt/oglas_0545.txt	35	37	3ba3ab80cbe1274626405ce75f68b4c4a5c247c2701fdb231cafd748e3067db8
546	Halo Oglasi	Skladište	Market > Računari > Komponente za računare > Hard diskovi	5425647051220	https://www.halooglasi.com/racunari/hard-diskovi/hp-enterprise-3tb-mb3000ebuch-1tb-2-5-mm1000g/5425647051220	2026-08-24T15:32:54Z	raw_txt/oglas_0546.txt	49	733	737729a0349ee333cfa829a045818f94baf5119f98b63e179847eafda1941b6d
547	Halo Oglasi	Skladište	Market > Računari > Komponente za računare > SSD diskovi	5425647159723	https://www.halooglasi.com/racunari/ssd-diskovi/micron-2200-256gb-ssd-m-2-dostupno-odmah/5425647159723	2026-08-24T15:56:53Z	raw_txt/oglas_0547.txt	40	239	785f3dce8c573bf4efaa1d15889735a11ee14e5c67fbe7559fd7e02133602889
548	Halo Oglasi	Skladište	Market > Računari > Komponente za računare > Hard diskovi	5425647244155	https://www.halooglasi.com/racunari/hard-diskovi/nov-seagate-skyhawk-8tb-st8000ve001-surveilla/5425647244155	2026-08-24T15:56:52Z	raw_txt/oglas_0548.txt	48	673	0aa9318edc7e3909fe8c1bab4c55702a35b12012f5c25c66682a5220ae644559
549	Halo Oglasi	Skladište	Market > Računari > Komponente za računare > Hard diskovi	5425647252246	https://www.halooglasi.com/racunari/hard-diskovi/samsung-sata-160gb-7200rpm-8mb-nov-0-radnih-s/5425647252246	2026-08-24T15:32:57Z	raw_txt/oglas_0549.txt	50	139	894483975fd03c59c2bb7b9fe971cf720279f3838cd499861a104c85976e95a3
550	Halo Oglasi	Skladište	Market > Računari > Komponente za računare > Hard diskovi	5425647277897	https://www.halooglasi.com/racunari/hard-diskovi/hard-disk-500gb-toshiba-mq01abd050/5425647277897	2026-08-24T15:56:52Z	raw_txt/oglas_0550.txt	34	57	e92953438769ba3470671696fa5128f3c411589aeb101396a6ae67ffb7fd687d
551	Halo Oglasi	Skladište	Market > Računari > Komponente za računare > Hard diskovi	5425647328104	https://www.halooglasi.com/racunari/hard-diskovi/hdd-toshiba-500gb-za-laptop-sata3-100100/5425647328104	2026-08-24T15:53:23Z	raw_txt/oglas_0551.txt	43	480	38aa9c4ec4b89b3dbf7c1c7da49f77668cf421d16ebdd6af5d2efcb2ff6ed5a3
552	Halo Oglasi	Skladište	Market > Računari > Komponente za računare > Hard diskovi	5425647340455	https://www.halooglasi.com/racunari/hard-diskovi/seagate-barracuda-2tb-3-5-hard-disk7200rpm256/5425647340455	2026-08-24T15:56:53Z	raw_txt/oglas_0552.txt	49	80	4ccc4f50f6c5bb46658a4402de8038f7a6de241ba0198efae2927547a794b4fa
553	Halo Oglasi	Skladište	Market > Računari > Komponente za računare > Hard diskovi	5425647390698	https://www.halooglasi.com/racunari/hard-diskovi/toshiba-hdd-500gb-neispravan/5425647390698	2026-08-24T15:32:56Z	raw_txt/oglas_0553.txt	28	28	0de5a215d2732bf63e13d47d4660673b58e04fd00149a350fd27e3537906ac95
554	Halo Oglasi	Skladište	Market > Računari > Komponente za računare > SSD diskovi	5425647439418	https://www.halooglasi.com/racunari/ssd-diskovi/silicon-power-ssd-128gb/5425647439418	2026-08-24T15:53:24Z	raw_txt/oglas_0554.txt	23	1187	3c19b99fd705d61c003d92ffedd6b2456dfc63cc193c4a9e09283ae8377b8476
555	Halo Oglasi	Skladište	Market > Računari > Komponente za računare > SSD diskovi	5425647461609	https://www.halooglasi.com/racunari/ssd-diskovi/enterprice-ssd-2tb/5425647461609	2026-08-24T15:32:55Z	raw_txt/oglas_0555.txt	18	185	52b435a7a7238101bfb0a4911bf7eb82b4eb8d2d0297604bf789e6dd7372095a
556	Halo Oglasi	Skladište	Market > Računari > Komponente za računare > SSD diskovi	5425647482413	https://www.halooglasi.com/racunari/ssd-diskovi/crucial-pcie-3-0-p3-nvme-m-2-2280-ssd-2tb/5425647482413	2026-08-24T15:56:55Z	raw_txt/oglas_0556.txt	41	170	6af2f7bd0e68a0b9d429526265d2f2912689ef8c0fcdffedd5739b69545244aa
557	Halo Oglasi	Skladište	Market > Računari > Komponente za računare > Hard diskovi	5425647515151	https://www.halooglasi.com/racunari/hard-diskovi/toshiba-500gb-sata3-7200-rpm-dto1aca050/5425647515151	2026-08-24T15:32:55Z	raw_txt/oglas_0557.txt	40	88	54af0017fe4ee6a688e0b949ffe7657017d380e6a9107c7f9a1ed13e7dc91fe8
558	Halo Oglasi	Skladište	Market > Računari > Komponente za računare > SSD diskovi	5425647516747	https://www.halooglasi.com/racunari/ssd-diskovi/lexar-nvme-ssd-hard-256gb-garancija-12-meseci/5425647516747	2026-08-24T15:32:55Z	raw_txt/oglas_0558.txt	45	1093	8fadd6dcb2d1541b6699943c3d521b8f97eb5f5953b7a74cad343e5d1817b6b6
559	Halo Oglasi	Skladište	Market > Računari > Komponente za računare > SSD diskovi	5425647561905	https://www.halooglasi.com/racunari/ssd-diskovi/ssd-sandisk-512gb-100-helt/5425647561905	2026-08-24T15:53:26Z	raw_txt/oglas_0559.txt	27	41	be2def6d8b05028e376cdd7c5e83e84efe62cf6c2df47bdff131540e5cdbd444
560	Halo Oglasi	Skladište	Market > Računari > Komponente za računare > Hard diskovi	5425647568269	https://www.halooglasi.com/racunari/hard-diskovi/novo-toshiba-hard-1tbhdd-rack-lc-power-hidra/5425647568269	2026-08-24T15:53:22Z	raw_txt/oglas_0560.txt	50	1081	abe431d8d6c1bb5b9c720a8a270fb859c0c22cfe46441921694d8ee7e283c9ff
561	Halo Oglasi	Tablet	Market > Računari > Tablet računari	5425634576673	https://www.halooglasi.com/racunari/tablet-racunari/apple-ipad-pro-2017-64gb-wi-fi-nov-neotpakova/5425634576673	2026-08-24T15:32:40Z	raw_txt/oglas_0561.txt	50	622	6fcabac3df9809db36bc150808cdb48cfd6934f295df1d9071c00ff8c78414b5
562	Halo Oglasi	Tablet	Market > Računari > Tablet računari	5425635446139	https://www.halooglasi.com/racunari/tablet-racunari/tablet-telefon---9-6-inca/5425635446139	2026-08-24T15:53:03Z	raw_txt/oglas_0562.txt	27	828	3caa7dd90affd2e74837733549b6f5a94035790dcd85979a9de282c3349078b9
563	Halo Oglasi	Tablet	Market > Računari > Tablet računari	5425635750067	https://www.halooglasi.com/racunari/tablet-racunari/samsung-galaxy-tab-s-smt-805-10-5-lte/5425635750067	2026-08-24T15:53:01Z	raw_txt/oglas_0563.txt	37	307	3f1149b4227a7777d69175ed7c5ef5383339e1d04929db0fed4493944a738965
564	Halo Oglasi	Tablet	Market > Računari > Tablet računari	5425636275786	https://www.halooglasi.com/racunari/tablet-racunari/tablet---alcatel-pixi-3-pixi/5425636275786	2026-08-24T15:53:00Z	raw_txt/oglas_0564.txt	28	652	9f27a6dcdbfa59da3d18adf41f2e30fe1a580df5da81c49090d21612964ec330
565	Halo Oglasi	Tablet	Market > Računari > Tablet računari	5425636930806	https://www.halooglasi.com/racunari/tablet-racunari/ipad-2019-a2197-retina-10-2wi-fi-99-health/5425636930806	2026-08-24T15:32:40Z	raw_txt/oglas_0565.txt	47	681	152612f987007a448a5aad7dcb137b0067cd0c171f94bfd124267e011046ce38
566	Halo Oglasi	Tablet	Market > Računari > Tablet računari	5425636930887	https://www.halooglasi.com/racunari/tablet-racunari/ipad-air-16gb-a1474-9-7-wi-fi-91-health/5425636930887	2026-08-24T15:53:00Z	raw_txt/oglas_0566.txt	44	477	3afaf3e03a3264f1b0f172766a89d23cbad635d62d1ed7ae6f04ba49abfba5c0
567	Halo Oglasi	Tablet	Market > Računari > Tablet računari	5425640708896	https://www.halooglasi.com/racunari/tablet-racunari/medion-lifetab-s10334-16gb-10-1/5425640708896	2026-08-24T15:53:02Z	raw_txt/oglas_0567.txt	31	552	2b9e02dc905f82dcbdb5f8c1c3eb0da89bae369bc418f02f1ce01c6d4929330d
568	Halo Oglasi	Tablet	Market > Računari > Tablet računari	5425642059663	https://www.halooglasi.com/racunari/tablet-racunari/tablet-samsung-tab-active-2-2kom/5425642059663	2026-08-24T15:32:41Z	raw_txt/oglas_0568.txt	33	359	074c2dd203a1ac2edcc14fcab6d02d43166e9131c477f3d6ffcdc7b865c09cd0
569	Halo Oglasi	Tablet	Market > Računari > Tablet računari	5425642205698	https://www.halooglasi.com/racunari/tablet-racunari/acer-aspire-one-za3/5425642205698	2026-08-24T15:53:02Z	raw_txt/oglas_0569.txt	19	426	bf912ef91e2eac6ee2e22105e9443af8c132944626eea32aaf7fbc2e812b4e52
570	Halo Oglasi	Tablet	Market > Računari > Tablet računari	5425642467536	https://www.halooglasi.com/racunari/tablet-racunari/ipad-apple-9-generacije/5425642467536	2026-08-24T15:53:02Z	raw_txt/oglas_0570.txt	23	60	955be4161996516093278f66e2e910da3035cdaca983202047c85de17ab55f3d
571	Halo Oglasi	Tablet	Market > Računari > Tablet računari	5425642807217	https://www.halooglasi.com/racunari/tablet-racunari/10-inca-1024x600-2-jezgra-18gb-jay-tech-pc-pa/5425642807217	2026-08-24T15:32:40Z	raw_txt/oglas_0571.txt	50	409	aa90924d1126920c25b972873ea426f84e2c600e5429f0c3b7a40a29cdec079d
572	Halo Oglasi	Tablet	Market > Računari > Tablet računari	5425642986831	https://www.halooglasi.com/racunari/tablet-racunari/tablet/5425642986831	2026-08-24T15:32:41Z	raw_txt/oglas_0572.txt	6	113	e619eaa3bc2643b073a18f090305032b918d2831e6399abad4a595b5d2459c56
573	Halo Oglasi	Tablet	Market > Računari > Tablet računari	5425643709757	https://www.halooglasi.com/racunari/tablet-racunari/tablet-nov-6128gb-octacore-dual-sim-wifi-full/5425643709757	2026-08-24T15:32:40Z	raw_txt/oglas_0573.txt	49	1181	8b952f2b7b3dd64a25ce67fcab7c50e6b3e1c6025a899c4ea3f2f1b9695e6d56
574	Halo Oglasi	Tablet	Market > Računari > Tablet računari	5425644032040	https://www.halooglasi.com/racunari/tablet-racunari/huawei-mediapad-t1-7-0/5425644032040	2026-08-24T15:32:41Z	raw_txt/oglas_0574.txt	22	341	70314eb6a48d9e3d562e370f37fb808a937cac69fd75f1ce42ca012adfebb425
575	Halo Oglasi	Tablet	Market > Računari > Tablet računari	5425644037891	https://www.halooglasi.com/racunari/tablet-racunari/samsung-galaxy-tab-active-2/5425644037891	2026-08-24T15:32:40Z	raw_txt/oglas_0575.txt	27	114	ddbcfa39c67ad5ea85274f778265331a6aee5ed393d0bec0e5d1173599437b52
576	Halo Oglasi	Tablet	Market > Računari > Tablet računari	5425644132178	https://www.halooglasi.com/racunari/tablet-racunari/prodajem-laptopove-i-monitore/5425644132178	2026-08-24T15:53:00Z	raw_txt/oglas_0576.txt	29	35	812a51ef9d638f22d702f8095cda11068457104342b07feff71204fd7142e6f8
577	Halo Oglasi	Tablet	Market > Računari > Tablet računari	5425644202126	https://www.halooglasi.com/racunari/tablet-racunari/honor-pad-x9/5425644202126	2026-08-24T15:53:01Z	raw_txt/oglas_0577.txt	12	950	6f62a551655c3f7a7ddcf36488db631e6e58cd55d18ccc29656682707556cd34
578	Halo Oglasi	Tablet	Market > Računari > Tablet računari	5425644328973	https://www.halooglasi.com/racunari/tablet-racunari/xslate-r12/5425644328973	2026-08-24T15:32:41Z	raw_txt/oglas_0578.txt	10	92	bf23f21faeab742fa5826a4f5d8dc58e452fbd46179d4dc6f10f881745c11278
579	Halo Oglasi	Tablet	Market > Računari > Tablet računari	5425644657922	https://www.halooglasi.com/racunari/tablet-racunari/samsung-tab-s8-ultra-5g-8128gb-graphite-boja/5425644657922	2026-08-24T15:53:02Z	raw_txt/oglas_0579.txt	45	101	34edfbfc7e0d50cc4b34c5f639a6d9eb78aadce1af3f4fbbbfe86f1b2653f290
580	Halo Oglasi	Tablet	Market > Računari > Tablet računari	5425644676706	https://www.halooglasi.com/racunari/tablet-racunari/amazon-fire-max-11-13-th-gen-128-gb-novo/5425644676706	2026-08-24T15:32:40Z	raw_txt/oglas_0580.txt	40	85	0c46d1de818d884ff62e3c8550f34ae6da1742f889ebd3379af63814bc71f7d5
581	Halo Oglasi	Tablet	Market > Računari > Tablet računari	5425644762656	https://www.halooglasi.com/racunari/tablet-racunari/apple-ipad-10-10th-gen-5g-lte-2022-64gb-silve/5425644762656	2026-08-24T15:32:39Z	raw_txt/oglas_0581.txt	48	301	e3abf93ccd8533bf9b743bc0443187a06f362edb07646f6005246ee34550ed5f
582	Halo Oglasi	Tablet	Market > Računari > Tablet računari	5425644762674	https://www.halooglasi.com/racunari/tablet-racunari/apple-ipad-air-6-6th-gen-2024-11-5g-128gb-sta/5425644762674	2026-08-24T15:32:40Z	raw_txt/oglas_0582.txt	49	307	177ceb89ae755b4b5a32a7b26a13ad67e2d13e7989f14288965ba1f36c82b23a
583	Halo Oglasi	Tablet	Market > Računari > Tablet računari	5425644763395	https://www.halooglasi.com/racunari/tablet-racunari/apple-ipad-air-6-6th-gen-2024-11-wifi-128gb-g/5425644763395	2026-08-24T15:32:41Z	raw_txt/oglas_0583.txt	48	310	e70c358021eb61d724961a16ce3df3237578ef5de2cc240c2eda9fa97a3c3584
584	Halo Oglasi	Tablet	Market > Računari > Tablet računari	5425644763396	https://www.halooglasi.com/racunari/tablet-racunari/apple-ipad-air-6-6th-gen-2024-13-wifi-128gb-s/5425644763396	2026-08-24T15:53:02Z	raw_txt/oglas_0584.txt	49	309	54ef6e351b9d2c6a1603fb413f91e4c8ab04cdfbc8d916535ceb36b6b9f5f084
585	Halo Oglasi	Tablet	Market > Računari > Tablet računari	5425644808403	https://www.halooglasi.com/racunari/tablet-racunari/apple-ipad-pro-12-9-inch-32gb/5425644808403	2026-08-24T15:53:00Z	raw_txt/oglas_0585.txt	31	112	b3b02550f45df75c43602f0b70be2fd6bc80dfeb13c4c7c1ef2bb4b8c6d733a2
586	Halo Oglasi	Tablet	Market > Računari > Tablet računari	5425644910795	https://www.halooglasi.com/racunari/tablet-racunari/tablet-a-7/5425644910795	2026-08-24T15:32:40Z	raw_txt/oglas_0586.txt	10	34	1e438b60cf0e3d666bb7833d56cbd6684530306593b303f6a75ec7981a35f668
587	Halo Oglasi	Tablet	Market > Računari > Tablet računari	5425644927812	https://www.halooglasi.com/racunari/tablet-racunari/apple-ipad-pro-12-9-m2-wifi-cellular-128gb-si/5425644927812	2026-08-24T15:53:00Z	raw_txt/oglas_0587.txt	49	76	585abef5b5ee85d3bbda79d54ccc3772125c9cdf97a5d5a9853a7e7feec3cc8c
588	Halo Oglasi	Tablet	Market > Računari > Tablet računari	5425644928147	https://www.halooglasi.com/racunari/tablet-racunari/apple-ipad-pro-5th-gen-11-m4-2024-256gb-sblac/5425644928147	2026-08-24T15:32:41Z	raw_txt/oglas_0588.txt	46	77	ddd0897d40ebb3569cb72ac8ff224e40c6beb836caccbaad0cb7d2c8df7bce60
589	Halo Oglasi	Tablet	Market > Računari > Tablet računari	5425645092157	https://www.halooglasi.com/racunari/tablet-racunari/tablet-m8/5425645092157	2026-08-24T15:32:41Z	raw_txt/oglas_0589.txt	9	72	3a04aa73c5a666e4c6cd8406839ee5e46d595a7052fd5f875c1f00a4bc679977
590	Halo Oglasi	Tablet	Market > Računari > Tablet računari	5425645365069	https://www.halooglasi.com/racunari/tablet-racunari/ipad-wi-fi-3rd-gen-white-32gb/5425645365069	2026-08-24T15:32:40Z	raw_txt/oglas_0590.txt	29	721	668219baf5c5854d206f0f3c2786ef87067bb44eb477f9f8ac19db2a99cab091
591	Halo Oglasi	Tablet	Market > Računari > Tablet računari	5425645463838	https://www.halooglasi.com/racunari/tablet-racunari/xp-pen-deco-lw-bezicni-graficki-tablet-10x6/5425645463838	2026-08-24T15:32:40Z	raw_txt/oglas_0591.txt	44	515	e8639cfe7b1e4c2f742f0e9b88d30dddd449c6119f3e1014227e2c7d5a46649e
592	Halo Oglasi	Tablet	Market > Računari > Tablet računari	5425645669885	https://www.halooglasi.com/racunari/tablet-racunari/ipad-pro-12-9-m11tb-wi-fi-cellular/5425645669885	2026-08-24T15:53:03Z	raw_txt/oglas_0592.txt	37	335	6eda1d5630012addac0c41d553e7ded09fd057a4a84cd49ac66ca11dc55d7250
593	Halo Oglasi	Tablet	Market > Računari > Tablet računari	5425646049786	https://www.halooglasi.com/racunari/tablet-racunari/prodajem-xsaomi-tablet-nov-ne-koriste-12-1-in/5425646049786	2026-08-24T15:53:01Z	raw_txt/oglas_0593.txt	46	354	09c9f805eb92832c01c307c485e0cc7c49907799cac05692239a99cb77edab9a
594	Halo Oglasi	Tablet	Market > Računari > Tablet računari	5425646075989	https://www.halooglasi.com/racunari/tablet-racunari/tablet-pritom-7-inci-rakovica/5425646075989	2026-08-24T15:32:40Z	raw_txt/oglas_0594.txt	32	1282	0feb70c7f0b260ff8c814a133e22473dab3142d6220f755b91152d9dd8e5c645
595	Halo Oglasi	Tablet	Market > Računari > Tablet računari	5425646087618	https://www.halooglasi.com/racunari/tablet-racunari/prodajem-tablet-m39/5425646087618	2026-08-24T15:32:40Z	raw_txt/oglas_0595.txt	19	59	7a94b2489c82ee9392b1b664800f72664e664536706fc031a8e7895cd66d41f3
596	Halo Oglasi	Tablet	Market > Računari > Tablet računari	5425646173447	https://www.halooglasi.com/racunari/tablet-racunari/apple-ipad2-a1395---32gb/5425646173447	2026-08-24T15:53:03Z	raw_txt/oglas_0596.txt	24	355	c7c91db4a79a8d4828521625362936eb94098f120b995affc75fb089b6eadacb
597	Halo Oglasi	Tablet	Market > Računari > Tablet računari	5425646174272	https://www.halooglasi.com/racunari/tablet-racunari/tablet---teclast-p85t/5425646174272	2026-08-24T15:53:00Z	raw_txt/oglas_0597.txt	21	264	262e225038ebc25f1d4af154925e9914316adef074fa17753e654bcb343751fc
598	Halo Oglasi	Tablet	Market > Računari > Tablet računari	5425646394160	https://www.halooglasi.com/racunari/tablet-racunari/iped-5-gen/5425646394160	2026-08-24T15:53:02Z	raw_txt/oglas_0598.txt	10	88	42dc0e7b4b82ed1ff5105c34377123d4d8bf01d34de2900981f761d0c9300968
599	Halo Oglasi	Tablet	Market > Računari > Tablet računari	5425646399090	https://www.halooglasi.com/racunari/tablet-racunari/ipad-1-16gb-bez-naloga/5425646399090	2026-08-24T15:32:40Z	raw_txt/oglas_0599.txt	22	131	2cdc0d5406111b8bab61e94c254fd158f0c3d332e04d33cb81b55d651f1082ad
600	Halo Oglasi	Tablet	Market > Računari > Tablet računari	5425646407271	https://www.halooglasi.com/racunari/tablet-racunari/tablet/5425646407271	2026-08-24T15:53:03Z	raw_txt/oglas_0600.txt	6	26	594f1bce13029f737ee5b71a522f9abc7da025926487987abe2cdf56af99c07f
601	Halo Oglasi	Tablet	Market > Računari > Tablet računari	5425646456761	https://www.halooglasi.com/racunari/tablet-racunari/lenovo-tab4-plus-tb-8704f-velicina-8-0/5425646456761	2026-08-24T15:32:39Z	raw_txt/oglas_0601.txt	38	112	b9d0294ada95c542ac482eadb25f721be9dfa8209b08dd68c10c1441663eb0fa
602	Halo Oglasi	Tablet	Market > Računari > Tablet računari	5425646768351	https://www.halooglasi.com/racunari/tablet-racunari/surface-pro-3-microsoft-tablet-12-inca-i5-430/5425646768351	2026-08-24T15:32:41Z	raw_txt/oglas_0602.txt	47	869	c04d6660c059838c7720ceade88f315aa2f20037cb9951960cd0bae2b32485ed
603	Halo Oglasi	Tablet	Market > Računari > Tablet računari	5425646790468	https://www.halooglasi.com/racunari/tablet-racunari/xiaomi-pad-6/5425646790468	2026-08-24T15:32:41Z	raw_txt/oglas_0603.txt	12	51	46ee7f1cc0cccea980ea596259dbac7589539f0acfb129979ce39562df6bd29d
604	Halo Oglasi	Tablet	Market > Računari > Tablet računari	5425646795361	https://www.halooglasi.com/racunari/tablet-racunari/samsung-tab-a7-t-500/5425646795361	2026-08-24T15:53:01Z	raw_txt/oglas_0604.txt	20	59	499a8075c32ba9fcf99d152c947c4240f684756af5f515bfbc56c18570a30961
605	Halo Oglasi	Tablet	Market > Računari > Tablet računari	5425646877783	https://www.halooglasi.com/racunari/tablet-racunari/lenovo-tab-m9-tablet-od-9-inca-jednom-korisce/5425646877783	2026-08-24T15:53:02Z	raw_txt/oglas_0605.txt	46	333	90641da0264b98649519c3dbd6e2722e1a92ee5e07504d92b2eecd7a9e5ef0c7
606	Halo Oglasi	Tablet	Market > Računari > Tablet računari	5425647026793	https://www.halooglasi.com/racunari/tablet-racunari/tolino-vision-4hd-odlicna-kindle-alternativa/5425647026793	2026-08-24T15:53:00Z	raw_txt/oglas_0606.txt	45	551	4932622d453b2c35201276c3ddb307978c359ce73b8931879d1e926faa5172c9
607	Halo Oglasi	Tablet	Market > Računari > Tablet računari	5425647275282	https://www.halooglasi.com/racunari/tablet-racunari/huawei-mediapad-t3-tablet/5425647275282	2026-08-24T15:53:03Z	raw_txt/oglas_0607.txt	25	269	2468bcb5bbc530a67a711b4812a3c0ff17fa7e5f36581863897f1f948e6ceb96
608	Halo Oglasi	Tablet	Market > Računari > Tablet računari	5425647534219	https://www.halooglasi.com/racunari/tablet-racunari/lenovo-m9-tab/5425647534219	2026-08-24T15:32:41Z	raw_txt/oglas_0608.txt	13	20	28d9556be5591866485f826f1afecf6d3a7a63fab59cb1a7182506260e49128d
609	Halo Oglasi	Tablet	Market > Računari > Tablet računari	5425647544526	https://www.halooglasi.com/racunari/tablet-racunari/redmi-2-pro-tablet-nov/5425647544526	2026-08-24T15:32:39Z	raw_txt/oglas_0609.txt	24	275	834e9b832d4dcea2b41b67bbfb1bf5594045856afc5a340b92b88e27b0b371b7
610	Halo Oglasi	Telefon	Market > Telefoni > Apple iPhone > iPhone 6	5425634408105	https://www.halooglasi.com/telefoni/apple-iphone-6-mobilni-telefoni/na-prodaju-6s-plus-16gb/5425634408105	2026-08-24T15:56:46Z	raw_txt/oglas_0610.txt	23	47	3bf044977e0c51aea557473c1a12a0d50f593181c33a9980ea506db958e6a4bc
611	Halo Oglasi	Telefon	Market > Telefoni > Apple iPhone > iPhone 6	5425634449883	https://www.halooglasi.com/telefoni/apple-iphone-6-mobilni-telefoni/iphone-6-plus-128gb/5425634449883	2026-08-24T15:32:35Z	raw_txt/oglas_0611.txt	19	380	1ce9da828361cc6345aed931b2983a9c2905d23f7ae079a822c87af430f9bebc
612	Halo Oglasi	Telefon	Market > Telefoni > Samsung > Samsung Galaxy J5	5425634543812	https://www.halooglasi.com/telefoni/samsung-galaxy-j5-mobilni-telefoni/samsung-j5-2016/5425634543812	2026-08-24T15:52:54Z	raw_txt/oglas_0612.txt	15	221	6b1960a08281830ff07d906c0b7c9246d4426dbc8d3ec0c25663cefb641888ed
613	Halo Oglasi	Telefon	Market > Telefoni > Apple iPhone > iPhone 6	5425634644857	https://www.halooglasi.com/telefoni/apple-iphone-6-mobilni-telefoni/prodajem-iphone-6-32-gb-memorije-u-odlicnom-s/5425634644857	2026-08-24T15:32:36Z	raw_txt/oglas_0613.txt	50	209	af334dec39da87d098951fcbca3e58c4d153c9dfc91519cee75cc1cfb54003f9
614	Halo Oglasi	Telefon	Market > Telefoni > Ostali mobilni telefoni	5425634644879	https://www.halooglasi.com/telefoni/ostali-mobilni-telefoni/amazon-fire-phone/5425634644879	2026-08-24T15:52:47Z	raw_txt/oglas_0614.txt	17	396	59ebe26c77e08aab962a6adfc18d1293e1679427f18b81b47c336750939981d2
615	Halo Oglasi	Telefon	Market > Telefoni > Apple iPhone > iPhone 8	5425635233441	https://www.halooglasi.com/telefoni/apple-iphone-8-mobilni-telefoni/iphone-8-plus-64gb/5425635233441	2026-08-24T15:32:35Z	raw_txt/oglas_0615.txt	18	108	3b49194f301682a45afdacc15b8a8f9edffa20d6d77124c4b05255631c88e3df
616	Halo Oglasi	Telefon	Market > Telefoni > Apple iPhone > iPhone 6	5425635467432	https://www.halooglasi.com/telefoni/apple-iphone-6-mobilni-telefoni/iphone-6-64gb/5425635467432	2026-08-24T15:56:49Z	raw_txt/oglas_0616.txt	13	18	507ce723ae06eb110490f9402862850824a5255435064c17904b13c176529ed2
617	Halo Oglasi	Telefon	Market > Telefoni > Huawei > Huawei Mate 20	5425635714290	https://www.halooglasi.com/telefoni/telefoni-huawei-mate-20-mobilni-telefoni/huawei-mate-20-pro/5425635714290	2026-08-24T15:52:57Z	raw_txt/oglas_0617.txt	18	126	cd37a315d2a70f1a5a47e828c52ce390556824d51e87858d890558aa4804a21e
618	Halo Oglasi	Telefon	Market > Telefoni > Huawei > Huawei Mate 20	5425635852366	https://www.halooglasi.com/telefoni/telefoni-huawei-mate-20-mobilni-telefoni/huawei-mate-20-lite/5425635852366	2026-08-24T15:52:47Z	raw_txt/oglas_0618.txt	19	395	98852d61720da2c03ce973db51cc56ff0b0797f2fccce287fe19a8e985d99207
619	Halo Oglasi	Telefon	Market > Telefoni > Samsung > Ostali Samsung mobilni	5425635854076	https://www.halooglasi.com/telefoni/ostali-samsung-mobilni-telefoni/samsung-galaxy-3-mini/5425635854076	2026-08-24T15:32:33Z	raw_txt/oglas_0619.txt	21	71	4e89fe9a07b6041c37494cafba6c8476c5dc12ece3def5dfc83dbbe67057efca
620	Halo Oglasi	Telefon	Market > Telefoni > Huawei > Huawei P40	5425636439067	https://www.halooglasi.com/telefoni/telefoni-huawei-p40-mobilni-telefoni/huawei-p40-lite-e/5425636439067	2026-08-24T15:56:49Z	raw_txt/oglas_0620.txt	17	251	4a618d419c366280e3ed8ca6fa065615129073f3428f32d3173bbc9b103b05c9
621	Halo Oglasi	Telefon	Market > Telefoni > Samsung > Ostali Samsung mobilni	5425636560773	https://www.halooglasi.com/telefoni/ostali-samsung-mobilni-telefoni/samsung-galaxy-a70/5425636560773	2026-08-24T15:56:46Z	raw_txt/oglas_0621.txt	18	184	5094c99e5bf2548bc68edeca90219ccd63ec2ce4b50c62c32d053dec52794122
622	Halo Oglasi	Telefon	Market > Telefoni > Nokia	5425636562404	https://www.halooglasi.com/telefoni/nokia-mobilni-telefoni/nokia/5425636562404	2026-08-24T15:32:37Z	raw_txt/oglas_0622.txt	5	46	fc2c55a62f307b90d7e1b6ecde594f29329db17b8c57866848691e7d8df81d65
623	Halo Oglasi	Telefon	Market > Telefoni > Ostali mobilni telefoni	5425636562834	https://www.halooglasi.com/telefoni/ostali-mobilni-telefoni/mini-mobilni-telefon-nov-najmanji-na-svetu-ak/5425636562834	2026-08-24T15:32:32Z	raw_txt/oglas_0623.txt	49	1430	9847e40d73ce94c9badd64fc57b5d496ebac5c09926dc6ed2533ac2ce3be985c
624	Halo Oglasi	Telefon	Market > Telefoni > Apple iPhone > iPhone X	5425636651569	https://www.halooglasi.com/telefoni/apple-iphone-X-mobilni-telefoni/iphone-xs-max/5425636651569	2026-08-24T15:32:33Z	raw_txt/oglas_0624.txt	13	127	cdad839cc79acf15f85c012ba27d4497809a8be6815c6970dd9e7f83f9361453
625	Halo Oglasi	Telefon	Market > Telefoni > Apple iPhone > iPhone X	5425636851595	https://www.halooglasi.com/telefoni/apple-iphone-X-mobilni-telefoni/iphone-xs-na-prodaju/5425636851595	2026-08-24T15:52:56Z	raw_txt/oglas_0625.txt	20	57	1b8fabb377400700f7bf2b16e41ad185dc03ba152d21cad6870d26468d743ac6
626	Halo Oglasi	Telefon	Market > Telefoni > Apple iPhone > iPhone X	5425636928141	https://www.halooglasi.com/telefoni/apple-iphone-X-mobilni-telefoni/iphone-xs-512gb-hitno/5425636928141	2026-08-24T15:56:46Z	raw_txt/oglas_0626.txt	22	147	e0df19b08143262b49421c1d61700ba95874e358edc29ddb5ba77808ffbd25e9
627	Halo Oglasi	Telefon	Market > Telefoni > Apple iPhone > iPhone 6	5425636931264	https://www.halooglasi.com/telefoni/apple-iphone-6-mobilni-telefoni/iphone-6/5425636931264	2026-08-24T15:32:37Z	raw_txt/oglas_0627.txt	8	362	23028fd217698efb9d0ddb357f7df84f4e308695199e5b3c1008ea2c1906564e
628	Halo Oglasi	Telefon	Market > Telefoni > Land Rover	5425637423775	https://www.halooglasi.com/telefoni/land-rover-mobilni-telefoni/land-rover-l9-dual-sim-mobilni-telefon/5425637423775	2026-08-24T15:52:46Z	raw_txt/oglas_0628.txt	38	1307	e6b3a52eafd3d21458d352ec6214a32239151be6f1917be2f75247db0d64e7b0
629	Halo Oglasi	Telefon	Market > Telefoni > Nokia	5425637425484	https://www.halooglasi.com/telefoni/nokia-mobilni-telefoni/nokia-3310/5425637425484	2026-08-24T15:32:33Z	raw_txt/oglas_0629.txt	10	271	4eb289354469403b4058a34a5527743f9b4e4a71b34885d0bdbdd8c5d1512a4e
630	Halo Oglasi	Telefon	Market > Telefoni > Samsung > Samsung Galaxy S21	5425641399094	https://www.halooglasi.com/telefoni/samsung-galaxy-s21-mobilni-telefoni/nov-samsung-galaxy-s21-5g/5425641399094	2026-08-24T15:32:33Z	raw_txt/oglas_0630.txt	25	295	1c52f5feb7c371a901dca4b7e3cfa60c49c8efee7cb46f0128e8c2b23490dfc1
631	Halo Oglasi	Telefon	Market > Telefoni > Samsung > Ostali Samsung mobilni	5425641458180	https://www.halooglasi.com/telefoni/ostali-samsung-mobilni-telefoni/samsung-s4-mini/5425641458180	2026-08-24T15:32:35Z	raw_txt/oglas_0631.txt	15	187	c3bd21645de7258d7f46432f1c59e44feaa06f9a80a96b5d9fbaa34f5a7e712e
632	Halo Oglasi	Telefon	Market > Telefoni > Apple iPhone > iPhone X	5425641556691	https://www.halooglasi.com/telefoni/apple-iphone-X-mobilni-telefoni/iphone-x-apple-telefon/5425641556691	2026-08-24T15:56:50Z	raw_txt/oglas_0632.txt	22	249	5c119ab4acb2348baa2af7b2cf60189eac149674194b796f6663d6f1f0ab27d7
633	Halo Oglasi	Telefon	Market > Telefoni > Motorola	5425641558272	https://www.halooglasi.com/telefoni/motorola-mobilni-telefoni/motorola-e7/5425641558272	2026-08-24T15:32:34Z	raw_txt/oglas_0633.txt	11	37	9c676a7ccc32498a2ef649b4bf60396ea2da05961903470d10ff87b3fe4e516a
634	Halo Oglasi	Telefon	Market > Telefoni > Samsung > Samsung Galaxy Note	5425641680805	https://www.halooglasi.com/telefoni/samsung-galaxy-note-mobilni-telefoni/samsung-note-8/5425641680805	2026-08-24T15:52:53Z	raw_txt/oglas_0634.txt	14	179	60ed2a8e3d07bc7dcc2647659c6ef80d77831e1aa979b714364acdedc9a2a63f
635	Halo Oglasi	Telefon	Market > Telefoni > Huawei > Ostali Huawei telefoni	5425641821672	https://www.halooglasi.com/telefoni/ostali-huawei-mobilni-telefoni/huawei-p-smart-z-na-prodaju---kao-nov/5425641821672	2026-08-24T15:32:32Z	raw_txt/oglas_0635.txt	37	155	b5ab51d9d0792abe3d948d9840f6c09bc6589549d7887a2b7f2affe897b1adae
636	Halo Oglasi	Telefon	Market > Telefoni > Samsung > Ostali Samsung mobilni	5425642164767	https://www.halooglasi.com/telefoni/ostali-samsung-mobilni-telefoni/hitno-samsung-j32017-android-9/5425642164767	2026-08-24T15:52:49Z	raw_txt/oglas_0636.txt	32	183	e2e55ab0e38e17ca780a8ff46fc9f3118685c17297f91d58efb8608c1573e0dc
637	Halo Oglasi	Telefon	Market > Telefoni > Nokia	5425642165629	https://www.halooglasi.com/telefoni/nokia-mobilni-telefoni/nokia-mini-mobilni-telefon-handsfree-novo-akc/5425642165629	2026-08-24T15:52:52Z	raw_txt/oglas_0637.txt	48	576	3b2b094ab6478abbd130dc6d635de614d0d932f083d91d2e13d99ab2398867fb
638	Halo Oglasi	Telefon	Market > Telefoni > Nokia	5425642308015	https://www.halooglasi.com/telefoni/nokia-mobilni-telefoni/nokia-3310-bm10-dual-sim-mini-mobilni-telefon/5425642308015	2026-08-24T15:56:46Z	raw_txt/oglas_0638.txt	45	1450	e0b9c5d35b18c553b88d8e8217a990a9ed668801876c7c9b7f3a05f5d82a5fb9
639	Halo Oglasi	Telefon	Market > Telefoni > Samsung > Ostali Samsung mobilni	5425642715582	https://www.halooglasi.com/telefoni/ostali-samsung-mobilni-telefoni/samsung-a31/5425642715582	2026-08-24T15:32:34Z	raw_txt/oglas_0639.txt	11	44	f54f1e123fb9b5677e78bfd1da7431be204a1d982f52c5c2c8a029f84656fa6b
640	Halo Oglasi	Telefon	Market > Telefoni > Samsung > Samsung Galaxy S22	5425642719018	https://www.halooglasi.com/telefoni/samsung-galaxy-s22-mobilni-telefoni/samsung-s22-ultra-256gb---white/5425642719018	2026-08-24T15:32:34Z	raw_txt/oglas_0640.txt	31	567	32207046ae36f6dac329509e8c7d0c6c4c602719aa7399188b8cb774eb94179a
641	Halo Oglasi	Telefon	Market > Telefoni > Samsung > Ostali Samsung mobilni	5425642719020	https://www.halooglasi.com/telefoni/ostali-samsung-mobilni-telefoni/samsung-a71-6128gb---black/5425642719020	2026-08-24T15:32:35Z	raw_txt/oglas_0641.txt	27	669	36fa899ff5ac628219ab0a4190c2921fc052bc4585581b25c6733dde627ce872
642	Halo Oglasi	Telefon	Market > Telefoni > Samsung > Samsung Galaxy S9	5425642719024	https://www.halooglasi.com/telefoni/samsung-galaxy-s9-mobilni-telefoni/samsung-s9-64gb---blue/5425642719024	2026-08-24T15:32:35Z	raw_txt/oglas_0642.txt	23	696	aba60edd819b5a1dc947753f8abffdfbf79890f56346979ddc4acde44afc1626
643	Halo Oglasi	Telefon	Market > Telefoni > Apple iPhone > Ostali iPhone telefoni	5425642719045	https://www.halooglasi.com/telefoni/apple-iphone-ostali-mobilni-telefoni/iphone-se-prva-generacija-64gb/5425642719045	2026-08-24T15:32:32Z	raw_txt/oglas_0643.txt	32	323	3b4732023c8cc963260eb3f8669b2b2c2c8e97fc570d3b4ab58641e9006eff37
644	Halo Oglasi	Telefon	Market > Telefoni > Xiaomi	5425642719252	https://www.halooglasi.com/telefoni/xiaomi-mobilni-telefoni/xiaomi-mi-10t-pro-5g-8256gb---lunar-silver/5425642719252	2026-08-24T15:32:38Z	raw_txt/oglas_0644.txt	43	765	e3936f99969422c41259329227bc55c7737ddd01fdfb827530811d5409275155
645	Halo Oglasi	Telefon	Market > Telefoni > Apple iPhone > iPhone 12	5425642719259	https://www.halooglasi.com/telefoni/apple-iphone-12-mobilni-telefoni/apple-iphone-12-pro-256gb---gold/5425642719259	2026-08-24T15:32:34Z	raw_txt/oglas_0645.txt	32	736	4dced9fafdb1aac980167466305defdd370942934a04f4c73e671de39bc0819e
646	Halo Oglasi	Telefon	Market > Telefoni > Samsung > Ostali Samsung mobilni	5425642719345	https://www.halooglasi.com/telefoni/ostali-samsung-mobilni-telefoni/samsung-a32-128gb---awesome-black/5425642719345	2026-08-24T15:32:36Z	raw_txt/oglas_0646.txt	33	591	79c77cf5099779be3f1e7bb94d82985e1111db842c49e058d066c1f0f243bdc6
647	Halo Oglasi	Telefon	Market > Telefoni > Apple iPhone > iPhone 7	5425642809108	https://www.halooglasi.com/telefoni/apple-iphone-7-mobilni-telefoni/iphone-7plus-32-gb-neostecen-sa-kutijom-i-pun/5425642809108	2026-08-24T15:32:36Z	raw_txt/oglas_0647.txt	50	88	e40c9b5ce78940b4feaabcd1c62d382b5063c28d16cab742aba32940f5021fa5
648	Halo Oglasi	Telefon	Market > Telefoni > Apple iPhone > Ostali iPhone telefoni	5425642897162	https://www.halooglasi.com/telefoni/apple-iphone-ostali-mobilni-telefoni/iphone-se-2020-64gb-black-simfree-top/5425642897162	2026-08-24T15:32:38Z	raw_txt/oglas_0648.txt	37	852	292691236a252260b31522f73c26cfc37ad0f38e823bbed52c8d103c5c8b9c93
649	Halo Oglasi	Telefon	Market > Telefoni > Apple iPhone > iPhone 8	5425643095013	https://www.halooglasi.com/telefoni/apple-iphone-8-mobilni-telefoni/iphone-8-64gb-rosegoldsimfree/5425643095013	2026-08-24T15:52:50Z	raw_txt/oglas_0649.txt	30	961	5828d75b3cd5a73e36677e04dcd4667c2d213f565fe297031d956d4abfdd4195
650	Halo Oglasi	Telefon	Market > Telefoni > Nokia	5425643492207	https://www.halooglasi.com/telefoni/nokia-mobilni-telefoni/nokia-3210/5425643492207	2026-08-24T15:56:45Z	raw_txt/oglas_0650.txt	10	154	e45d979842589a995dc99fd4c213f33414a5b3e4bcb75e523801eba72d33fd59
651	Halo Oglasi	Telefon	Market > Telefoni > Samsung > Ostali Samsung mobilni	5425643744899	https://www.halooglasi.com/telefoni/ostali-samsung-mobilni-telefoni/samsung-galaxy-a50/5425643744899	2026-08-24T15:52:55Z	raw_txt/oglas_0651.txt	18	239	955b6e6924ad5e6fd99f0b513b7c1defc747fc0222ca828db6edd02356848166
652	Halo Oglasi	Telefon	Market > Telefoni > Apple iPhone > iPhone 11	5425643958920	https://www.halooglasi.com/telefoni/apple-iphone-11-mobilni-telefoni/iphone-11-64gb-black-simfree/5425643958920	2026-08-24T15:52:58Z	raw_txt/oglas_0652.txt	28	300	c6c5439c7a4cbd32169b2d09721225a5fc8a705bce7a5f522812c1f0da1cebd6
653	Halo Oglasi	Telefon	Market > Telefoni > Ostali mobilni telefoni	5425644046185	https://www.halooglasi.com/telefoni/ostali-mobilni-telefoni/honor-9x-lite/5425644046185	2026-08-24T15:52:58Z	raw_txt/oglas_0653.txt	13	98	a6b09de08f72cc8a8ec5e4b709e8101d7516e58575b95e1e9f163876d6176b41
654	Halo Oglasi	Telefon	Market > Telefoni > Apple iPhone > iPhone 12	5425644242353	https://www.halooglasi.com/telefoni/apple-iphone-12-mobilni-telefoni/iphone-12-mini-64gb/5425644242353	2026-08-24T15:56:49Z	raw_txt/oglas_0654.txt	19	94	7145be61dd75ee5a703c880420d165eb6a0bd7e1da0d980c9d688af787d443ef
655	Halo Oglasi	Telefon	Market > Telefoni > Samsung > Samsung Galaxy S22	5425644333125	https://www.halooglasi.com/telefoni/samsung-galaxy-s22-mobilni-telefoni/samsung-s22/5425644333125	2026-08-24T15:56:48Z	raw_txt/oglas_0655.txt	11	152	44653965463e7599b123b4cb49c0b10a02b85b8c3d56b685230add20d5f0d7c0
656	Halo Oglasi	Telefon	Market > Telefoni > Apple iPhone > iPhone 8	5425644423519	https://www.halooglasi.com/telefoni/apple-iphone-8-mobilni-telefoni/iphone-8-gold-nekoristen-garancija/5425644423519	2026-08-24T15:56:48Z	raw_txt/oglas_0656.txt	34	571	62f4f99791b09083665b46544c30f9121ebcaf2362d26df056e5e2118eb052dc
657	Halo Oglasi	Telefon	Market > Telefoni > Apple iPhone > iPhone 12	5425644423522	https://www.halooglasi.com/telefoni/apple-iphone-12-mobilni-telefoni/iphone-12-pro-128gb-gold-nekoristen-garancija/5425644423522	2026-08-24T15:56:49Z	raw_txt/oglas_0657.txt	45	631	a1dd4e114fe640fa28cddf3455750fdad994415b4896e1a88f2504fba09cc09c
658	Halo Oglasi	Telefon	Market > Telefoni > Apple iPhone > iPhone 8	5425644425388	https://www.halooglasi.com/telefoni/apple-iphone-8-mobilni-telefoni/iphone-8-space-grey-nekoristeno-garancija/5425644425388	2026-08-24T15:32:35Z	raw_txt/oglas_0658.txt	41	576	48e89f045a217936e3754b94a6aed1ad08245ed78044ecdb20bd3fb2586d984f
659	Halo Oglasi	Telefon	Market > Telefoni > Apple iPhone > iPhone 11	5425644425390	https://www.halooglasi.com/telefoni/apple-iphone-11-mobilni-telefoni/iphone-11-space-grey-nekoristen-garancija/5425644425390	2026-08-24T15:32:35Z	raw_txt/oglas_0659.txt	41	626	f6d57d219945607d61a1189ac267bbd57ac6ba52bbbc173dbfeeb13631115b52
660	Halo Oglasi	Telefon	Market > Telefoni > Apple iPhone > iPhone 13	5425644425393	https://www.halooglasi.com/telefoni/apple-iphone-13-mobilni-telefoni/iphone-13-midnight-nekoristen-garancija/5425644425393	2026-08-24T15:32:34Z	raw_txt/oglas_0660.txt	39	594	5dfb3ee21644812fd557cc215d5995cb655568ea8a20af150ce1382d813c31a3
661	Halo Oglasi	Telefon	Market > Telefoni > Apple iPhone > iPhone 13	5425644425394	https://www.halooglasi.com/telefoni/apple-iphone-13-mobilni-telefoni/iphone-13-pro-128gb-graphire-nekoristen-garan/5425644425394	2026-08-24T15:32:34Z	raw_txt/oglas_0661.txt	49	630	ba785583c11c669af7d19d839b86468496284a7a8cf9cf5bf65b8e39f82b28ba
662	Halo Oglasi	Telefon	Market > Telefoni > Apple iPhone > iPhone 12	5425644425586	https://www.halooglasi.com/telefoni/apple-iphone-12-mobilni-telefoni/iphone-12-space-grey-nekoristen-garancija/5425644425586	2026-08-24T15:32:35Z	raw_txt/oglas_0662.txt	41	624	f3efa6370f1f2100e7595ce8e1d7e48fb5821b76a4fc22e4345bf5f9cf2a0a14
663	Halo Oglasi	Telefon	Market > Telefoni > Apple iPhone > iPhone X	5425644425791	https://www.halooglasi.com/telefoni/apple-iphone-X-mobilni-telefoni/iphone-x-space-grey-nekoristen-garancija/5425644425791	2026-08-24T15:32:37Z	raw_txt/oglas_0663.txt	40	624	dcfa69b97026f280ed95b55d32bd3e2be6e5b2945ad8849b96b640c9a6c3b2c0
664	Halo Oglasi	Telefon	Market > Telefoni > Huawei > Ostali Huawei telefoni	5425644601480	https://www.halooglasi.com/telefoni/ostali-huawei-mobilni-telefoni/na-prodaju-polovan-telefon/5425644601480	2026-08-24T15:56:47Z	raw_txt/oglas_0664.txt	26	205	2602852dd3ebe4f8ef969d3d1bc4c64fa79a01c1f958dfa634caf86846cd7ba1
665	Halo Oglasi	Telefon	Market > Telefoni > Sony Ericsson	5425644680833	https://www.halooglasi.com/telefoni/sony-ericsson-mobilni-telefoni/ericsson-628/5425644680833	2026-08-24T15:56:46Z	raw_txt/oglas_0665.txt	12	133	cd987d15cd28d4366ba1dfa60f1d4b4fe277e86a7201196e3c1f06c9f9c477a8
666	Halo Oglasi	Telefon	Market > Telefoni > Samsung > Ostali Samsung mobilni	5425644902048	https://www.halooglasi.com/telefoni/ostali-samsung-mobilni-telefoni/samsung-galaxy-a20e/5425644902048	2026-08-24T15:52:55Z	raw_txt/oglas_0666.txt	19	1098	7ff915fbe6be11943786f5e21f4ff95880c8dd3dcff5eb925ec59f594dcb953e
667	Halo Oglasi	Telefon	Market > Telefoni > Samsung > Ostali Samsung mobilni	5425645022009	https://www.halooglasi.com/telefoni/ostali-samsung-mobilni-telefoni/samsung-galaxy-m55-8128-novo/5425645022009	2026-08-24T15:32:36Z	raw_txt/oglas_0667.txt	29	601	ad2dc07a0fc1d0839e2a4ab95300dd04bea55076ee8f36c5ab955581ed93535e
668	Halo Oglasi	Telefon	Market > Telefoni > Apple iPhone > iPhone 6	5425645393011	https://www.halooglasi.com/telefoni/apple-iphone-6-mobilni-telefoni/apple-iphone-6s/5425645393011	2026-08-24T15:56:48Z	raw_txt/oglas_0668.txt	15	692	4e2dfed9d38245723f18c0cf98e081d46177eaa277767e87de588428aa5e8204
669	Halo Oglasi	Telefon	Market > Telefoni > Motorola	5425645396053	https://www.halooglasi.com/telefoni/motorola-mobilni-telefoni/motorola-xt910/5425645396053	2026-08-24T15:52:51Z	raw_txt/oglas_0669.txt	14	92	b19d937c8ce4e1bb7e3e46c6bb17cd294ec4880b869f2492aff4de5ced0f86af
670	Halo Oglasi	Telefon	Market > Telefoni > Apple iPhone > iPhone 6	5425645970247	https://www.halooglasi.com/telefoni/apple-iphone-6-mobilni-telefoni/iphone-6s-plus-32gb-gold/5425645970247	2026-08-24T15:56:46Z	raw_txt/oglas_0670.txt	24	135	55fa20a6251e49a17cbdd85733f31ee77a68efc871f3299f35c506f2ba1ccbbb
671	Halo Oglasi	Telefon	Market > Telefoni > Apple iPhone > iPhone 15	5425645972765	https://www.halooglasi.com/telefoni/apple-iphone-15-mobilni-telefoni/iphone-15-pro/5425645972765	2026-08-24T15:52:49Z	raw_txt/oglas_0671.txt	13	109	deb58941df149c366a8578be7d7a4263d3e443ef40d484c3dbe0885f9c5ece40
672	Halo Oglasi	Telefon	Market > Telefoni > Apple iPhone > iPhone 14	5425646405840	https://www.halooglasi.com/telefoni/apple-iphone-14-mobilni-telefoni/iphone-14/5425646405840	2026-08-24T15:52:56Z	raw_txt/oglas_0672.txt	9	36	1b8da0c454feb01fab5e43c144054e863050d625e466047901878ea9e16a392d
673	Halo Oglasi	Telefon	Market > Telefoni > Samsung > Samsung Galaxy Note	5425646410494	https://www.halooglasi.com/telefoni/samsung-galaxy-note-mobilni-telefoni/samsung-note-10-plus/5425646410494	2026-08-24T15:32:36Z	raw_txt/oglas_0673.txt	20	292	76f07f1734c6a991c3c831978fa8492ca0161b85019df1bd66acd51e2ac4ad0e
674	Halo Oglasi	Telefon	Market > Telefoni > Ostali mobilni telefoni	5425646552296	https://www.halooglasi.com/telefoni/ostali-mobilni-telefoni/honor-x8a/5425646552296	2026-08-24T15:52:48Z	raw_txt/oglas_0674.txt	9	142	a5aad36ae0e99f053771a45766ef6ed3433d45febf50346ccf28b2b10ceb1bcd
675	Halo Oglasi	Telefon	Market > Telefoni > Apple iPhone > iPhone 11	5425646677865	https://www.halooglasi.com/telefoni/apple-iphone-11-mobilni-telefoni/iphone-11-64gb/5425646677865	2026-08-24T15:52:51Z	raw_txt/oglas_0675.txt	14	411	9fd85c39f9fc39414ad2ec1779858fbb3867098603ec6c33b6618e7f86c4e81a
676	Halo Oglasi	Telefon	Market > Telefoni > Samsung > Ostali Samsung mobilni	5425646679579	https://www.halooglasi.com/telefoni/ostali-samsung-mobilni-telefoni/samsung-z-flip-6-plava-boja-odlicno-stanje/5425646679579	2026-08-24T15:52:48Z	raw_txt/oglas_0676.txt	44	333	67e3cf150f7b2a1b0fcdc0671a9bd32f6ae84bb80a0794a593f82dc61b26d5ad
677	Halo Oglasi	Telefon	Market > Telefoni > Apple iPhone > iPhone 12	5425646683296	https://www.halooglasi.com/telefoni/apple-iphone-12-mobilni-telefoni/iphone-12-64gb/5425646683296	2026-08-24T15:52:48Z	raw_txt/oglas_0677.txt	14	105	37a462abc48bba6ced527214446ffefdfc08d8281efb0f41ff0a29434397725a
678	Halo Oglasi	Telefon	Market > Telefoni > Apple iPhone > iPhone 13	5425646949979	https://www.halooglasi.com/telefoni/apple-iphone-13-mobilni-telefoni/iphone-13-pro/5425646949979	2026-08-24T15:32:33Z	raw_txt/oglas_0678.txt	13	266	5b4831bd132f690c9df588433c64a926c5b95f7425478c7b976e4512e867e260
679	Halo Oglasi	Telefon	Market > Telefoni > Apple iPhone > iPhone 15	5425646951555	https://www.halooglasi.com/telefoni/apple-iphone-15-mobilni-telefoni/iphone-15-pro-256-gb/5425646951555	2026-08-24T15:32:35Z	raw_txt/oglas_0679.txt	20	333	208a00863bdd689fd277dbcae788b38236914011acc186204eff4d78d2ab932a
680	Halo Oglasi	Telefon	Market > Telefoni > Ostali mobilni telefoni	5425647068850	https://www.halooglasi.com/telefoni/ostali-mobilni-telefoni/oukitel-wp21-black-rugged-mobilni-telefon/5425647068850	2026-08-24T15:56:49Z	raw_txt/oglas_0680.txt	41	222	5f56d60c47ac00e1084664fea8ecfb9fe9751d4604c74fdd37449af3656ba772
681	Halo Oglasi	Telefon	Market > Telefoni > Apple iPhone > iPhone 12	5425647072670	https://www.halooglasi.com/telefoni/apple-iphone-12-mobilni-telefoni/iphone-12-128-gb-kompletan-paket-bez-dodatnih/5425647072670	2026-08-24T15:52:48Z	raw_txt/oglas_0681.txt	50	403	4b1ee316e91792426ae26451d3f6322069d241a41c67ab45f6713eb6809b9fee
682	Halo Oglasi	Telefon	Market > Telefoni > Apple iPhone > iPhone 11	5425647074068	https://www.halooglasi.com/telefoni/apple-iphone-11-mobilni-telefoni/iphone-11-pro-256-gb-sim-free/5425647074068	2026-08-24T15:32:35Z	raw_txt/oglas_0682.txt	29	169	288c7ad6c8df3de0a544309ef6055bdfb524a5165b89f867377f0d39c5555652
683	Halo Oglasi	Telefon	Market > Telefoni > Apple iPhone > iPhone 14	5425647074267	https://www.halooglasi.com/telefoni/apple-iphone-14-mobilni-telefoni/iphone-14-128-gb-98-baterija-komplet-paket/5425647074267	2026-08-24T15:52:56Z	raw_txt/oglas_0683.txt	43	120	e5cd8dc954df12bc1bdcf35059026a50aa5a4fdc9e3e8b098e7fadd80357e5bb
684	Halo Oglasi	Telefon	Market > Telefoni > Apple iPhone > iPhone 13	5425647188192	https://www.halooglasi.com/telefoni/apple-iphone-13-mobilni-telefoni/iphone-13-256gb-plavi/5425647188192	2026-08-24T15:56:50Z	raw_txt/oglas_0684.txt	21	251	e663a41f08f82d70b456c2ac2eca42c2a688769c3bda3ba3612262af9732b407
685	Halo Oglasi	Telefon	Market > Telefoni > Motorola	5425647321554	https://www.halooglasi.com/telefoni/motorola-mobilni-telefoni/motorola-one-action/5425647321554	2026-08-24T15:56:47Z	raw_txt/oglas_0685.txt	19	136	4533329f02683a547ecc9c81f37c460b51d82d05bfc6ae97d997f73b2c790add
686	Halo Oglasi	Telefon	Market > Telefoni > Samsung > Ostali Samsung mobilni	5425647443825	https://www.halooglasi.com/telefoni/ostali-samsung-mobilni-telefoni/samsung-galaxy-a25-5g-6gb-ram-128gb/5425647443825	2026-08-24T15:56:47Z	raw_txt/oglas_0686.txt	39	909	a5f28b65f8a9758691438a251196d75b07173d6cd557395e0bbab5f203530ec3
687	Halo Oglasi	Telefon	Market > Telefoni > Xiaomi	5425647447376	https://www.halooglasi.com/telefoni/xiaomi-mobilni-telefoni/redmi-a1-light-green/5425647447376	2026-08-24T15:52:46Z	raw_txt/oglas_0687.txt	20	92	cd862b93071c5549fc8f9a9c5af89c810859b626bd04fd4aaab61d17dea09b49
688	Halo Oglasi	Telefon	Market > Telefoni > Samsung > Ostali Samsung mobilni	5425647448800	https://www.halooglasi.com/telefoni/ostali-samsung-mobilni-telefoni/sasmung-s5-neo/5425647448800	2026-08-24T15:52:53Z	raw_txt/oglas_0688.txt	14	110	ab62f38ca0fe2b69cca7d0e0c8ac06c84eabb8f139a949b5713cf6a6aa7ca616
689	Halo Oglasi	Telefon	Market > Telefoni > Apple iPhone > iPhone 15	5425647556738	https://www.halooglasi.com/telefoni/apple-iphone-15-mobilni-telefoni/iphone-15-pro-128gb-natural-titanium/5425647556738	2026-08-24T15:52:50Z	raw_txt/oglas_0689.txt	36	284	4449af7c987f2841d405b2ae96b9240bfc66a81dcbd64a0fca3d325747da7d01
690	Halo Oglasi	Telefon	Market > Telefoni > Apple iPhone > iPhone 13	5425647565629	https://www.halooglasi.com/telefoni/apple-iphone-13-mobilni-telefoni/apple-iphone-13-128gb-sim-free-full-pack-opre/5425647565629	2026-08-24T15:52:50Z	raw_txt/oglas_0690.txt	50	797	1107ee779f66ebce269dfa9e8ae3728be8f47287a6c48892fd38be44bd4dbdab
691	Halo Oglasi	Telefon	Market > Telefoni > Apple iPhone > iPhone 6	5425647565632	https://www.halooglasi.com/telefoni/apple-iphone-6-mobilni-telefoni/iphone-se-1-generacija-rose-gold-16gb-sim/5425647565632	2026-08-24T15:52:53Z	raw_txt/oglas_0691.txt	50	672	a8029f4a399c2dfcb12b3aef1c4a8a9bfa6533c235fc530fa48ae65ee062bce9
692	Halo Oglasi	Telefon	Market > Telefoni > Apple iPhone > iPhone 14	5425647566877	https://www.halooglasi.com/telefoni/apple-iphone-14-mobilni-telefoni/iphone-14-pro-128gb-gold-100-zdravlje-baterij/5425647566877	2026-08-24T15:52:50Z	raw_txt/oglas_0692.txt	47	444	b924721c12f73c7ddb28758224cc01623b37f188a99ca8c81f1e5203b902d1ee
693	Halo Oglasi	Telefon	Market > Telefoni > Motorola	5425647566921	https://www.halooglasi.com/telefoni/motorola-mobilni-telefoni/motorola-neo-40-12gb256gb/5425647566921	2026-08-24T15:56:47Z	raw_txt/oglas_0693.txt	26	182	d1e790d9cb917c59e8895cf70cdbbd8458ac8e6e0796e25332cc737ba62e0f24
694	Halo Oglasi	Telefon	Market > Telefoni > Apple iPhone > iPhone 14	5425647566948	https://www.halooglasi.com/telefoni/apple-iphone-14-mobilni-telefoni/iphone-14-e-sim/5425647566948	2026-08-24T15:56:46Z	raw_txt/oglas_0694.txt	15	114	e34601860359dbfa236ecf4dae30065d7d44edafaebc45af76a909124a067f00
695	Halo Oglasi	Telefon	Market > Telefoni > Ostali mobilni telefoni	5425647569691	https://www.halooglasi.com/telefoni/ostali-mobilni-telefoni/tecno-spark-20-pro-12gb256-gb-ocuvan/5425647569691	2026-08-24T15:52:47Z	raw_txt/oglas_0695.txt	37	1349	5ba813ea140eec349c2449c0b46cc5248cc4dcba7c923c1e06687485ab71aaa6
696	Halo Oglasi	Telefon	Market > Telefoni > Nokia	5425647570721	https://www.halooglasi.com/telefoni/nokia-mobilni-telefoni/nokia-c32-ds/5425647570721	2026-08-24T15:52:48Z	raw_txt/oglas_0696.txt	12	457	6ee512f9a2872fcd36bbc0b27b21a54e44a5b46e64afd6a47999828e75aa39e2
697	Halo Oglasi	Telefon	Market > Telefoni > Motorola	5425647570751	https://www.halooglasi.com/telefoni/motorola-mobilni-telefoni/motorola-e20/5425647570751	2026-08-24T15:32:35Z	raw_txt/oglas_0697.txt	12	100	23d3201be5f501eb1cb048b81d4153e9a7f507f94e41aeabc3851a054ae173e8
698	Halo Oglasi	Telefon	Market > Telefoni > Xiaomi	5425647570830	https://www.halooglasi.com/telefoni/xiaomi-mobilni-telefoni/xiaomi-note-14pro-126512/5425647570830	2026-08-24T15:32:37Z	raw_txt/oglas_0698.txt	28	69	9a127aa0b435b1f7105c4c331a4a47af112e9708419030b29ab3eac24c95e18f
699	Halo Oglasi	Telefon	Market > Telefoni > Huawei > Huawei P30	5425647570848	https://www.halooglasi.com/telefoni/telefoni-huawei-p30-mobilni-telefoni/huawei-p30/5425647570848	2026-08-24T15:32:36Z	raw_txt/oglas_0699.txt	10	107	f6e55056b6e3f09eb4a40348dfcc5059d1892572341b5506f94359080967796c
700	Halo Oglasi	Telefon	Market > Telefoni > Apple iPhone > iPhone 13	5425647570982	https://www.halooglasi.com/telefoni/apple-iphone-13-mobilni-telefoni/iphone-13/5425647570982	2026-08-24T15:52:52Z	raw_txt/oglas_0700.txt	9	82	d85021643928f96f69998cbfd394ac77a83bf8554f9ede76fed02950cedcec70
701	KupujemProdajem	Baterija	kompjuteri laptop i tablet > laptopovi baterije	105932897	https://www.kupujemprodajem.com/kompjuteri-laptop-i-tablet/laptopovi-baterije/baterija-laptop-lenovo-thinkpad-t60-6-10-8v-5200mah/oglas/105932897	2026-08-24T16:28:13Z	raw_txt/oglas_0701.txt	51	976	68ac7e63a70534cd13dd522c42be7c43bd3507a623f4fb0b58a593516b1a9c00
702	KupujemProdajem	Baterija	kompjuteri laptop i tablet > laptopovi baterije	105934113	https://www.kupujemprodajem.com/kompjuteri-laptop-i-tablet/laptopovi-baterije/baterija-laptop-toshiba-satellite-l750-pa3634-10-8v/oglas/105934113	2026-08-24T16:27:42Z	raw_txt/oglas_0702.txt	51	1503	2873fa0ccfb093fc71056e21a1c3c7fc67933eb4dba3c0fbabdc0eeab10d7e75
703	KupujemProdajem	Baterija	kompjuteri laptop i tablet > laptopovi baterije	144953356	https://www.kupujemprodajem.com/kompjuteri-laptop-i-tablet/laptopovi-baterije/baterija-laptop-hp-probook-450-g3-470-g3-14-8v-2600mah-ri04/oglas/144953356	2026-08-24T16:27:33Z	raw_txt/oglas_0703.txt	59	242	6db1a4a145c8d70306eff509fd502a5588b35f6dfb044be7ad6eedd85736fa26
704	KupujemProdajem	Baterija	kompjuteri laptop i tablet > laptopovi baterije	166630397	https://www.kupujemprodajem.com/kompjuteri-laptop-i-tablet/laptopovi-baterije/baterija-za-laptop-apple-macbook-pro-16-inch-a2141-release/oglas/166630397	2026-08-24T16:27:45Z	raw_txt/oglas_0704.txt	59	735	d7d2baefc1ec9d7d3640b57a3ae4a015e75c6993909cb427e980155ccc5b8b4a
705	KupujemProdajem	Baterija	kompjuteri laptop i tablet > laptopovi baterije	167200596	https://www.kupujemprodajem.com/kompjuteri-laptop-i-tablet/laptopovi-baterije/baterija-za-laptop-lenovo-thinkpad-t480-t470-spoljna/oglas/167200596	2026-08-24T16:27:56Z	raw_txt/oglas_0705.txt	52	866	154c5b0f85b7fcf41746316be0181a345e905f5c2ca520d1d408734fdda4a87f
706	KupujemProdajem	Baterija	kompjuteri laptop i tablet > laptopovi baterije	186349892	https://www.kupujemprodajem.com/kompjuteri-laptop-i-tablet/laptopovi-baterije/baterija-za-laptop-lenovo-thinkpad-t550-unutrasnja-baterija/oglas/186349892	2026-08-24T16:27:16Z	raw_txt/oglas_0706.txt	59	470	ff9e411194e61f6408cc7223ab0e5dd691c513d84160e8765b0f6bbbfabcbf9c
707	KupujemProdajem	Baterija	kompjuteri laptop i tablet > laptopovi baterije	26044734	https://www.kupujemprodajem.com/kompjuteri-laptop-i-tablet/laptopovi-baterije/baterija-za-laptop-lenovo-thinkpad-t60/oglas/26044734	2026-08-24T16:28:06Z	raw_txt/oglas_0707.txt	38	1202	36bfbb3e0a863176785076173682ec2b798638d90d7166996b69b37d81b01034
708	KupujemProdajem	Baterija	kompjuteri laptop i tablet > laptopovi baterije	45909330	https://www.kupujemprodajem.com/kompjuteri-laptop-i-tablet/laptopovi-baterije/baterija-laptop-toshiba-pa3817-6-10-8v-5200mah/oglas/45909330	2026-08-24T16:27:59Z	raw_txt/oglas_0708.txt	46	2707	a8bdf91995f024830b99fbb30821057fb06c979557e0a769697e9b0ace06bada
709	KupujemProdajem	CPU	kompjuteri desktop > procesori	150678832	https://www.kupujemprodajem.com/kompjuteri-desktop/procesori/procesor-cpu-intel-celeron-3-20ghz-g4930/oglas/150678832	2026-08-24T16:27:01Z	raw_txt/oglas_0709.txt	10	2636	e6997860e81cd9d400857e4a8a1be57151dbfdb810932aad15e91185a73524b2
710	KupujemProdajem	CPU	kompjuteri laptop i tablet > laptopovi procesori	154107601	https://www.kupujemprodajem.com/kompjuteri-laptop-i-tablet/laptopovi-procesori/procesor-cpu-i3-2350m/oglas/154107601	2026-08-24T16:26:51Z	raw_txt/oglas_0710.txt	23	52	d434f62707861abf3035b46582324218de65a8970f11989aebd118205bb77f26
711	KupujemProdajem	CPU	kompjuteri laptop i tablet > laptopovi procesori	156724739	https://www.kupujemprodajem.com/kompjuteri-laptop-i-tablet/laptopovi-procesori/procesor-cpu-intel-i5-3320m/oglas/156724739	2026-08-24T16:27:07Z	raw_txt/oglas_0711.txt	27	68	ceb15bceb2d1e952dbf093c17f5ee6f986aceb64bb11ee9d73b4c74aa39177f1
712	KupujemProdajem	CPU	kompjuteri laptop i tablet > laptopovi procesori	157915173	https://www.kupujemprodajem.com/kompjuteri-laptop-i-tablet/laptopovi-procesori/procesor-cpu-intel-i5-2410m/oglas/157915173	2026-08-24T16:26:51Z	raw_txt/oglas_0712.txt	27	55	33a10f422b2d828df2aff8e16d412d2b7cfc50565108375fbecb75f2a1acb767
713	KupujemProdajem	CPU	kompjuteri desktop > procesori	158336292	https://www.kupujemprodajem.com/kompjuteri-desktop/procesori/intel-core-procesor-cpu-s1200-i7-11700k-8-core-3-60ghz-5-00g/oglas/158336292	2026-08-24T16:27:04Z	raw_txt/oglas_0713.txt	60	411	4cfaf907024c10b5cd04a362d7ee3766b930ee2b93b828bb82b274313f2170cb
714	KupujemProdajem	CPU	kompjuteri desktop > procesori	158336543	https://www.kupujemprodajem.com/kompjuteri-desktop/procesori/intel-core-cpu-procesor-i5-13600k-14-core-3-50ghz-5-10ghz/oglas/158336543	2026-08-24T16:26:55Z	raw_txt/oglas_0714.txt	59	538	f42bd62f0c909e90b7eb335463b484c4270e5f2f6b9c3c19808c0fe6f7f89467
715	KupujemProdajem	CPU	kompjuteri desktop > procesori	158336584	https://www.kupujemprodajem.com/kompjuteri-desktop/procesori/intel-core-cpu-procesor-s1700-i7-12700k-12-cores-3-6ghz-box/oglas/158336584	2026-08-24T16:26:55Z	raw_txt/oglas_0715.txt	59	409	a450feea26c3c4682b130ffeea1599eca9e79a38615e267b21d5fdddcbd94daf
716	KupujemProdajem	CPU	kompjuteri desktop > procesori	158336671	https://www.kupujemprodajem.com/kompjuteri-desktop/procesori/intel-core-cpu-procesor-s1200-i9-11900k-8-core-3-5ghz-5-3gh/oglas/158336671	2026-08-24T16:26:57Z	raw_txt/oglas_0716.txt	59	410	e79fdbcc77ee277408033685434668a2cffcbb3306342cdd3c8e7771ae4315f9
717	KupujemProdajem	CPU	kompjuteri desktop > procesori	158337950	https://www.kupujemprodajem.com/kompjuteri-desktop/procesori/amd-procesor-cpu-am4-ryzen-3-2200g-3-7ghz-wraith-c-65w/oglas/158337950	2026-08-24T16:27:04Z	raw_txt/oglas_0717.txt	54	299	e2dcab2d36b39c14a6c903bb5cef43de4a33d00b7ea3ba6c067a1a0c9708f7e1
718	KupujemProdajem	CPU	kompjuteri desktop > procesori	158338705	https://www.kupujemprodajem.com/kompjuteri-desktop/procesori/amd-procesor-cpu-am4-ryzen-5-3600-6c-12t-3-60-4-20ghz-31awof/oglas/158338705	2026-08-24T16:27:01Z	raw_txt/oglas_0718.txt	60	377	00bb8fc848c716723e960490f280ea2cea04f55bd0883f52d364537aa17dd7fa
719	KupujemProdajem	CPU	kompjuteri desktop > procesori	159535619	https://www.kupujemprodajem.com/kompjuteri-desktop/procesori/amd-procesor-cpu-am4-ryzen-5-4600g-6c-12t-3-70-4-20ghz/oglas/159535619	2026-08-24T16:26:51Z	raw_txt/oglas_0719.txt	54	373	1f562628c6032fcc9ccc374a2bedcf1b9348d4337ac2b7d6fd596f43de2ae8c7
720	KupujemProdajem	CPU	kompjuteri desktop > procesori	159572911	https://www.kupujemprodajem.com/kompjuteri-desktop/procesori/amd-procesor-cpu-am5-ryzen-5-7600-6c-12t-3-80-5-10ghz-mpk/oglas/159572911	2026-08-24T16:27:01Z	raw_txt/oglas_0720.txt	57	333	8249fbcedc0aaf42faea554ecac09020a7b3e58fc4ed8b22de2e3c3688a241fc
721	KupujemProdajem	CPU	kompjuteri laptop i tablet > laptopovi procesori	167294112	https://www.kupujemprodajem.com/kompjuteri-laptop-i-tablet/laptopovi-procesori/procesor-cpu-intel-i5-3210m/oglas/167294112	2026-08-24T16:27:04Z	raw_txt/oglas_0721.txt	27	59	35ceb6bbab168f9d0c733cf3220c9a55ead3edc8d7821bff5b0a0735b322cc9f
722	KupujemProdajem	CPU	kompjuteri desktop > procesori	182111951	https://www.kupujemprodajem.com/kompjuteri-desktop/procesori/procesori-cpu-amd-intel-i5-i7-athlon-semprom-xeon-razno/oglas/182111951	2026-08-24T16:27:07Z	raw_txt/oglas_0722.txt	59	1329	9b65edc301ad0d749f094b1b5a41a91be1831ecdbb2d28e9c55e27082f608a5b
723	KupujemProdajem	CPU	kompjuteri desktop > procesori	188454365	https://www.kupujemprodajem.com/kompjuteri-desktop/procesori/intel-core-i9-9900k-vrhunski-1151-procesor-16-thread-cpu/oglas/188454365	2026-08-24T16:27:07Z	raw_txt/oglas_0723.txt	56	912	a7106c06bd84cda6441f3b05f2933ed38669fc4a61e75b80b6b3482ff270ad2f
724	KupujemProdajem	Desktop računar	kompjuteri desktop > mini pc	139952668	https://www.kupujemprodajem.com/kompjuteri-desktop/mini-pc/mini-pc-racunari-veliki-izbor-i3-i5-i7-6-14-gen/oglas/139952668	2026-08-24T16:23:39Z	raw_txt/oglas_0724.txt	55	2521	1d5582b55d6dbc6f452ec9820a869a634081f6b9dcfb7399062cac77b67c4657
725	KupujemProdajem	Desktop računar	kompjuteri desktop > mini pc	152826663	https://www.kupujemprodajem.com/kompjuteri-desktop/mini-pc/mini-pc-zeus-mpi10-i323-intel-i3-1115g4-2c-4-1-ghz/oglas/152826663	2026-08-24T16:23:32Z	raw_txt/oglas_0725.txt	50	1967	2d7fd8bec857c5af468b35e604caeb2b8e80285d3f785bdc052af6842b3f4738
726	KupujemProdajem	Desktop računar	kompjuteri desktop > kompjuteri	173004536	https://www.kupujemprodajem.com/kompjuteri-desktop/kompjuteri/pc-novo-amd-ryzen-9-5900x-32gb-ddr4-ram-amd-radeon-rx-69/oglas/173004536	2026-08-24T16:23:45Z	raw_txt/oglas_0726.txt	60	782	c1c303b4c6a90987242bc64a9eff8f8a992934db9ed34227e5a4c61ddcf19453
727	KupujemProdajem	Desktop računar	kompjuteri desktop > kompjuteri	173828891	https://www.kupujemprodajem.com/kompjuteri-desktop/kompjuteri/pc-novo-amd-ryzen-7-5700g-16gb-ddr4-ram-amd-radeon-rx-67/oglas/173828891	2026-08-24T16:23:42Z	raw_txt/oglas_0727.txt	60	732	4ed714d6f64120525bf6a4132a0bf2bec54f0fbdab92a8fdf7402439651c8605
728	KupujemProdajem	Desktop računar	kompjuteri desktop > kompjuteri	173834816	https://www.kupujemprodajem.com/kompjuteri-desktop/kompjuteri/pc-novo-amd-ryzen-5-5600x-32gb-ddr4-ram-amd-radeon-rx-67/oglas/173834816	2026-08-24T16:23:49Z	raw_txt/oglas_0728.txt	60	747	23b9282771186a8c2e186c0e766838dc1687f99104a67fda450488eb5b193bae
729	KupujemProdajem	Desktop računar	kompjuteri desktop > kompjuteri	174217360	https://www.kupujemprodajem.com/kompjuteri-desktop/kompjuteri/pc-novo-amd-ryzen-9-5900x-32gb-ddr4-ram-amd-radeon-rx-79/oglas/174217360	2026-08-24T16:23:42Z	raw_txt/oglas_0729.txt	60	745	627b297af5bdeace878fa7816c30a0ffe72ec2d32b7b70a5479e50441a868372
730	KupujemProdajem	Desktop računar	kompjuteri desktop > polovni kompjuteri	174707493	https://www.kupujemprodajem.com/kompjuteri-desktop/polovni-kompjuteri/gaming-pc-i5-8400-8gb-ddr4-ram-256gb-ssd/oglas/174707493	2026-08-24T16:23:22Z	raw_txt/oglas_0730.txt	40	1702	b7510f61784e509d05c8ded3b0a7b0c7bd6f23937f717a744c01c76e099909fe
731	KupujemProdajem	Desktop računar	kompjuteri desktop > mini pc	177127741	https://www.kupujemprodajem.com/kompjuteri-desktop/mini-pc/mini-pc-dell-optiplex-3046-i5-6500t-8gb-ddr4-240ssd-isprava/oglas/177127741	2026-08-24T16:23:45Z	raw_txt/oglas_0731.txt	60	396	e2577329b5ee616bbbbe714f9a4005080abd32d90908ca231ed0b2bdabbd2b41
732	KupujemProdajem	Desktop računar	kompjuteri desktop > kompjuteri	178078963	https://www.kupujemprodajem.com/kompjuteri-desktop/kompjuteri/gaming-pc-racunar-ryzen-8500g-16gb-ddr5-rtx-2060/oglas/178078963	2026-08-24T16:23:32Z	raw_txt/oglas_0732.txt	48	740	753013f515dd69eecd152e2465406588125761c7b57beb9181d2c0cc8206b913
733	KupujemProdajem	Desktop računar	kompjuteri desktop > kompjuteri	178079199	https://www.kupujemprodajem.com/kompjuteri-desktop/kompjuteri/gaming-pc-racunar-ryzen-8500g-16gb-ddr5-rtx-3080/oglas/178079199	2026-08-24T16:23:56Z	raw_txt/oglas_0733.txt	48	740	5ffe2f1ec58c3e2a442abdafd0ac6ac3578918dc22e7cacd8cab4b7aab78e93a
734	KupujemProdajem	Desktop računar	kompjuteri desktop > polovni kompjuteri	178085906	https://www.kupujemprodajem.com/kompjuteri-desktop/polovni-kompjuteri/gaming-pc-racunar-ryzen-5-8600g-16-gb-ddr5-rtx-2060/oglas/178085906	2026-08-24T16:23:29Z	raw_txt/oglas_0734.txt	51	740	d674fc2192263141c8ca63ecacb32d223692b3b7dea54369ad9f37b200d03812
735	KupujemProdajem	Desktop računar	kompjuteri desktop > polovni kompjuteri	178271128	https://www.kupujemprodajem.com/kompjuteri-desktop/polovni-kompjuteri/gaming-pc-racunar-intel-i3-10100-16gb-ddr4-gtx-1060/oglas/178271128	2026-08-24T16:23:52Z	raw_txt/oglas_0735.txt	51	982	3d46af0d724cf9eb1180cd71cfb501af44dff6ccf15884b3d937abfa7d40a12b
736	KupujemProdajem	Desktop računar	kompjuteri desktop > polovni kompjuteri	178272247	https://www.kupujemprodajem.com/kompjuteri-desktop/polovni-kompjuteri/gaming-pc-racunar-intel-i3-10100-16gb-ddr4-rtx-3080/oglas/178272247	2026-08-24T16:23:52Z	raw_txt/oglas_0736.txt	51	981	4a5a5e4a6230f5bc57b986f98761a50e22235288e2041628bfd09b23b89857ce
737	KupujemProdajem	Desktop računar	kompjuteri desktop > polovni kompjuteri	178272364	https://www.kupujemprodajem.com/kompjuteri-desktop/polovni-kompjuteri/gaming-pc-racunar-intel-i3-10100-16gb-ddr4-rx6900xt/oglas/178272364	2026-08-24T16:23:32Z	raw_txt/oglas_0737.txt	51	981	e8a4b8995650e94823ab54f900b22a8690e5c6c038a02752106bcb8aedcf70bf
738	KupujemProdajem	Desktop računar	kompjuteri desktop > kompjuteri	178347775	https://www.kupujemprodajem.com/kompjuteri-desktop/kompjuteri/gaming-pc-racunar-i5-13400f-16gb-ram-ddr4-gtx-1060/oglas/178347775	2026-08-24T16:23:19Z	raw_txt/oglas_0738.txt	50	933	dd3386e2f3a83de770e186ec04b68b22c66519bdede985ea4319448f4aa82c3b
739	KupujemProdajem	Desktop računar	kompjuteri desktop > kompjuteri	178347920	https://www.kupujemprodajem.com/kompjuteri-desktop/kompjuteri/gaming-pc-racunar-i5-13400f-16gb-ram-ddr4-rx-6600/oglas/178347920	2026-08-24T16:23:56Z	raw_txt/oglas_0739.txt	49	933	db129072789747d2b15f07c5bbd5756bd38bf4af98aa70544e230443e3334e2d
740	KupujemProdajem	Desktop računar	kompjuteri desktop > kompjuteri	178349658	https://www.kupujemprodajem.com/kompjuteri-desktop/kompjuteri/gaming-pc-racunar-i5-13400f-16gb-ram-ddr4-rtx-4070/oglas/178349658	2026-08-24T16:23:26Z	raw_txt/oglas_0740.txt	50	934	7e5757c8a9e83b6c2fbe984210c1ed1bd5e129e50dc9fd21b3f83026900f6a23
741	KupujemProdajem	Desktop računar	kompjuteri desktop > kompjuteri	179072039	https://www.kupujemprodajem.com/kompjuteri-desktop/kompjuteri/desktop-racunar-i7-13700kf-32gb-1tb-rtx4070/oglas/179072039	2026-08-24T16:23:56Z	raw_txt/oglas_0741.txt	43	1722	66cab2ba22a63e9fb977979a2bafb71a524d77dad3a0681959ca10e4acebe362
742	KupujemProdajem	Desktop računar	kompjuteri desktop > kompjuteri	179271370	https://www.kupujemprodajem.com/kompjuteri-desktop/kompjuteri/gaming-pc-racunar-ryzen-5-8600g-32-gb-ddr5-rtx-4070/oglas/179271370	2026-08-24T16:24:03Z	raw_txt/oglas_0742.txt	51	740	b3f74aed9952f9ead7cb0bb4c2a6e5c30ca52f48076ee7b4dd3af7103fd36bb2
743	KupujemProdajem	Desktop računar	kompjuteri desktop > kompjuteri	179271458	https://www.kupujemprodajem.com/kompjuteri-desktop/kompjuteri/gaming-pc-racunar-ryzen-5-8600g-32-gb-ddr5-rx6900xt-16/oglas/179271458	2026-08-24T16:24:03Z	raw_txt/oglas_0743.txt	54	740	bf3fcd6557d7a7eeb33196f2027f45f42b9f0a1e4ee86a857c20813a3161387f
744	KupujemProdajem	Desktop računar	kompjuteri desktop > kompjuteri	179271881	https://www.kupujemprodajem.com/kompjuteri-desktop/kompjuteri/gaming-pc-racunar-ryzen-5-8600g-32-gb-ddr5-rtx-3080/oglas/179271881	2026-08-24T16:23:52Z	raw_txt/oglas_0744.txt	51	740	e5bde036456cf773ef763556b84823ee385b56b38484ef4314d34729c693db8c
745	KupujemProdajem	Desktop računar	kompjuteri desktop > kompjuteri	179272647	https://www.kupujemprodajem.com/kompjuteri-desktop/kompjuteri/gaming-pc-racunar-ryzen-5-8600g-32-gb-ddr5-rtx-3070/oglas/179272647	2026-08-24T16:23:26Z	raw_txt/oglas_0745.txt	51	740	fa1f7742436d9d1215a59609b7d5a152adb0f4f5212876f82296441d156853d9
746	KupujemProdajem	Desktop računar	kompjuteri desktop > mini pc	186831651	https://www.kupujemprodajem.com/kompjuteri-desktop/mini-pc/gigabyte-gb-ber7-5700-brix-mini-pc-amd-ryzen-7-5700u-1-8-ghz/oglas/186831651	2026-08-24T16:23:36Z	raw_txt/oglas_0746.txt	60	1371	44cd4c0286785a42720c72d2353e11081d6e97b291010c034be0c53c22c06bcc
747	KupujemProdajem	Desktop računar	kompjuteri desktop > kompjuteri	189167259	https://www.kupujemprodajem.com/kompjuteri-desktop/kompjuteri/gaming-racunar-i5-10400f-16gb-ram-rx-580-8gb-nvme-512g/oglas/189167259	2026-08-24T16:23:42Z	raw_txt/oglas_0747.txt	60	2891	e346efea2aa75716b1c4000f0216a67938eb3eebc6485390ec2e1083ca961baf
748	KupujemProdajem	Desktop računar	kompjuteri desktop > mini pc	189391454	https://www.kupujemprodajem.com/kompjuteri-desktop/mini-pc/minix-mini-pc-ai-9-hx-370-32gb-1tb-windows-11-pro/oglas/189391454	2026-08-24T16:23:52Z	raw_txt/oglas_0748.txt	49	673	a8561fd0d5467ada8b3109eeb77e96fd81493c99f6d36a19fa3b8e0164abc155
749	KupujemProdajem	Desktop računar	kompjuteri desktop > mini pc	189691840	https://www.kupujemprodajem.com/kompjuteri-desktop/mini-pc/minis-forum-m1-plus-i5-12600h-16-gb-512-gb-mini-pc-win11-pro/oglas/189691840	2026-08-24T16:23:45Z	raw_txt/oglas_0749.txt	60	673	da331557488199dc4fbfa7bf67ee497cb7fed721295bc9ac0a440c5b57cee4b3
750	KupujemProdajem	Desktop računar	kompjuteri desktop > polovni kompjuteri	189727358	https://www.kupujemprodajem.com/kompjuteri-desktop/polovni-kompjuteri/desktop-racunari-jeftino/oglas/189727358	2026-08-24T16:23:49Z	raw_txt/oglas_0750.txt	24	1708	599838a30244a475a688ef5644585068c16cedc77f06e8cbe96224f9c26f53ee
751	KupujemProdajem	Desktop računar	kompjuteri desktop > mini pc	190248923	https://www.kupujemprodajem.com/kompjuteri-desktop/mini-pc/minix-mini-pc-z350-intel-core-i3-n350-16gb-ram-512gb-ssd-win/oglas/190248923	2026-08-24T16:24:03Z	raw_txt/oglas_0751.txt	60	840	b4881f9396f760bfdbd868a1a9542625a5017a3b95c70f566775dfbf7e453f9b
752	KupujemProdajem	Desktop računar	kompjuteri desktop > polovni kompjuteri	193228565	https://www.kupujemprodajem.com/kompjuteri-desktop/polovni-kompjuteri/50-komada-fujitsu-racunara-preko-racuna-firme/oglas/193228565	2026-08-24T16:23:39Z	raw_txt/oglas_0752.txt	48	1294	5d5ac4aec1f92a6360f18543ae61c5dbbd4f209527ea6fc4698a855cd6a96044
753	KupujemProdajem	Desktop računar	kompjuteri desktop > mini pc	193365881	https://www.kupujemprodajem.com/kompjuteri-desktop/mini-pc/mini-pc-nuc-minis-forum-vise-modela-i-komada/oglas/193365881	2026-08-24T16:23:26Z	raw_txt/oglas_0753.txt	47	2225	68ced13ee7e935ed1cef8a8e031e6ea7c165c4954c6af43b5f0a84cff35c8ac8
754	KupujemProdajem	Desktop računar	kompjuteri desktop > mini pc	193796084	https://www.kupujemprodajem.com/kompjuteri-desktop/mini-pc/minix-mini-pc-ai-9-hx-370-32gb-1tb-windows-11-pro-black-er93/oglas/193796084	2026-08-24T16:23:19Z	raw_txt/oglas_0754.txt	60	891	a2f1d7a7229c84af2dc2577a003afbc8c585c0d74c9dbb5b30622fab96d4f23f
755	KupujemProdajem	Desktop računar	kompjuteri desktop > mini pc	193956601	https://www.kupujemprodajem.com/kompjuteri-desktop/mini-pc/mini-pc-minisforum-x1-pro-470-ryzen-ai-9-hx-470-barebone/oglas/193956601	2026-08-24T16:23:49Z	raw_txt/oglas_0755.txt	56	584	ed7011fc1fc9256c4ec8153550234eed5f9e5c16fc7b3df0ae2899d7e98027fd
756	KupujemProdajem	Desktop računar	kompjuteri desktop > polovni kompjuteri	194285196	https://www.kupujemprodajem.com/kompjuteri-desktop/polovni-kompjuteri/prodajem-racunar-i-monitor/oglas/194285196	2026-08-24T16:23:45Z	raw_txt/oglas_0756.txt	26	217	9fc89984753ce73b8955188a9634f4188fe2f52f879799bb4ab0b3c97399088a
757	KupujemProdajem	Desktop računar	kompjuteri desktop > kompjuteri	194436532	https://www.kupujemprodajem.com/kompjuteri-desktop/kompjuteri/gaming-pc-racunar-rx-5700-xt-8-gb-i5-10400-16gb-ram-3200/oglas/194436532	2026-08-24T16:23:36Z	raw_txt/oglas_0757.txt	58	319	607946451a8c184589d9c98c40513cfa8e8ddd98c6bf7d434b1322a92d2b7b0a
758	KupujemProdajem	Desktop računar	kompjuteri desktop > kompjuteri	194704549	https://www.kupujemprodajem.com/kompjuteri-desktop/kompjuteri/desktop-racunar-ddr4/oglas/194704549	2026-08-24T16:23:49Z	raw_txt/oglas_0758.txt	20	769	209bb927419fdbba989e15d9d1f234334ee4763a87e0a6f604aa09f26c445a33
759	KupujemProdajem	GPU	kompjuteri desktop > graficke kartice	169421404	https://www.kupujemprodajem.com/kompjuteri-desktop/graficke-kartice/pure-amd-radeo-rx-9070-xt-oc-gpu/oglas/169421404	2026-08-24T16:25:14Z	raw_txt/oglas_0759.txt	32	1363	d2a0c0262f654d2b521b76eeac8b6e292f7d394dd63d163498ef184afd3ea7b9
760	KupujemProdajem	GPU	kompjuteri desktop > graficke kartice	174945623	https://www.kupujemprodajem.com/kompjuteri-desktop/graficke-kartice/teleskopski-drzac-graficke-kartice-gpu-support-alu/oglas/174945623	2026-08-24T16:24:38Z	raw_txt/oglas_0760.txt	55	1597	ae95992609717a8cee39151e9db8d5f24a97081b88d53ad68cd274473a917867
761	KupujemProdajem	GPU	kompjuteri desktop > graficke kartice	177094410	https://www.kupujemprodajem.com/kompjuteri-desktop/graficke-kartice/nvidia-tesla-k80-gpu/oglas/177094410	2026-08-24T16:24:44Z	raw_txt/oglas_0761.txt	20	1669	7c76f18ff342313cbde22a281cb763d73b05abac611f07b15838e0731506a445
762	KupujemProdajem	GPU	kompjuteri desktop > graficke kartice	182309648	https://www.kupujemprodajem.com/kompjuteri-desktop/graficke-kartice/graficka-karta-pci-e-gigabyte-geforce-rtx-3060-windforce-oc/oglas/182309648	2026-08-24T16:24:54Z	raw_txt/oglas_0762.txt	59	879	0e7a342c86486f01638d20ed8f07222ecca6a1d15930f1245512a227772d7ebc
763	KupujemProdajem	GPU	kompjuteri desktop > graficke kartice	182309777	https://www.kupujemprodajem.com/kompjuteri-desktop/graficke-kartice/graficka-karta-zotac-gaming-geforce-rtx-4060-twin-edge-8gb-d/oglas/182309777	2026-08-24T16:24:51Z	raw_txt/oglas_0763.txt	60	762	7bb8b92fd5c6841c24fedc0240bc0c554cabdcc35a0d8124d60de8dbbdc12704
764	KupujemProdajem	GPU	kompjuteri desktop > graficke kartice	183219903	https://www.kupujemprodajem.com/kompjuteri-desktop/graficke-kartice/gpu-support-podrska-za-graficku-kartu/oglas/183219903	2026-08-24T16:24:57Z	raw_txt/oglas_0764.txt	39	342	1e5ac28dbaf4af1636c043e0f7e8b223f9cc36654a608cbbf372959b82730947
765	KupujemProdajem	GPU	kompjuteri desktop > graficke kartice	185872714	https://www.kupujemprodajem.com/kompjuteri-desktop/graficke-kartice/serverska-graficka-nvidia-tesla-m60-ddr5-gpu-akcelerator/oglas/185872714	2026-08-24T16:24:44Z	raw_txt/oglas_0765.txt	56	60	8b3f0c5f92a8f7dde35d7e6e28cb6a0efa34a7264b822bf8e7e45d9c3bc688ca
766	KupujemProdajem	GPU	kompjuteri desktop > graficke kartice	186471152	https://www.kupujemprodajem.com/kompjuteri-desktop/graficke-kartice/graficka-karta-gigabyte-geforce-rtx-5050-windforce-gv-n5050w/oglas/186471152	2026-08-24T16:25:00Z	raw_txt/oglas_0766.txt	60	1096	2261444bca53365e93602b6f76470539041bef9d198d25cc61dd6507bc0c22eb
767	KupujemProdajem	GPU	kompjuteri desktop > graficke kartice	186567783	https://www.kupujemprodajem.com/kompjuteri-desktop/graficke-kartice/graficka-karta-biostar-rx550-4gb-gddr5-128bit-dvidphdmi/oglas/186567783	2026-08-24T16:25:00Z	raw_txt/oglas_0767.txt	55	885	6c6cd9ee5e33395a3213cf155c4a1ed432bcb1b4fe72451791c7b54df3019b6f
768	KupujemProdajem	GPU	kompjuteri desktop > graficke kartice	187458310	https://www.kupujemprodajem.com/kompjuteri-desktop/graficke-kartice/graficka-karta-zotac-gaming-geforce-rtx-5080-solid-core-16g/oglas/187458310	2026-08-24T16:25:14Z	raw_txt/oglas_0768.txt	59	1622	377c29a62cfa296cd0428caae7d12dd86e70262f18098c34614ba85a1733821d
769	KupujemProdajem	GPU	kompjuteri desktop > graficke kartice	187539305	https://www.kupujemprodajem.com/kompjuteri-desktop/graficke-kartice/drzac-nosac-za-graficku-karticu-sprecava-gpu-sag/oglas/187539305	2026-08-24T16:24:47Z	raw_txt/oglas_0769.txt	50	355	f39e9bae3c5b6a3a98a4aad7616393c4906a613f43a8d9e391f9c5c2bb105863
770	KupujemProdajem	GPU	kompjuteri desktop > graficke kartice	187636373	https://www.kupujemprodajem.com/kompjuteri-desktop/graficke-kartice/graficka-karta-biostar-gtx-1660-super-6gb-ddr6-192bit-dvihd/oglas/187636373	2026-08-24T16:24:41Z	raw_txt/oglas_0770.txt	59	909	1bbf410d28d4ac1f0a72247e6362dfd2a9818811fdcce4f2bf54551159d7fe57
771	KupujemProdajem	GPU	kompjuteri desktop > graficke kartice	187636388	https://www.kupujemprodajem.com/kompjuteri-desktop/graficke-kartice/graficka-karta-biostar-rtx-3060-gddr6-12gb-192bit-3xdphdmi/oglas/187636388	2026-08-24T16:25:00Z	raw_txt/oglas_0771.txt	58	843	606557a14452324ba9402ada102fdf698a2221cfebc9aa662212e30160e24ae7
772	KupujemProdajem	GPU	kompjuteri desktop > graficke kartice	187763754	https://www.kupujemprodajem.com/kompjuteri-desktop/graficke-kartice/graficka-karta-gigabyte-aorus-geforce-rtx-5090-aorus-stealt/oglas/187763754	2026-08-24T16:25:04Z	raw_txt/oglas_0772.txt	59	1338	c9bf5096a8e2456cf3efb04c255b520b741b7cef6fc1c2ec06c1be48a4871d32
773	KupujemProdajem	GPU	kompjuteri desktop > graficke kartice	187977680	https://www.kupujemprodajem.com/kompjuteri-desktop/graficke-kartice/25732-graficka-karta-biostar-rtx-3060-gddr6-12gb-192bit-3xdp/oglas/187977680	2026-08-24T16:24:38Z	raw_txt/oglas_0773.txt	60	631	d8c30bc5e3a84b515f2b00ce7ad77b4d20a637477c7d907371392733d0b01f85
774	KupujemProdajem	GPU	kompjuteri desktop > graficke kartice	187981478	https://www.kupujemprodajem.com/kompjuteri-desktop/graficke-kartice/stalak-drzac-nosac-graficke-kartice-gpu/oglas/187981478	2026-08-24T16:25:08Z	raw_txt/oglas_0774.txt	45	1029	2f35cec93f4a1b75f1cf3f839c4269a1a29e0fd0ef59b34752580cc61284b480
775	KupujemProdajem	GPU	kompjuteri desktop > graficke kartice	188166257	https://www.kupujemprodajem.com/kompjuteri-desktop/graficke-kartice/graficka-karta-gigabyte-rtx-5070-ti-eagle-oc-ice-sff-16gb-gv/oglas/188166257	2026-08-24T16:24:54Z	raw_txt/oglas_0775.txt	60	587	7fac9d8858679d6d7beefb47b963c3dfc5e15e088e95120704f729154ca5b68a
776	KupujemProdajem	GPU	kompjuteri desktop > graficke kartice	188170796	https://www.kupujemprodajem.com/kompjuteri-desktop/graficke-kartice/graficka-karta-gigabyte-geforce-rtx-5070-eagle-oc-ice-gddr7/oglas/188170796	2026-08-24T16:24:41Z	raw_txt/oglas_0776.txt	59	587	e17fb2a2b762b0d9c342382b161a7a0d28d8fe01e3ece32ea38e6775d134e2f5
777	KupujemProdajem	GPU	kompjuteri desktop > graficke kartice	191088020	https://www.kupujemprodajem.com/kompjuteri-desktop/graficke-kartice/graficka-karta-gigabyte-rtx-5090aorus-xtreme-waterforce-wb-3/oglas/191088020	2026-08-24T16:24:41Z	raw_txt/oglas_0777.txt	60	702	1103ad0ac2dee93d6736b4a6e25654236a39440c67df066c2fb69f08b5d9c792
778	KupujemProdajem	GPU	kompjuteri desktop > graficke kartice	191826608	https://www.kupujemprodajem.com/kompjuteri-desktop/graficke-kartice/graficka-karta-biostar-gtx-1650-4gb-gddr6-128bit-dvi-hdmi-dp/oglas/191826608	2026-08-24T16:24:57Z	raw_txt/oglas_0778.txt	60	2429	7c5ba005eda5e6c8ea9f18f01d270ce6f2f169639b31a371de6dee5ed8ea0d68
779	KupujemProdajem	GPU	kompjuteri desktop > graficke kartice	192140282	https://www.kupujemprodajem.com/kompjuteri-desktop/graficke-kartice/graficka-karta-gigabyte-rx-9070-xt-amd-16gb-gddr6-256bit-crn/oglas/192140282	2026-08-24T16:25:00Z	raw_txt/oglas_0779.txt	60	61	21b5d75bf6013ab17a5c8ed402fe06549fb79ff50308c43c81c6cef702f1c23a
780	KupujemProdajem	GPU	kompjuteri desktop > graficke kartice	193580242	https://www.kupujemprodajem.com/kompjuteri-desktop/graficke-kartice/graficka-karta/oglas/193580242	2026-08-24T16:25:14Z	raw_txt/oglas_0780.txt	14	72	29681e415230f14b928d5fc2fd7d7c9411113a098b6a3df524653f62c6bb14bc
781	KupujemProdajem	GPU	kompjuteri desktop > graficke kartice	193936999	https://www.kupujemprodajem.com/kompjuteri-desktop/graficke-kartice/graficka-karta/oglas/193936999	2026-08-24T16:25:11Z	raw_txt/oglas_0781.txt	14	190	1ad403e300b78f24c35fbc1e4af44e13bbeab605cc14adac6c4817d6ce2f1540
782	KupujemProdajem	GPU	kompjuteri desktop > graficke kartice	194419268	https://www.kupujemprodajem.com/kompjuteri-desktop/graficke-kartice/gpu-support-holder-drzac-graficke-karte/oglas/194419268	2026-08-24T16:24:54Z	raw_txt/oglas_0782.txt	41	569	745e2be865b8364c855353bb141870a92b32fd6e2b515571dfd04189c8f123e9
783	KupujemProdajem	GPU	kompjuteri desktop > graficke kartice	194457603	https://www.kupujemprodajem.com/kompjuteri-desktop/graficke-kartice/graficka-karta-asus-strix-gtx-1070-8gb/oglas/194457603	2026-08-24T16:24:51Z	raw_txt/oglas_0783.txt	38	454	66d16b9a99edf8280ce4f9dbd4817e5b50132dc871163fbafee861008eabac81
784	KupujemProdajem	GPU	kompjuteri desktop > graficke kartice	194500785	https://www.kupujemprodajem.com/kompjuteri-desktop/graficke-kartice/graficka-karta/oglas/194500785	2026-08-24T16:25:04Z	raw_txt/oglas_0784.txt	14	127	4b4414780979bc226de5ddfcd79e51312426ed040485bc488f2e996f4a1d4a47
785	KupujemProdajem	GPU	kompjuteri desktop > graficke kartice	194608980	https://www.kupujemprodajem.com/kompjuteri-desktop/graficke-kartice/biostar-geforce-rtx-3070-graficka-karta-8gb-gddr6-256-bit/oglas/194608980	2026-08-24T16:24:51Z	raw_txt/oglas_0785.txt	57	2269	dbe9f3e453b0d180d8a68404ed7066c724317c43e7d56ec0bcf3f435d35e1105
786	KupujemProdajem	GPU	kompjuteri desktop > graficke kartice	25391927	https://www.kupujemprodajem.com/kompjuteri-desktop/graficke-kartice/msi-geforce-rtx-5080-16g-inspire-3x-oc-graficka-karta/oglas/25391927	2026-08-24T16:24:41Z	raw_txt/oglas_0786.txt	53	1108	b63a7e92a351395526bbdc532c3856fbffecb44d4d4b2c0ec0ea6b037329eab0
787	KupujemProdajem	GPU	kompjuteri desktop > graficke kartice	25815715	https://www.kupujemprodajem.com/kompjuteri-desktop/graficke-kartice/msi-geforce-rtx-5060-ti-8g-ventus-3x-oc-graficka-karta/oglas/25815715	2026-08-24T16:24:44Z	raw_txt/oglas_0787.txt	54	1066	34fbfad9351412840a691643f6863f0bad38591569b8b8cd20b25ece15af3150
788	KupujemProdajem	GPU	kompjuteri desktop > graficke kartice	76598197	https://www.kupujemprodajem.com/kompjuteri-desktop/graficke-kartice/msi-geforce-rtx-5070-12g-gaming-trio-oc-white-graficka-karta/oglas/76598197	2026-08-24T16:24:47Z	raw_txt/oglas_0788.txt	60	1115	5e3568341d5c99f36e6384dd8a5168825822be5d364f76bb471d8e71814f176f
789	KupujemProdajem	Laptop	kompjuteri laptop i tablet > laptopovi	115785045	https://www.kupujemprodajem.com/kompjuteri-laptop-i-tablet/laptopovi/dell-ultra-slim-ryzen-3-7320-8gb-ddr5-512nvme-bat-9h-120hz/oglas/115785045	2026-08-24T15:33:11Z	raw_txt/oglas_0789.txt	59	3589	0c9de39c3436e025a26fc5da8a13fc04e29763dc13f1b0367456d3aa026c17e9
790	KupujemProdajem	Laptop	kompjuteri laptop i tablet > laptopovi	122040406	https://www.kupujemprodajem.com/kompjuteri-laptop-i-tablet/laptopovi/dell-vostro-3510-i7-1165g7-16gb-ddr4-512gb-nvme-500gb-bat-4h/oglas/122040406	2026-08-24T15:33:12Z	raw_txt/oglas_0790.txt	60	4010	4c672bf66ba853084ee2bbdf82abb82e555ec31f4f03031ca04d4f15fcfe4560
791	KupujemProdajem	Laptop	kompjuteri laptop i tablet > laptopovi	135098814	https://www.kupujemprodajem.com/kompjuteri-laptop-i-tablet/laptopovi/lenovo-t570-fullhd-ips-nvme/oglas/135098814	2026-08-24T15:33:13Z	raw_txt/oglas_0791.txt	27	938	aaae635f621d8e85ebd8b0f7c3c04f5052797d276874a6efe371b61081805cac
792	KupujemProdajem	Laptop	kompjuteri laptop i tablet > laptopovi	137128065	https://www.kupujemprodajem.com/kompjuteri-laptop-i-tablet/laptopovi/prodaja-polovnih-laptopova-iz-uvoza/oglas/137128065	2026-08-24T16:09:47Z	raw_txt/oglas_0792.txt	35	342	00f2c0e00a6077edc43fafa10f9ac46fbba1cc556cd9d8d2838a169491aa9f5b
793	KupujemProdajem	Laptop	kompjuteri laptop i tablet > laptopovi	145910725	https://www.kupujemprodajem.com/kompjuteri-laptop-i-tablet/laptopovi/dell-latitude-5501-i7-9850h-6c-12t-16gb-nvme-512gb-mx150/oglas/145910725	2026-08-24T15:33:11Z	raw_txt/oglas_0793.txt	59	2015	8c851925168c32e3d59b2b4fe48858afe90327c5f437d62b95bdafd75da3ff2f
794	KupujemProdajem	Laptop	kompjuteri laptop i tablet > laptopovi	151982322	https://www.kupujemprodajem.com/kompjuteri-laptop-i-tablet/laptopovi/laptopovi-odmah-spremni-za-rad-garancija-12-meseci-novi-sad/oglas/151982322	2026-08-24T16:09:49Z	raw_txt/oglas_0794.txt	60	1888	b69dc2601295885a9a51ae34844715166420fa2b47a8cedaef4373709046d2ac
795	KupujemProdajem	Laptop	kompjuteri laptop i tablet > laptopovi	158669307	https://www.kupujemprodajem.com/kompjuteri-laptop-i-tablet/laptopovi/akcija-hp-x360-covertibile-15-inca-i5-8200u-8gb-ddr4-ram/oglas/158669307	2026-08-24T15:33:11Z	raw_txt/oglas_0795.txt	56	1138	298befb1a1484722e6e2bee7cf238c49e792f526179b719d199ab2fd3b3422bc
796	KupujemProdajem	Laptop	kompjuteri laptop i tablet > laptopovi	167373995	https://www.kupujemprodajem.com/kompjuteri-laptop-i-tablet/laptopovi/najveci-izbor-polovnih-laptopova/oglas/167373995	2026-08-24T16:10:04Z	raw_txt/oglas_0796.txt	32	215	c2c3357bdcbdae38b4c69844ebedece8cfcb40f39f56c4e50171b785864cc8c2
797	KupujemProdajem	Laptop	kompjuteri laptop i tablet > laptopovi	167442426	https://www.kupujemprodajem.com/kompjuteri-laptop-i-tablet/laptopovi/acer-v3-intel-i5-4gen-8-ssd-disk/oglas/167442426	2026-08-24T16:09:55Z	raw_txt/oglas_0797.txt	35	693	2871d7c0e632c0b6c68ac4a6d7d45f0fef3a74867c7d73fb416a214d7dc79339
798	KupujemProdajem	Laptop	kompjuteri laptop i tablet > laptopovi	172041626	https://www.kupujemprodajem.com/kompjuteri-laptop-i-tablet/laptopovi/laptop/oglas/172041626	2026-08-24T15:33:13Z	raw_txt/oglas_0798.txt	6	229	adc7c0d78d43a2f7b86f2d343766cd038baf3971e3f77e24fc88c220c143f91c
799	KupujemProdajem	Laptop	kompjuteri laptop i tablet > laptopovi	172598584	https://www.kupujemprodajem.com/kompjuteri-laptop-i-tablet/laptopovi/hp-omen-17-i7-8750h-16gb-256gb-nvme-1tb-uhd-630-17-3-fhd/oglas/172598584	2026-08-24T16:09:53Z	raw_txt/oglas_0799.txt	56	2569	e0b2650cb8c197bb0488c4d815e8fa416525669454576d0c5d799ecd7cf091f9
800	KupujemProdajem	Laptop	kompjuteri laptop i tablet > laptopovi	173329772	https://www.kupujemprodajem.com/kompjuteri-laptop-i-tablet/laptopovi/polovni-laptopovi-srbobran/oglas/173329772	2026-08-24T15:33:10Z	raw_txt/oglas_0800.txt	26	617	8262d73611eb68242452bb8cf911f65a67bbe2ee9f515cc3eca2f49ac9ec7ed5
801	KupujemProdajem	Laptop	kompjuteri laptop i tablet > laptopovi	173894244	https://www.kupujemprodajem.com/kompjuteri-laptop-i-tablet/laptopovi/laptop/oglas/173894244	2026-08-24T15:33:09Z	raw_txt/oglas_0801.txt	6	287	935f9a49671954133d94706606bf67a6d46dd61bd609d33f9fcd56612d00f41b
802	KupujemProdajem	Laptop	kompjuteri laptop i tablet > laptopovi	184393886	https://www.kupujemprodajem.com/kompjuteri-laptop-i-tablet/laptopovi/velika-rasprodaja-polovnih-laptopova-auto-skola/oglas/184393886	2026-08-24T15:33:10Z	raw_txt/oglas_0802.txt	47	1071	6eab8da2bfe44b1c77fb2a6bee87f21f9601009af42ba85e7f958d3524983e7f
803	KupujemProdajem	Laptop	kompjuteri laptop i tablet > laptopovi	186101863	https://www.kupujemprodajem.com/kompjuteri-laptop-i-tablet/laptopovi/laptop/oglas/186101863	2026-08-24T15:33:12Z	raw_txt/oglas_0803.txt	6	422	4840580928bbc6a7a9fd929de7e3c73bcd1f78b50535ffaa131f80851a21f530
804	KupujemProdajem	Laptop	kompjuteri laptop i tablet > laptopovi	186352478	https://www.kupujemprodajem.com/kompjuteri-laptop-i-tablet/laptopovi/akcija-dell-intel-i7-9850h-32gb-ddr4-512-ssd-14-fhd-win11/oglas/186352478	2026-08-24T15:33:11Z	raw_txt/oglas_0804.txt	60	882	988ff435710f9cb87aaff00ce364d055acae1bfef6f4ef5176b6058fe74a44b1
805	KupujemProdajem	Laptop	kompjuteri laptop i tablet > laptopovi	186572717	https://www.kupujemprodajem.com/kompjuteri-laptop-i-tablet/laptopovi/laptop/oglas/186572717	2026-08-24T15:33:10Z	raw_txt/oglas_0805.txt	6	398	230e58c1dcb3557c38ea3da89441c577a79dcd2ac4f68c0fc8cc396a2586642d
806	KupujemProdajem	Laptop	kompjuteri laptop i tablet > laptopovi	187087739	https://www.kupujemprodajem.com/kompjuteri-laptop-i-tablet/laptopovi/polovni-laptopovi-krusevac/oglas/187087739	2026-08-24T16:22:18Z	raw_txt/oglas_0806.txt	26	354	e40688229e73c609fb72debc8c5880987229fa353c91325e657243f267ec6db0
807	KupujemProdajem	Laptop	kompjuteri laptop i tablet > laptopovi	188001389	https://www.kupujemprodajem.com/kompjuteri-laptop-i-tablet/laptopovi/aspire-3-laptop-1tb-povoljno/oglas/188001389	2026-08-24T15:33:11Z	raw_txt/oglas_0807.txt	28	72	4522f64ba004298d1d5fd4effb1b93fbe946da3f96ed91e3d12ddf58ef7defa6
808	KupujemProdajem	Laptop	kompjuteri laptop i tablet > laptopovi	188206647	https://www.kupujemprodajem.com/kompjuteri-laptop-i-tablet/laptopovi/dell-7550-i7-10-te-gen-32gb-ddr4-512-nvme/oglas/188206647	2026-08-24T15:33:12Z	raw_txt/oglas_0808.txt	42	2345	1e9703b7b81816a3a7242a024bf86bdca6d8d547338990770a76c97aed125af4
809	KupujemProdajem	Laptop	kompjuteri laptop i tablet > laptopovi	188308514	https://www.kupujemprodajem.com/kompjuteri-laptop-i-tablet/laptopovi/laptopovi-razni/oglas/188308514	2026-08-24T16:10:05Z	raw_txt/oglas_0809.txt	15	926	f8c97d3dc55f78d065475bf095eb3fa7c58b3ea6cfcd1569cb60a8fc73df3ede
810	KupujemProdajem	Laptop	kompjuteri laptop i tablet > laptopovi	188710520	https://www.kupujemprodajem.com/kompjuteri-laptop-i-tablet/laptopovi/polovni-laptopovi-iz-uvoza-6meseci-garancije/oglas/188710520	2026-08-24T15:33:12Z	raw_txt/oglas_0810.txt	45	255	f8e3258e974c7f3f27968488347b217814eeca79d661772e950a0fc4626ce5cd
811	KupujemProdajem	Laptop	kompjuteri laptop i tablet > laptopovi	189762930	https://www.kupujemprodajem.com/kompjuteri-laptop-i-tablet/laptopovi/dell-latitude-5510-16-32-gb-samsung-nvme-980-garanc/oglas/189762930	2026-08-24T16:22:18Z	raw_txt/oglas_0811.txt	52	1986	197f1e0f208c47e558a9da2078dbadf41cd8ecdff026148080a434372375dc05
812	KupujemProdajem	Laptop	kompjuteri laptop i tablet > laptopovi	191827509	https://www.kupujemprodajem.com/kompjuteri-laptop-i-tablet/laptopovi/lenovo-thinkpad-t490-i7-8665u-16gb-ddr4-512gb-ssd-nvme/oglas/191827509	2026-08-24T16:22:15Z	raw_txt/oglas_0812.txt	54	1185	2754f953cf8a186022984d145a1c662580e111955ba527d1928ec1d8188e0f0f
813	KupujemProdajem	Laptop	kompjuteri laptop i tablet > laptopovi	192131014	https://www.kupujemprodajem.com/kompjuteri-laptop-i-tablet/laptopovi/2520742-laptop-acer-aspire-15-a-15-51-m-96-sk-fhd-ips-i-9/oglas/192131014	2026-08-24T15:33:08Z	raw_txt/oglas_0813.txt	60	1376	9b0b6e6d40c03e6594d49ae93785b10cc5d114136d2ced87f35db53725e5f018
814	KupujemProdajem	Laptop	kompjuteri laptop i tablet > laptopovi	192208041	https://www.kupujemprodajem.com/kompjuteri-laptop-i-tablet/laptopovi/lenovo-13th-i3-1315u-40gb-ddr4-ram-1tb-nvme-ssd/oglas/192208041	2026-08-24T15:33:09Z	raw_txt/oglas_0814.txt	51	444	53769f72beb5243680b9e27144499051660d6f478b7f84a3a3c7b7ba5314441a
815	KupujemProdajem	Laptop	kompjuteri laptop i tablet > laptopovi	192695902	https://www.kupujemprodajem.com/kompjuteri-laptop-i-tablet/laptopovi/acer-aspire-a315-41-amd-ryzen-5-2500u-2-00ghz-8gb-ddr4-ram/oglas/192695902	2026-08-24T15:33:12Z	raw_txt/oglas_0815.txt	58	180	124da3db08e8f247cace8627eeaabee77b83237fd8f9c4f4c9cb698fc74453f1
816	KupujemProdajem	Laptop	kompjuteri laptop i tablet > laptopovi	193058009	https://www.kupujemprodajem.com/kompjuteri-laptop-i-tablet/laptopovi/polovan-laptop-lenovo-v15-ada/oglas/193058009	2026-08-24T16:09:48Z	raw_txt/oglas_0816.txt	29	858	ed047d01e05b910d3b608694e23929550c3cf29a9f29a76a1e69efe923dd7ddf
817	KupujemProdajem	Laptop	kompjuteri laptop i tablet > laptopovi	193482800	https://www.kupujemprodajem.com/kompjuteri-laptop-i-tablet/laptopovi/akcija-dell-precision-7550-i7-10750h-ram32gb-ssd512gb/oglas/193482800	2026-08-24T16:22:07Z	raw_txt/oglas_0817.txt	54	1307	b6b8a2131760e472ba856bd64de87b9a0cccb0e55655f66a50719b67edd36aba
818	KupujemProdajem	Laptop	kompjuteri laptop i tablet > laptopovi	193644063	https://www.kupujemprodajem.com/kompjuteri-laptop-i-tablet/laptopovi/laptopovi-i-racunari-na-prodaju-polovni-sa-garancijom-12/oglas/193644063	2026-08-24T16:09:51Z	raw_txt/oglas_0818.txt	56	224	b2a875c97d837b010ce78a7e3d9f6357ca0ea5f8c481d2de6322f0aa84e157cf
819	KupujemProdajem	Laptop	kompjuteri laptop i tablet > laptopovi	193644537	https://www.kupujemprodajem.com/kompjuteri-laptop-i-tablet/laptopovi/prodaja-i-zamena-laptopova-otkup-polovnih-racunara/oglas/193644537	2026-08-24T16:09:59Z	raw_txt/oglas_0819.txt	52	114	bfb71f6c4d7a144bd900c50e8413f0c07bca244e61097074377a32e470c079c1
820	KupujemProdajem	Laptop	kompjuteri laptop i tablet > laptopovi	193671864	https://www.kupujemprodajem.com/kompjuteri-laptop-i-tablet/laptopovi/hp-15s-laptop-intel-i7-1065g7-16gb-ssd-nvme-100-bat-100/oglas/193671864	2026-08-24T15:33:10Z	raw_txt/oglas_0820.txt	60	3406	077f8bc54a55647fe6da936e843f40b5f17c802efade434bd02f80ede658eb37
821	KupujemProdajem	Laptop	kompjuteri laptop i tablet > laptopovi	193932699	https://www.kupujemprodajem.com/kompjuteri-laptop-i-tablet/laptopovi/lenovo-thinkpad-t580-i5-8250u-16gb-ddr4-nvme-256gb-win11/oglas/193932699	2026-08-24T16:09:50Z	raw_txt/oglas_0821.txt	59	1074	e24155df2ce8f13877393ece7139f82b56ee285082d9c4ba461cbd8fae2d9416
822	KupujemProdajem	Laptop	kompjuteri laptop i tablet > laptopovi	194159633	https://www.kupujemprodajem.com/kompjuteri-laptop-i-tablet/laptopovi/laptopovi/oglas/194159633	2026-08-24T15:33:10Z	raw_txt/oglas_0822.txt	9	94	1fc58929df43306f08d6bc5dabae5ba9e8fe7e17cb1a5ab2948b5e4db2a52079
823	KupujemProdajem	Laptop	kompjuteri laptop i tablet > laptopovi	194181563	https://www.kupujemprodajem.com/kompjuteri-laptop-i-tablet/laptopovi/acer-aspire-3-a315-15-6-fhd-ryzen-3-3250u-8gb-256gb-nvme-rad/oglas/194181563	2026-08-24T15:33:10Z	raw_txt/oglas_0823.txt	60	1608	e890ae194fcb593c106fdd315fe862b6bc28253d602fd9467971234f45fc1bfd
824	KupujemProdajem	Laptop	kompjuteri laptop i tablet > laptopovi	194419834	https://www.kupujemprodajem.com/kompjuteri-laptop-i-tablet/laptopovi/polovni-lenovo-i-dell-laptopovi-testirani-i-ispravni/oglas/194419834	2026-08-24T16:10:03Z	raw_txt/oglas_0824.txt	54	1895	4ded42ad4ac56c9aff4ad6c2807a61a06e7292a0f82b8be84f0fea3471ba277c
825	KupujemProdajem	Laptop	kompjuteri laptop i tablet > laptopovi	194562521	https://www.kupujemprodajem.com/kompjuteri-laptop-i-tablet/laptopovi/laptop/oglas/194562521	2026-08-24T15:33:10Z	raw_txt/oglas_0825.txt	6	115	cb353841219a2a5fa1e41949495218dd21cb686e1e46ec34baf33c98e2d42828
826	KupujemProdajem	Laptop	kompjuteri laptop i tablet > laptopovi	194579204	https://www.kupujemprodajem.com/kompjuteri-laptop-i-tablet/laptopovi/laptop/oglas/194579204	2026-08-24T16:10:00Z	raw_txt/oglas_0826.txt	6	11	84f8fbdc536bf8c76ecd53a6ce0f65f310c69b3d2a4a3479b6a6c88c194c39f8
827	KupujemProdajem	Laptop	kompjuteri laptop i tablet > laptopovi	194598244	https://www.kupujemprodajem.com/kompjuteri-laptop-i-tablet/laptopovi/laptop/oglas/194598244	2026-08-24T16:09:58Z	raw_txt/oglas_0827.txt	6	67	8ad3fd1b0fc684d83338b353f756d05abc1b21e733121facff17ce5453b709f9
828	KupujemProdajem	Laptop	kompjuteri laptop i tablet > laptopovi	194699186	https://www.kupujemprodajem.com/kompjuteri-laptop-i-tablet/laptopovi/laptop/oglas/194699186	2026-08-24T15:33:13Z	raw_txt/oglas_0828.txt	6	64	b2d4187a4c3d8f5bb3ddbe32c7de2387c3c82a773f3ffb9c1d57bb1595f0231c
829	KupujemProdajem	Laptop	kompjuteri laptop i tablet > laptopovi	194773915	https://www.kupujemprodajem.com/kompjuteri-laptop-i-tablet/laptopovi/laptop/oglas/194773915	2026-08-24T15:33:12Z	raw_txt/oglas_0829.txt	6	123	2304ad148e8850612c1fad01d746ab6e8d4e7edfed16496499e09c5fb5a102e7
830	KupujemProdajem	Laptop	kompjuteri laptop i tablet > laptopovi	194784668	https://www.kupujemprodajem.com/kompjuteri-laptop-i-tablet/laptopovi/polovan-laptop-hp-zbook-15-g1/oglas/194784668	2026-08-24T15:33:09Z	raw_txt/oglas_0830.txt	29	966	ec127c2e1a6cf1dfcc2b58477d9edb959d2fd10257d030a0c3b3f5dc634b9cde
831	KupujemProdajem	Laptop	kompjuteri laptop i tablet > laptopovi	194816145	https://www.kupujemprodajem.com/kompjuteri-laptop-i-tablet/laptopovi/hp-pavilion-dv6-intel-core-i5-procesor-ssd-amd-radeon/oglas/194816145	2026-08-24T15:33:11Z	raw_txt/oglas_0831.txt	55	1039	76341e0a52a2ae4ead1cb85a257a75e91fb62ca17a02214afe454f99bd77a2cc
832	KupujemProdajem	Laptop	kompjuteri laptop i tablet > laptopovi	27443568	https://www.kupujemprodajem.com/kompjuteri-laptop-i-tablet/laptopovi/premium-klasa-hp-lenovo-dell-garancija-6-mes-top-computers/oglas/27443568	2026-08-24T16:09:54Z	raw_txt/oglas_0832.txt	58	2178	c41ed0db204ec3ce508a6aefd872a4ad42ce5e0b2d53e9faf765bf621ea89cb2
833	KupujemProdajem	Laptop	kompjuteri laptop i tablet > laptopovi	48476981	https://www.kupujemprodajem.com/kompjuteri-laptop-i-tablet/laptopovi/polovni-laptopovi-novi-sad-XXXXXXXXX/oglas/48476981	2026-08-24T15:33:12Z	raw_txt/oglas_0833.txt	36	3053	9d0c6acef338fe3854cad0ac08a892144c661a0cfce2f5f01c0871926be2d110
834	KupujemProdajem	Matična ploča	kompjuteri laptop i tablet > laptopovi maticne ploce	172717616	https://www.kupujemprodajem.com/kompjuteri-laptop-i-tablet/laptopovi-maticne-ploce/maticna-ploca-za-asus-x53u-k53u-a53u-ispravna-garancija/oglas/172717616	2026-08-24T16:28:16Z	raw_txt/oglas_0834.txt	57	564	9e49543398007814067d5ce144ff93989840d8e31b90bb6efc97489fb3aa5423
835	KupujemProdajem	Matična ploča	kompjuteri desktop > maticne ploce	179574664	https://www.kupujemprodajem.com/kompjuteri-desktop/maticne-ploce/asus-rog-strix-b550-a-gaming-motherboard-socket-am4/oglas/179574664	2026-08-24T16:28:18Z	raw_txt/oglas_0835.txt	51	617	860eb272b99dc512fea2fbc99c6da680061dc01d132f7548d0200b95365b8ea3
836	KupujemProdajem	Matična ploča	kompjuteri desktop > maticne ploce	179604403	https://www.kupujemprodajem.com/kompjuteri-desktop/maticne-ploce/gigabyte-b650m-aorus-elite-ax-ice-motherboard-socket-am5/oglas/179604403	2026-08-24T16:28:16Z	raw_txt/oglas_0836.txt	56	693	943e9b7fce54cda5b1452a93d3acdb7525fd00fe231f5a9978df05b1d7f507be
837	KupujemProdajem	Matična ploča	kompjuteri desktop > maticne ploce	179605574	https://www.kupujemprodajem.com/kompjuteri-desktop/maticne-ploce/msi-pro-b850-p-wifi-motherboard-socket-am5/oglas/179605574	2026-08-24T16:28:16Z	raw_txt/oglas_0837.txt	42	673	787123832667e892676c685147284e353295b23fcdb855288031724c1c9e5cec
838	KupujemProdajem	Matična ploča	kompjuteri desktop > maticne ploce	179646739	https://www.kupujemprodajem.com/kompjuteri-desktop/maticne-ploce/gigabyte-b650e-aorus-elite-x-ice-motherboard-socket-am5/oglas/179646739	2026-08-24T16:28:18Z	raw_txt/oglas_0838.txt	55	687	9c2cfa8e432753274111ce2a2da947db149cb688be6e7c6aa153b22a25e7ad98
839	KupujemProdajem	Matična ploča	kompjuteri desktop > maticne ploce	179687774	https://www.kupujemprodajem.com/kompjuteri-desktop/maticne-ploce/asrock-x870e-taichi-motherboard-socket-am5/oglas/179687774	2026-08-24T16:28:16Z	raw_txt/oglas_0839.txt	42	676	469c9f2003a0bdcdde17d8df174c9551bcf479d68237d59c77007a962dfd53bd
840	KupujemProdajem	Matična ploča	kompjuteri desktop > maticne ploce	187594273	https://www.kupujemprodajem.com/kompjuteri-desktop/maticne-ploce/maticna-ploca-am4-asus-prime-a520m-k-vga-hdmi-m-2/oglas/187594273	2026-08-24T16:28:21Z	raw_txt/oglas_0840.txt	49	3562	19c21cc2ef3596b093ba735bea969959c354743dc146992f7fa0937f93e91ac2
841	KupujemProdajem	Monitor	kompjuteri desktop > monitori	138879558	https://www.kupujemprodajem.com/kompjuteri-desktop/monitori/aoc-24g2u-bk/oglas/138879558	2026-08-24T16:44:31Z	raw_txt/oglas_0841.txt	12	1064	6f2e640d080ebe45e29c669e9b651c51db44438c399038005c54f5528494e4fb
842	KupujemProdajem	Monitor	kompjuteri desktop > monitori	143402017	https://www.kupujemprodajem.com/kompjuteri-desktop/monitori/monitor-dell-oem-27-inch-s2725h-100hz-ips/oglas/143402017	2026-08-24T16:42:30Z	raw_txt/oglas_0842.txt	41	3030	abf038b666b4469b63a02933ce9c60564dcb43d4d6d8a9d7e7411fdc699310b3
843	KupujemProdajem	Monitor	kompjuteri desktop > monitori	145493338	https://www.kupujemprodajem.com/kompjuteri-desktop/monitori/lenovo-monitor-23-1920x1080-60hz-4ms-thinkvision-t24i-2l/oglas/145493338	2026-08-24T16:44:33Z	raw_txt/oglas_0843.txt	57	857	15a76f25a00e62a36d017c6b9dd29c2da06632096a99186cb307603be18d658b
844	KupujemProdajem	Monitor	kompjuteri desktop > monitori	148750121	https://www.kupujemprodajem.com/kompjuteri-desktop/monitori/7-monitor-za-kamione-lcd-monitor/oglas/148750121	2026-08-24T16:24:31Z	raw_txt/oglas_0844.txt	33	725	f26f5a1a03d493e2424a4ce4f3c7736c6ba7e795c9d43eeac965753e8b1ce80a
845	KupujemProdajem	Monitor	kompjuteri desktop > monitori	148750393	https://www.kupujemprodajem.com/kompjuteri-desktop/monitori/10-monitor-za-kamione-lcd-monitor/oglas/148750393	2026-08-24T16:24:22Z	raw_txt/oglas_0845.txt	34	717	7a17c737c11af087e411396d414b9027364b62acb9617ca4f26e55c30f678b31
846	KupujemProdajem	Monitor	kompjuteri desktop > monitori	148750520	https://www.kupujemprodajem.com/kompjuteri-desktop/monitori/lcd-tft-monitor-10-lcd-lcd-lcd-monitor/oglas/148750520	2026-08-24T16:24:16Z	raw_txt/oglas_0846.txt	39	717	d5d4a69fd220b54f6079d23c256087a242f57db4710d058ac79b75c4611e06d0
847	KupujemProdajem	Monitor	kompjuteri desktop > monitori	150126396	https://www.kupujemprodajem.com/kompjuteri-desktop/monitori/dell-monitori-14-17-23-8-24-1-27-31-5-34-49-55/oglas/150126396	2026-08-24T16:44:27Z	raw_txt/oglas_0847.txt	55	4936	96b06561d3aedb89c083a97147f1ce597a5043e80ca19a28e2a3ee2eec793d67
848	KupujemProdajem	Monitor	kompjuteri desktop > monitori	150293019	https://www.kupujemprodajem.com/kompjuteri-desktop/monitori/lcd-monitor-7-lcd-monitor-preporuka-lcd-monitor-lcd-monitor/oglas/150293019	2026-08-24T16:24:13Z	raw_txt/oglas_0848.txt	60	712	00bd4f133bc81ab594b728c02b1b0bf402e7a95e5a9e3d9377b9ac86385ca14a
849	KupujemProdajem	Monitor	kompjuteri desktop > monitori	151873593	https://www.kupujemprodajem.com/kompjuteri-desktop/monitori/monitor-philips-243v7qdsb-00-23-8-ips-1920x1080/oglas/151873593	2026-08-24T16:44:31Z	raw_txt/oglas_0849.txt	47	2016	8dd12d4865ea71b4c6513b4410a5537b6fef07402127b7bdcd19bf63ed09e097
850	KupujemProdajem	Monitor	kompjuteri desktop > monitori	159931683	https://www.kupujemprodajem.com/kompjuteri-desktop/monitori/samsung-odyssey-g5-32-lc32g55tqbuxen/oglas/159931683	2026-08-24T16:44:25Z	raw_txt/oglas_0850.txt	37	873	3864a5d45e85ac5f01c8c8ca817fd553c5356cbc4fff8177f3aedecdeb25e694
851	KupujemProdajem	Monitor	kompjuteri desktop > monitori	164225481	https://www.kupujemprodajem.com/kompjuteri-desktop/monitori/prestigio-17-p1710-lcd-monitor/oglas/164225481	2026-08-24T16:24:34Z	raw_txt/oglas_0851.txt	31	945	26ddd1a337bcdf12d413b4a905b7b13e7ec61e336bdc2367585a2b3549068db8
852	KupujemProdajem	Monitor	kompjuteri desktop > monitori	165752129	https://www.kupujemprodajem.com/kompjuteri-desktop/monitori/lg-flatron-l1942pm-48-cm-lcd-monitor-19-inca-led-panel-9a/oglas/165752129	2026-08-24T16:24:22Z	raw_txt/oglas_0852.txt	57	1229	bb035130f1a957ddfb409c1253d748b3463e0b438f9cebc37c4ad4d898618555
853	KupujemProdajem	Monitor	kompjuteri desktop > monitori	174354234	https://www.kupujemprodajem.com/kompjuteri-desktop/monitori/gigabyte-m27up-monitor/oglas/174354234	2026-08-24T16:44:37Z	raw_txt/oglas_0853.txt	22	1081	cf3d242de17113c760225a01746ecf6834f3ab4b02444b2ac24d0b2e114e610d
854	KupujemProdajem	Monitor	kompjuteri desktop > monitori	177528771	https://www.kupujemprodajem.com/kompjuteri-desktop/monitori/displayport-za-2-racunala-3-monitora-ckl-623dp1-4-8k-60hz-4k/oglas/177528771	2026-08-24T16:24:26Z	raw_txt/oglas_0854.txt	60	4142	de184dc485a7556b81a786a6efa4c566036bdaf15a4c512fcdfabf4b7dddd841
855	KupujemProdajem	Monitor	kompjuteri desktop > monitori	179829775	https://www.kupujemprodajem.com/kompjuteri-desktop/monitori/lenovo-thinkvision-t24d-30/oglas/179829775	2026-08-24T16:44:37Z	raw_txt/oglas_0855.txt	26	947	3feefe779ec1dfb930b956347e988488d34fd46c83e20559a7806293ff4cf736
856	KupujemProdajem	Monitor	kompjuteri desktop > monitori	179886116	https://www.kupujemprodajem.com/kompjuteri-desktop/monitori/hp-e24-g4-office-monitor-ips-panel-height-adjustment-5ms/oglas/179886116	2026-08-24T16:44:33Z	raw_txt/oglas_0856.txt	60	789	812829a5733b573c6e65590ce15c477a87bc72c9e3d52a93e1388c55be8077ab
857	KupujemProdajem	Monitor	kompjuteri desktop > monitori	184690988	https://www.kupujemprodajem.com/kompjuteri-desktop/monitori/samsung-monitor-32-odyssey-g5-ls32dg500euxen/oglas/184690988	2026-08-24T16:44:25Z	raw_txt/oglas_0857.txt	45	1132	3e8d87ca53c019dfa4590b3bd90e2061abe26cf26bd4ae7aebdc164fc97aefe4
858	KupujemProdajem	Monitor	kompjuteri desktop > monitori	188833225	https://www.kupujemprodajem.com/kompjuteri-desktop/monitori/monitori-27inca-samsung-dell-hp-benq-acer-asus-philips-lenov/oglas/188833225	2026-08-24T16:44:29Z	raw_txt/oglas_0858.txt	60	2236	fd06b88ee60385c1ada07666fe1452328ae7ce38c1476029ebea0d8e44dfe6a2
859	KupujemProdajem	Monitor	kompjuteri desktop > monitori	189195307	https://www.kupujemprodajem.com/kompjuteri-desktop/monitori/gejmerski-monitor-27-165hz-1-ms-aoc-27g2sae-bk/oglas/189195307	2026-08-24T16:44:29Z	raw_txt/oglas_0859.txt	47	1528	ebfccb582837d1390ef5844d2f82b62aeb6ac78a9f08718a19fc9afa781afd92
860	KupujemProdajem	Monitor	kompjuteri desktop > monitori	189309420	https://www.kupujemprodajem.com/kompjuteri-desktop/monitori/samsung-led-monitor-24-full-hd/oglas/189309420	2026-08-24T16:42:32Z	raw_txt/oglas_0860.txt	31	780	c4f9f939765ffba2ca66b7813316fcedbc0b03c436ad25c2eedb85e25f8c8ab1
861	KupujemProdajem	Monitor	kompjuteri desktop > monitori	189748459	https://www.kupujemprodajem.com/kompjuteri-desktop/monitori/dell-p2419h-24-inca-full-hd-ips/oglas/189748459	2026-08-24T16:44:23Z	raw_txt/oglas_0861.txt	33	2299	72e406a90400576cc33751b88a1953ae7839be52aa9b904ecd3847c2baa3a7cf
862	KupujemProdajem	Monitor	kompjuteri desktop > monitori	189915903	https://www.kupujemprodajem.com/kompjuteri-desktop/monitori/monitor-lenovo-thinkvision-t24d-30/oglas/189915903	2026-08-24T16:44:37Z	raw_txt/oglas_0862.txt	34	934	ab125db1fc6f6294fc7a9b8f666e211d8fd0b2ffdddae3c1594df86b60c6467e
863	KupujemProdajem	Monitor	kompjuteri desktop > monitori	191234863	https://www.kupujemprodajem.com/kompjuteri-desktop/monitori/lenovo-thinkvision-t24d-10-24-1920x1200/oglas/191234863	2026-08-24T16:44:37Z	raw_txt/oglas_0863.txt	44	458	3b3e529224c6f38df530e4c656cb00e9bd7ae2fe74b46bfbbdd1f11e59536dde
864	KupujemProdajem	Monitor	kompjuteri desktop > monitori	192186537	https://www.kupujemprodajem.com/kompjuteri-desktop/monitori/7-incni-monitor-12v-220v-monitor-tft-lcd-monitor/oglas/192186537	2026-08-24T16:24:10Z	raw_txt/oglas_0864.txt	49	1082	b85bfc2d6021d563fe7dba9c91cb36008dc9642b3a53726b0e536a581ba3d458
865	KupujemProdajem	Monitor	kompjuteri desktop > monitori	193958978	https://www.kupujemprodajem.com/kompjuteri-desktop/monitori/philips-monitor-243v7qdsb-00-23-8-fhd-ips-75-hz/oglas/193958978	2026-08-24T16:44:31Z	raw_txt/oglas_0865.txt	48	463	3adb7dbdc65b449460767fe81580c937dd337ff6dc25ab44e03d575c0739136e
866	KupujemProdajem	Napajanje	kompjuteri desktop > napajanja	161938874	https://www.kupujemprodajem.com/kompjuteri-desktop/napajanja/napajanja-za-kucne-racunare-atx-2-0-300w/oglas/161938874	2026-08-24T16:28:39Z	raw_txt/oglas_0866.txt	40	921	79eb0188c406b2dd483f76fb43f0d48042b58e1e37f1a83bcd9ded2f1988ed6a
867	KupujemProdajem	Napajanje	kompjuteri desktop > napajanja	190477147	https://www.kupujemprodajem.com/kompjuteri-desktop/napajanja/montech-century-ii-1200w-atx-psu-1200w/oglas/190477147	2026-08-24T16:28:48Z	raw_txt/oglas_0867.txt	38	617	53a71735c44bbe15c8b5ae8774e2995a64f206cbec710629a9879f575338b954
868	KupujemProdajem	Napajanje	kompjuteri desktop > napajanja	190595219	https://www.kupujemprodajem.com/kompjuteri-desktop/napajanja/apnx-deluxe-g1-850w-atx-80-plus-gold-psu-black-appg-d185fec/oglas/190595219	2026-08-24T16:28:42Z	raw_txt/oglas_0868.txt	60	697	055c048ac8c396dcbd57d8c8ccf7906d04366c24dd6952e5096ed08ce07fdfb7
869	KupujemProdajem	Napajanje	kompjuteri desktop > napajanja	190872951	https://www.kupujemprodajem.com/kompjuteri-desktop/napajanja/fsp-cannon-pro-2500w-80-plus-platinum-atx-psu-ppa25a0102/oglas/190872951	2026-08-24T16:28:45Z	raw_txt/oglas_0869.txt	56	811	807def27be56f291647ff486f31b742d15e33c2556569265df3c9a16b768fbdd
870	KupujemProdajem	Napajanje	kompjuteri desktop > napajanja	190883882	https://www.kupujemprodajem.com/kompjuteri-desktop/napajanja/apnx-deluxe-g1-850w-atx-80-plus-gold-psu-black-appg-d185fec/oglas/190883882	2026-08-24T16:28:24Z	raw_txt/oglas_0870.txt	60	812	ab5be8953bb205d50a26a12b07800483e511baf008a2e63561e5c8f5c283b6c6
871	KupujemProdajem	RAM	kompjuteri desktop > ram memorije	129780465	https://www.kupujemprodajem.com/kompjuteri-desktop/ram-memorije/samsung-ddr4-ram-memorija-8gb-pc4-2133p-m393a1g40eb1-cpb3q/oglas/129780465	2026-08-24T16:25:26Z	raw_txt/oglas_0871.txt	58	1689	c22ff60db7544131f6a21f26be37e79878eea6bc877de49d58e87c8d452a7d11
872	KupujemProdajem	RAM	kompjuteri desktop > ram memorije	145280750	https://www.kupujemprodajem.com/kompjuteri-desktop/ram-memorije/ram-memorija-2x2gb-ddr2-800mhz-pc2-6400u-cl6/oglas/145280750	2026-08-24T16:25:39Z	raw_txt/oglas_0872.txt	44	38	cdb1b4a49f0fa9f7fb9c635929f46da05af4aa70b8d7e77fa0bfd22bca933c34
873	KupujemProdajem	RAM	kompjuteri desktop > ram memorije	150684456	https://www.kupujemprodajem.com/kompjuteri-desktop/ram-memorije/ram-memorija-kingston-16gb-ddr4-2666mhz/oglas/150684456	2026-08-24T16:25:20Z	raw_txt/oglas_0873.txt	39	389	cf1893fba4f5db34f57e174b2080e49a9c794c2e7a6ebabfd9397156822129c4
874	KupujemProdajem	RAM	kompjuteri desktop > ram memorije	151088062	https://www.kupujemprodajem.com/kompjuteri-desktop/ram-memorije/4gb-8gb-16gb-32gb-ddr3-ddr4-ddr5-za-racunare-i-laptopove/oglas/151088062	2026-08-24T16:25:43Z	raw_txt/oglas_0874.txt	59	1251	7c1d141eebd6045b02388e06d1ecea18b330041a391e1f3190d32a9cba3ad1c3
875	KupujemProdajem	RAM	kompjuteri laptop i tablet > laptopovi memorije	151984759	https://www.kupujemprodajem.com/kompjuteri-laptop-i-tablet/laptopovi-memorije/ram-memorije-za-laptop-4gb-8gb-16gb-32gb-ddr3-ddr4-ddr5/oglas/151984759	2026-08-24T16:25:23Z	raw_txt/oglas_0875.txt	55	939	b55ceb68b2e19d4c14c36a3c0f6af9fa99f5120cc518e5d7b8dc81693b6974f9
876	KupujemProdajem	RAM	kompjuteri desktop > ram memorije	164351456	https://www.kupujemprodajem.com/kompjuteri-desktop/ram-memorije/ramaxel-ddr3-ram-memorija-4gb-pc3-10600u-rmr187ec58e9f-1333/oglas/164351456	2026-08-24T16:25:43Z	raw_txt/oglas_0876.txt	59	1335	54e00d80ffdb765e8a7268bdbbfafd9497694801ba5c82a3312a22cc7e884798
877	KupujemProdajem	RAM	kompjuteri laptop i tablet > laptopovi memorije	169638755	https://www.kupujemprodajem.com/kompjuteri-laptop-i-tablet/laptopovi-memorije/16gb-ddr4-pc4-3200mhz-3200aa-ram-sk-hynix-m32/oglas/169638755	2026-08-24T16:25:17Z	raw_txt/oglas_0877.txt	46	80	8a7104caf7f657ad31ae9111076bd4a7008b6e3a51e29cd11b5c265718bf6eae
878	KupujemProdajem	RAM	kompjuteri desktop > ram memorije	169665049	https://www.kupujemprodajem.com/kompjuteri-desktop/ram-memorije/ram-memorija-4gb-8gb-16gb-32gb-ddr3-ddr4-ddr5/oglas/169665049	2026-08-24T16:25:26Z	raw_txt/oglas_0878.txt	45	891	887cb3c99d839f6e0ac637bde7c4b464ea947d6baa0e7a4e8cc8a438566197a4
879	KupujemProdajem	RAM	kompjuteri laptop i tablet > laptopovi memorije	187359533	https://www.kupujemprodajem.com/kompjuteri-laptop-i-tablet/laptopovi-memorije/16gb-ddr5-micron-5600mhz-nekoriscena-na-stanju/oglas/187359533	2026-08-24T16:25:26Z	raw_txt/oglas_0879.txt	46	289	5772d5a7a7ee9965c530ac6f1334e91664c733e0136fe2e1d0839b83896e615f
880	KupujemProdajem	RAM	kompjuteri desktop > ram memorije	187582058	https://www.kupujemprodajem.com/kompjuteri-desktop/ram-memorije/ram-memorija-kingston-kf432c16bb1k2-32-ddr4-2x16gb-3200mhz/oglas/187582058	2026-08-24T16:25:29Z	raw_txt/oglas_0880.txt	58	1450	3436aa161ac7636b40123d91474297b83143f9575cb2cca3813eb88fa837f37d
881	KupujemProdajem	RAM	kompjuteri desktop > ram memorije	187582252	https://www.kupujemprodajem.com/kompjuteri-desktop/ram-memorije/ram-memorija-patriot-psd38g16002-ddr3-8gb-1600mhz/oglas/187582252	2026-08-24T16:25:39Z	raw_txt/oglas_0881.txt	50	798	278ef636a24491d31e963fec4524be2e933d39840ba9295b8ac5a6f0bd11c705
882	KupujemProdajem	RAM	kompjuteri laptop i tablet > laptopovi memorije	187692701	https://www.kupujemprodajem.com/kompjuteri-laptop-i-tablet/laptopovi-memorije/8gb-ddr3l-pc3l-1600mhz-12800s-1-35v-ram-laptop-kingston-m25/oglas/187692701	2026-08-24T16:25:32Z	raw_txt/oglas_0882.txt	60	19	72a5244d0d7083bb183a6312646e7aefb0f9379000f5bb427b1f6c2eb9102c56
883	KupujemProdajem	RAM	kompjuteri desktop > ram memorije	188529830	https://www.kupujemprodajem.com/kompjuteri-desktop/ram-memorije/ram-memorija-kingston-fb-kf552c40bb-8-8gb-ddr5-5200mhz/oglas/188529830	2026-08-24T16:25:43Z	raw_txt/oglas_0883.txt	55	1109	2b14e38f4de0247ffb22c27ec930223022b5d68cd2620aa09ec9385c9d20156e
884	KupujemProdajem	RAM	kompjuteri desktop > ram memorije	188860385	https://www.kupujemprodajem.com/kompjuteri-desktop/ram-memorije/ram-memorije/oglas/188860385	2026-08-24T16:25:43Z	raw_txt/oglas_0884.txt	12	28	ea0800cfed6ade8d1cd4e7a9fd385c85a74ae1b8a29ed8b711def0cec51e2172
885	KupujemProdajem	RAM	kompjuteri desktop > ram memorije	189576897	https://www.kupujemprodajem.com/kompjuteri-desktop/ram-memorije/2x32gb-64gb-3600mhz-kingston-fury-ddr4-ram/oglas/189576897	2026-08-24T16:25:20Z	raw_txt/oglas_0885.txt	42	83	258ae79d8316bee21fae2f21545610717d689746df4330792887d55c2c614774
886	KupujemProdajem	RAM	kompjuteri desktop > ram memorije	190591936	https://www.kupujemprodajem.com/kompjuteri-desktop/ram-memorije/synology-ddr4-ram-16gb-2666mhz-dimm-ecc-registered-green-d4e/oglas/190591936	2026-08-24T16:25:23Z	raw_txt/oglas_0886.txt	60	530	186436c5c8da8c6546f74899fe9accc8907d29e41c06eae521ae436aa5eccb49
887	KupujemProdajem	RAM	kompjuteri desktop > ram memorije	190671287	https://www.kupujemprodajem.com/kompjuteri-desktop/ram-memorije/8gb-4gb-ddr4-ram-memorije/oglas/190671287	2026-08-24T16:25:17Z	raw_txt/oglas_0887.txt	25	557	8937ad0a4b829ca8b25b7d9fd9bba20a18a4f7f6201d943619242468b212e845
888	KupujemProdajem	RAM	kompjuteri desktop > ram memorije	192150271	https://www.kupujemprodajem.com/kompjuteri-desktop/ram-memorije/ram-memorija-kingston-fury-8gb-ddr4/oglas/192150271	2026-08-24T16:25:32Z	raw_txt/oglas_0888.txt	35	144	7d9ff4c9d63f182d7f006d16eb2f4409e7559c60accb9f4185728b2f3e01bde2
889	KupujemProdajem	RAM	kompjuteri desktop > ram memorije	192719579	https://www.kupujemprodajem.com/kompjuteri-desktop/ram-memorije/ram-memorija-kingston-hyperx-8gb-ddr3-1600mhz-cl10-1-5v/oglas/192719579	2026-08-24T16:25:39Z	raw_txt/oglas_0889.txt	55	1241	b685da671d050d05e0b1e8a8ac0f054e1a50c348073b29190ca7d73cf0e317f2
890	KupujemProdajem	RAM	kompjuteri laptop i tablet > laptopovi memorije	193254237	https://www.kupujemprodajem.com/kompjuteri-laptop-i-tablet/laptopovi-memorije/ram-memorija-ddr4-16gb-samsung-micron-ramaxel/oglas/193254237	2026-08-24T16:25:23Z	raw_txt/oglas_0890.txt	45	202	ef604c74f02502ff243cc0195b28f14de416a40641da4b452f9101030e15d5fd
891	KupujemProdajem	RAM	kompjuteri laptop i tablet > laptopovi memorije	193827177	https://www.kupujemprodajem.com/kompjuteri-laptop-i-tablet/laptopovi-memorije/8gb-ddr4-ram-memorije-za-laptop-razne/oglas/193827177	2026-08-24T16:25:23Z	raw_txt/oglas_0891.txt	37	395	cb9f2fa73dfe7e83a782d756c04ecf8125e7bdbdea90ee490a94828a2ddebb52
892	KupujemProdajem	RAM	kompjuteri desktop > ram memorije	194190541	https://www.kupujemprodajem.com/kompjuteri-desktop/ram-memorije/16gb-1x16-ddr4-ram-modul/oglas/194190541	2026-08-24T16:25:20Z	raw_txt/oglas_0892.txt	26	206	94f13ef09300a7454b198d0b2ca4f044daa6a009049adc165af444935286ad0d
893	KupujemProdajem	RAM	kompjuteri desktop > ram memorije	194647350	https://www.kupujemprodajem.com/kompjuteri-desktop/ram-memorije/razne-ddr4-ram-memorije-za-desktop-crucial-kingston/oglas/194647350	2026-08-24T16:25:17Z	raw_txt/oglas_0893.txt	53	540	d058a970220e2dd59844aab7f3d59d03e200b4969810b3e921b7e027257def75
894	KupujemProdajem	RAM	kompjuteri desktop > ram memorije	194788789	https://www.kupujemprodajem.com/kompjuteri-desktop/ram-memorije/ram-memorija-kingston-16gb-ddr4-3200mt-s/oglas/194788789	2026-08-24T16:25:29Z	raw_txt/oglas_0894.txt	40	78	9308593a3a0ef5c52bdad22c42ca7817bafce612d936ead78bd413c967b27f07
895	KupujemProdajem	RAM	kompjuteri desktop > ram memorije	61708281	https://www.kupujemprodajem.com/kompjuteri-desktop/ram-memorije/ram-memorija-za-desktop-4gb-ddr3/oglas/61708281	2026-08-24T16:25:46Z	raw_txt/oglas_0895.txt	32	619	a4f62c064d5fba4fcb2705fe388fedd6b3b4d242b8c8feffe05395de01853737
896	KupujemProdajem	Skladište	kompjuteri desktop > hard diskovi	101407772	https://www.kupujemprodajem.com/kompjuteri-desktop/hard-diskovi/wd-hard-disk-3-5-hdd-500gb-7200rpm-32mb-sata3-wd5000audx/oglas/101407772	2026-08-24T16:26:48Z	raw_txt/oglas_0896.txt	57	302	0efd6526ff893934e626224564c10e5d73c19ee2964e0d666638c8ee8517970c
897	KupujemProdajem	Skladište	kompjuteri desktop > hard diskovi eksterni	114794449	https://www.kupujemprodajem.com/kompjuteri-desktop/hard-diskovi-eksterni/seagate-eksterni-hard-disk-hdd-500gb-u-gembird-kucistu/oglas/114794449	2026-08-24T16:26:12Z	raw_txt/oglas_0897.txt	54	792	d2d8ce212ae2b4e148a92462dc352b911c42b30b17de675d50ad6925c2d612b1
898	KupujemProdajem	Skladište	kompjuteri desktop > hard diskovi	114970602	https://www.kupujemprodajem.com/kompjuteri-desktop/hard-diskovi/seagate-hard-disk-3-5-hdd-320gb-5900rpm-8mb-sata-garancija/oglas/114970602	2026-08-24T16:26:25Z	raw_txt/oglas_0898.txt	59	236	6b8782279adc1ded6c1ed299a7611bf33dea74b9ec244ac14896f52a06c51882
899	KupujemProdajem	Skladište	kompjuteri desktop > hard diskovi	138837341	https://www.kupujemprodajem.com/kompjuteri-desktop/hard-diskovi/hdd-1tb-3-5-wd-grean-64mb-bufer-hard-disk/oglas/138837341	2026-08-24T16:26:00Z	raw_txt/oglas_0899.txt	42	315	88defe535cddfd5f6709b8b2f594c56449fab31f103d88749f716b9a85d90a7f
900	KupujemProdajem	Skladište	kompjuteri desktop > hard diskovi	144515562	https://www.kupujemprodajem.com/kompjuteri-desktop/hard-diskovi/seagate-hard-disk-hdd-8tb-7200rpm-256mb-sata3-st8000nm0105/oglas/144515562	2026-08-24T16:26:25Z	raw_txt/oglas_0900.txt	58	323	1210b5dccb9c63c6bdd0cd0c325495fc956487f4b094960c6c8daf304b544a81
901	KupujemProdajem	Skladište	kompjuteri desktop > hard diskovi ssd	145826620	https://www.kupujemprodajem.com/kompjuteri-desktop/hard-diskovi-ssd/ssd-128gb-hard-disk-2-5-sata-kingfast-f7/oglas/145826620	2026-08-24T16:26:18Z	raw_txt/oglas_0901.txt	43	734	762038bba3f16c7710831073df327f37bc217937d2dad8bb00978724c59d5b73
902	KupujemProdajem	Skladište	kompjuteri desktop > hard diskovi ssd	146719570	https://www.kupujemprodajem.com/kompjuteri-desktop/hard-diskovi-ssd/ssd-128gb-hard-disk-2-5-sata-kingfast-f10-pro/oglas/146719570	2026-08-24T16:26:18Z	raw_txt/oglas_0902.txt	48	636	7232af902e20bfdb4c09f85678b5d17d9c4643dd9666c2ba11779cab3664ff3c
903	KupujemProdajem	Skladište	kompjuteri laptop i tablet > laptopovi hard diskovi	150000008	https://www.kupujemprodajem.com/kompjuteri-laptop-i-tablet/laptopovi-hard-diskovi/lexar-240gb-ssd-disk-nq100-2-5-inc-sata-iii-novo-garancija/oglas/150000008	2026-08-24T16:25:57Z	raw_txt/oglas_0903.txt	60	3285	128a09107805ed2548075b215cd0fe7d3ae033fb712b362660dda429a8b7fb96
904	KupujemProdajem	Skladište	kompjuteri desktop > hard diskovi ssd	154423664	https://www.kupujemprodajem.com/kompjuteri-desktop/hard-diskovi-ssd/m2-ssd-kuciste-m-2-na-usb-3-1-gen-2-10gbps-nvme-pcie-m-key-b/oglas/154423664	2026-08-24T16:26:48Z	raw_txt/oglas_0904.txt	60	4927	53db5aa43113cd9052deb19c246f327bce9d9d9c632d189ecce5de1b4038285e
905	KupujemProdajem	Skladište	kompjuteri desktop > hard diskovi eksterni	156632597	https://www.kupujemprodajem.com/kompjuteri-desktop/hard-diskovi-eksterni/fioka-za-ssd-lc-power-lc-m2-c-nvme-2-m-2-nvme/oglas/156632597	2026-08-24T16:26:36Z	raw_txt/oglas_0905.txt	48	1527	93388d7057dbc79eb02bae760fb44c1f30f2562d43db09cbe167d26bc2f8da1e
906	KupujemProdajem	Skladište	kompjuteri desktop > hard diskovi	157889852	https://www.kupujemprodajem.com/kompjuteri-desktop/hard-diskovi/hard-disk-1tb-hard-disk-1tb-seagate-hdd-1-tb-seagate-hdd-1tb/oglas/157889852	2026-08-24T16:26:09Z	raw_txt/oglas_0906.txt	60	277	82df7120c9b008bc58e02a35f52f0aa39e1b503f178490fdd8caaddc5d0bfd5a
907	KupujemProdajem	Skladište	kompjuteri desktop > hard diskovi ssd	160299162	https://www.kupujemprodajem.com/kompjuteri-desktop/hard-diskovi-ssd/twinmos-ssd-m-2-nvme-512gb-3500mbs-3080mbs-nvmefgbm2280/oglas/160299162	2026-08-24T16:25:49Z	raw_txt/oglas_0907.txt	55	613	1640ac55320808283f9fec36b2da52d4b4dff22d4844cc16c411439aca057443
908	KupujemProdajem	Skladište	kompjuteri desktop > hard diskovi ssd	162455656	https://www.kupujemprodajem.com/kompjuteri-desktop/hard-diskovi-ssd/ssd-disk-2-5-in-intenso-240gb-sata-iii/oglas/162455656	2026-08-24T16:26:44Z	raw_txt/oglas_0908.txt	38	1313	49e63f5d91a62dbb197e2385638eecfc3fa150111041790d769fc132560ede3d
909	KupujemProdajem	Skladište	kompjuteri desktop > hard diskovi ssd	171633926	https://www.kupujemprodajem.com/kompjuteri-desktop/hard-diskovi-ssd/nvme-ssd-256gb-m-2-pcie-4-0-samsung-wd-sandisk-sk-hy/oglas/171633926	2026-08-24T16:26:32Z	raw_txt/oglas_0909.txt	60	315	96808cde89111d1e85d2ecc43e1952a0befdbc793133928cfb36153d4c955e35
910	KupujemProdajem	Skladište	kompjuteri desktop > hard diskovi ssd	174624387	https://www.kupujemprodajem.com/kompjuteri-desktop/hard-diskovi-ssd/ssd-sata3-hard-disk-1t-akcija/oglas/174624387	2026-08-24T16:26:22Z	raw_txt/oglas_0910.txt	31	660	b763094a47598caae8352efeafa8847f38d9d0ddc84b4dd5a468807011b6b754
911	KupujemProdajem	Skladište	kompjuteri desktop > hard diskovi	177105346	https://www.kupujemprodajem.com/kompjuteri-desktop/hard-diskovi/hdd-hard-diskovi-3-5-inca-do-500gb/oglas/177105346	2026-08-24T16:25:57Z	raw_txt/oglas_0911.txt	34	869	55c51124e9390abd003b6194a8e0b9bbd02c7b6e604ee06649b55ceb91d524ee
912	KupujemProdajem	Skladište	kompjuteri desktop > hard diskovi ssd	178928787	https://www.kupujemprodajem.com/kompjuteri-desktop/hard-diskovi-ssd/nvme-sata-2u1-m-2-ssd-kuciste-usb-3-1-tip-c-to-tip-a/oglas/178928787	2026-08-24T16:25:49Z	raw_txt/oglas_0912.txt	56	1851	6de8b7fec62081947b1a66236e03cf954f8f45984ef0ba720f3c9b7e921b060c
913	KupujemProdajem	Skladište	kompjuteri desktop > hard diskovi ssd	184542751	https://www.kupujemprodajem.com/kompjuteri-desktop/hard-diskovi-ssd/intenso-ssd-disk-2-5-sata-iii-1tb-top-ssd-sata3-1tb-top/oglas/184542751	2026-08-24T16:26:48Z	raw_txt/oglas_0913.txt	56	203	000d69866b7062131d47705d3526cbd8b67d52047bd4d5c34def324fdf79bbd8
914	KupujemProdajem	Skladište	kompjuteri laptop i tablet > laptopovi hard diskovi	187188537	https://www.kupujemprodajem.com/kompjuteri-laptop-i-tablet/laptopovi-hard-diskovi/nvme-256gb-gen3-x4-kao-novi-samsung-hynix-wd/oglas/187188537	2026-08-24T16:26:00Z	raw_txt/oglas_0914.txt	44	334	b26da11c2857422528d92c4075e7ee90cd79d203d447babb60426273371b17dd
915	KupujemProdajem	Skladište	kompjuteri desktop > hard diskovi ssd	187938893	https://www.kupujemprodajem.com/kompjuteri-desktop/hard-diskovi-ssd/acasis-40gbps-ssd-case-m-2-nvme-enclosure-na-stanju/oglas/187938893	2026-08-24T16:26:03Z	raw_txt/oglas_0915.txt	54	1781	30b90dac825dd83082d54df2348f904e3ccd53c8b09e837230574d0f653dc6ea
916	KupujemProdajem	Skladište	kompjuteri desktop > hard diskovi ssd	188049476	https://www.kupujemprodajem.com/kompjuteri-desktop/hard-diskovi-ssd/orico-40gbps-m-2-nvme-ssd-fioka-za-hard-disk-hladjenje/oglas/188049476	2026-08-24T16:26:14Z	raw_txt/oglas_0916.txt	55	2423	579c725214ea691048260faed88b40d2b5d4ce2047ae261355d67f7ce7fb0a3c
917	KupujemProdajem	Skladište	kompjuteri desktop > hard diskovi ssd	188111507	https://www.kupujemprodajem.com/kompjuteri-desktop/hard-diskovi-ssd/razni-nvme-sata-ssdovi-svi-na-stanju-odmah/oglas/188111507	2026-08-24T16:26:44Z	raw_txt/oglas_0917.txt	48	1743	1fa91e0d724c18aea6ac0c5b95ee537e3ec6abae668a1687328cfe38ee9ea4cf
918	KupujemProdajem	Skladište	kompjuteri desktop > hard diskovi ssd	189108399	https://www.kupujemprodajem.com/kompjuteri-desktop/hard-diskovi-ssd/512gb-ssd-nvme-2280-2230-polovan-ispravan/oglas/189108399	2026-08-24T16:25:54Z	raw_txt/oglas_0918.txt	41	16	ae08eedda5d7fa1f2f25e84cda8a689867af4b8b09c39be932699d56056f7591
919	KupujemProdajem	Skladište	kompjuteri desktop > hard diskovi ssd	192452131	https://www.kupujemprodajem.com/kompjuteri-desktop/hard-diskovi-ssd/nvme-512gb-patriot-p300-1700mbs-1100mbs-p300p512gm28/oglas/192452131	2026-08-24T16:26:44Z	raw_txt/oglas_0919.txt	52	270	0ba445f9491d85d82477d7125c3cd0dbbff48e5f90fa91ecc1c131cb27681b05
920	KupujemProdajem	Skladište	kompjuteri desktop > hard diskovi ssd	192629885	https://www.kupujemprodajem.com/kompjuteri-desktop/hard-diskovi-ssd/nvme-corsair-2tb-mp600-pro-lp-cssd-f2000gbmp600plpw/oglas/192629885	2026-08-24T16:26:36Z	raw_txt/oglas_0920.txt	51	605	70648ab07f5d9b6c4271d9400172c626fee98936877608dcd4d497895bc2e46f
921	KupujemProdajem	Skladište	kompjuteri laptop i tablet > laptopovi hard diskovi	192647215	https://www.kupujemprodajem.com/kompjuteri-laptop-i-tablet/laptopovi-hard-diskovi/256gb-ssd-m2-2280-polovan-ispravan-intel-10735/oglas/192647215	2026-08-24T16:26:00Z	raw_txt/oglas_0921.txt	47	13	bfe2d36625aeb11132cbb139b3a80d57367d95d311f6a524787b1d1848659b23
922	KupujemProdajem	Skladište	kompjuteri desktop > hard diskovi ssd	192686842	https://www.kupujemprodajem.com/kompjuteri-desktop/hard-diskovi-ssd/kingston-4tb-m-2-nvme-snv3s-4000g-series-nv3-ssd/oglas/192686842	2026-08-24T16:26:28Z	raw_txt/oglas_0922.txt	48	621	f207827b9e222d201b730615a2c81f5272a029f0183edf27a810ec811e9ae18b
923	KupujemProdajem	Skladište	kompjuteri desktop > hard diskovi	192859507	https://www.kupujemprodajem.com/kompjuteri-desktop/hard-diskovi/seagate-ironwolf-pro-hard-disk-16tb-sata-iii-3-5mm-hdd/oglas/192859507	2026-08-24T16:26:14Z	raw_txt/oglas_0923.txt	54	2367	d78646916df361a58ccebfdc12247f5ec83f9be9cc56b7f25861e3341b45a60b
924	KupujemProdajem	Skladište	kompjuteri desktop > hard diskovi	193105411	https://www.kupujemprodajem.com/kompjuteri-desktop/hard-diskovi/samsung-hard-disk-1tb-hdd/oglas/193105411	2026-08-24T16:25:57Z	raw_txt/oglas_0924.txt	25	81	bc9e529d4aedde28e9aabf6a834a8e9edeb7492decbdfb53ff2953887194a8c3
925	KupujemProdajem	Skladište	kompjuteri desktop > hard diskovi ssd	193706687	https://www.kupujemprodajem.com/kompjuteri-desktop/hard-diskovi-ssd/glotrends-pa40-pcie-x8-kartica-za-4x-nvme-ssd-diska/oglas/193706687	2026-08-24T16:26:18Z	raw_txt/oglas_0925.txt	51	1683	fee92db51f6fa42976b1c09d19f2fa8704f6d211110e47db38304519b9f2e2db
926	KupujemProdajem	Skladište	kompjuteri laptop i tablet > laptopovi hard diskovi	194156588	https://www.kupujemprodajem.com/kompjuteri-laptop-i-tablet/laptopovi-hard-diskovi/512gb-ssd-nvme-2280-polovan-ispravan-wd-11049/oglas/194156588	2026-08-24T16:26:44Z	raw_txt/oglas_0926.txt	46	12	b42e0bd73e333d4e939c90ba9b2562a2806294f8f2bfc2202854957f18ed643a
927	KupujemProdajem	Skladište	kompjuteri desktop > hard diskovi ssd	25931348	https://www.kupujemprodajem.com/kompjuteri-desktop/hard-diskovi-ssd/kingston-m2-nvme-ssd-128gb-256gb-512gb-1tb-2tb-4tb/oglas/25931348	2026-08-24T16:25:49Z	raw_txt/oglas_0927.txt	50	1332	579f55dfd026a7e474e512f6e920bb1311ededf5dd080b1e1e2b5eb9f6282b9c
928	KupujemProdajem	Skladište	kompjuteri desktop > hard diskovi ssd	47954361	https://www.kupujemprodajem.com/kompjuteri-desktop/hard-diskovi-ssd/ssd-diskovi-128gb-256gb-500gb-960gb-veliki-izbor/oglas/47954361	2026-08-24T16:26:28Z	raw_txt/oglas_0928.txt	48	4052	ebb4e2b738a41f539a8c2e52ebe23afb2f9bd04bb04740e67e6ac264a631e288
929	KupujemProdajem	Skladište	kompjuteri desktop > hard diskovi eksterni	64047388	https://www.kupujemprodajem.com/kompjuteri-desktop/hard-diskovi-eksterni/rack-za-sve-hdd-ssd-sata-ide-usb-3-0-2-5-3-5-hard-disk/oglas/64047388	2026-08-24T16:26:03Z	raw_txt/oglas_0929.txt	54	4423	95173073ead78f75451f092709dba539dacec738023b68b55e7e537868e35c09
930	KupujemProdajem	Skladište	kompjuteri desktop > hard diskovi ssd	74298426	https://www.kupujemprodajem.com/kompjuteri-desktop/hard-diskovi-ssd/ssd-nosac-drzac-bracket-caddy-mount-hard-diska-za-desktop/oglas/74298426	2026-08-24T16:26:22Z	raw_txt/oglas_0930.txt	57	474	c7cf76c5b89f667c965f0f71655b877c62830939bd887ff5e44e4ce2f13f6bcf
931	KupujemProdajem	Tablet	kompjuteri laptop i tablet > tableti	111740715	https://www.kupujemprodajem.com/kompjuteri-laptop-i-tablet/tableti/samsung-galaxy-tab-a7-10-4-sm-t500-wifi-3gb-32gb/oglas/111740715	2026-08-24T16:44:19Z	raw_txt/oglas_0931.txt	52	1083	8ee83b872cb9a54167d742dfd708c2a2d72d73e4e534bab8c579c2afab1170aa
932	KupujemProdajem	Tablet	kompjuteri laptop i tablet > tableti	111741990	https://www.kupujemprodajem.com/kompjuteri-laptop-i-tablet/tableti/lenovo-tab-m10-fhd-plus-tb-x606f-10-3-fhd-4gb-128gb/oglas/111741990	2026-08-24T16:42:20Z	raw_txt/oglas_0932.txt	56	1153	046772677c4f8319ce5462421b24914b72fec88082836fb685b7b2c90cef4d5a
933	KupujemProdajem	Tablet	kompjuteri laptop i tablet > tableti	113536975	https://www.kupujemprodajem.com/kompjuteri-laptop-i-tablet/tableti/samsung-galaxy-tab-s7-sm-t875-lte-6gb-128gb-blue-andro/oglas/113536975	2026-08-24T16:44:18Z	raw_txt/oglas_0933.txt	57	1181	dda0a269ad7a83699676e3dc31388b0fa838f8d1db968cbbe7439d8daea61c70
934	KupujemProdajem	Tablet	kompjuteri laptop i tablet > tableti	128416018	https://www.kupujemprodajem.com/kompjuteri-laptop-i-tablet/tableti/samsung-galaxy-tab-s7-11-128gb-wifi-black/oglas/128416018	2026-08-24T16:44:18Z	raw_txt/oglas_0934.txt	42	616	3e8e0a8799dfab884dbb1c1f1efdf9a6db364fe780747332075300def26bf41d
935	KupujemProdajem	Tablet	kompjuteri laptop i tablet > tableti	138379098	https://www.kupujemprodajem.com/kompjuteri-laptop-i-tablet/tableti/tablet-xiaomi-pad-8-256-8gb-wifi-vise-boja/oglas/138379098	2026-08-24T16:42:24Z	raw_txt/oglas_0935.txt	44	262	b398c1cd7c75421b41d1ce30f06f2ab2c00a5f7b21f01708bb00ce29f2025df9
936	KupujemProdajem	Tablet	kompjuteri laptop i tablet > tableti	151137903	https://www.kupujemprodajem.com/kompjuteri-laptop-i-tablet/tableti/lenovo-tab-m10-3rd-gen-10-1-wuxga-t610-8-core-4gb-64gb/oglas/151137903	2026-08-24T16:42:20Z	raw_txt/oglas_0936.txt	56	2282	7843842fca2c4c102365c9680c8709291d94f7f50e23f3d0fae0fb198fd546bf
937	KupujemProdajem	Tablet	kompjuteri laptop i tablet > tableti	151819663	https://www.kupujemprodajem.com/kompjuteri-laptop-i-tablet/tableti/tablet-samsung-galaxy-tab-a8-10-5-oc-2-0ghz-4gb-64gb-sivi/oglas/151819663	2026-08-24T16:44:19Z	raw_txt/oglas_0937.txt	57	2307	ab3b20617365c4e87a037e6e70d549596ea49e9b080097393c0cf7fde158b84e
938	KupujemProdajem	Tablet	kompjuteri laptop i tablet > tableti	164520639	https://www.kupujemprodajem.com/kompjuteri-laptop-i-tablet/tableti/tablet-medion-lifetab-p9514-tablet-pc/oglas/164520639	2026-08-24T16:23:00Z	raw_txt/oglas_0938.txt	37	143	4f177f370f80ce9c1ac7b89d2a6b4eb49daeed4aaf23de7753776b98e7471bc2
939	KupujemProdajem	Tablet	kompjuteri laptop i tablet > tableti	165542989	https://www.kupujemprodajem.com/kompjuteri-laptop-i-tablet/tableti/lenovo-tab-m10-tb328xu-10-1-wuxga-t610-8-core-4gb-64gb-4g/oglas/165542989	2026-08-24T16:42:20Z	raw_txt/oglas_0939.txt	60	1780	16e896060d02934d4013a96d4eb684094763fe5b377bab02f68019d74c1a9eba
940	KupujemProdajem	Tablet	kompjuteri laptop i tablet > tableti	165628172	https://www.kupujemprodajem.com/kompjuteri-laptop-i-tablet/tableti/xiaomi-pad-6-11-8-128gb-wifi/oglas/165628172	2026-08-24T16:42:22Z	raw_txt/oglas_0940.txt	29	1196	0b5db01e77f2e72dc7801a5059a3064fcb082aafccb2b9ef446ce3b1b4e297fc
941	KupujemProdajem	Tablet	kompjuteri laptop i tablet > tableti	171975259	https://www.kupujemprodajem.com/kompjuteri-laptop-i-tablet/tableti/samsung-tab-a7-a9-a9-a11-active-4-pro-s7-s9-fe-fe-s9/oglas/171975259	2026-08-24T16:44:19Z	raw_txt/oglas_0941.txt	55	2666	b3e83b9dc740b5a15120a255a5083308f45cc105de8cce2aeb4791664d110b46
942	KupujemProdajem	Tablet	kompjuteri laptop i tablet > tableti	184824351	https://www.kupujemprodajem.com/kompjuteri-laptop-i-tablet/tableti/tablet-lenovo-tab-m11-11-ips-display-4gb-g88-sa-olovkom/oglas/184824351	2026-08-24T16:44:21Z	raw_txt/oglas_0942.txt	55	907	a50e71676393523a7147ee53a957ca8256e4ec83a978681be97df2a026f70b1f
943	KupujemProdajem	Tablet	kompjuteri laptop i tablet > tableti	186632614	https://www.kupujemprodajem.com/kompjuteri-laptop-i-tablet/tableti/samsung-galaxy-tab-s8-8-128/oglas/186632614	2026-08-24T16:42:18Z	raw_txt/oglas_0943.txt	27	104	9ab3ba78fc839abd66a0d47e8aafdca7f595f22e3b120ea30e4f39e05e7b16b8
944	KupujemProdajem	Tablet	kompjuteri laptop i tablet > tableti	187004791	https://www.kupujemprodajem.com/kompjuteri-laptop-i-tablet/tableti/xiaomi-pad-6-6-128/oglas/187004791	2026-08-24T16:42:22Z	raw_txt/oglas_0944.txt	18	106	ea19a03a93a54d6993e8ccf455ba71b1308ab8a73cdc087d154fca27a1d2f510
945	KupujemProdajem	Tablet	kompjuteri laptop i tablet > tableti	187303274	https://www.kupujemprodajem.com/kompjuteri-laptop-i-tablet/tableti/smart-tablet-racunar-i16pro-max-12-512gb/oglas/187303274	2026-08-24T16:23:14Z	raw_txt/oglas_0945.txt	40	2828	d9ad45ad68da9027ad8b3dadeeb80a60aee9d83f3a8fdc0d74e32041e40cbaae
946	KupujemProdajem	Tablet	kompjuteri laptop i tablet > tableti	187308649	https://www.kupujemprodajem.com/kompjuteri-laptop-i-tablet/tableti/smart-tablet-racunar-ozct-17-max-tablet-16-1-tb/oglas/187308649	2026-08-24T16:23:00Z	raw_txt/oglas_0946.txt	47	2094	d020cfdc833e6fa47c38fd5f7034e7468a9dc3bdc512d4cefb5e1cbaea8f0f26
947	KupujemProdajem	Tablet	kompjuteri laptop i tablet > tableti	187419685	https://www.kupujemprodajem.com/kompjuteri-laptop-i-tablet/tableti/samsung-tab-s7/oglas/187419685	2026-08-24T16:44:18Z	raw_txt/oglas_0947.txt	14	259	46068b4fbe78b6dc8f2568808f92ac3f3581577d42a83cb7e26d0c4605827a82
948	KupujemProdajem	Tablet	kompjuteri laptop i tablet > tableti	187930546	https://www.kupujemprodajem.com/kompjuteri-laptop-i-tablet/tableti/lenovo-tab-m11-4g-lte-11-8gb-ram-128gb-olovka-staklo-maska/oglas/187930546	2026-08-24T16:44:21Z	raw_txt/oglas_0948.txt	59	2763	7dcbdce0057417d90d7d4e5d1c58fd3fd95ee0e1db6735b7e7e5978b630c7edc
949	KupujemProdajem	Tablet	kompjuteri laptop i tablet > tableti	190159251	https://www.kupujemprodajem.com/kompjuteri-laptop-i-tablet/tableti/huawei-matepad-11-5-8-256gb/oglas/190159251	2026-08-24T16:42:22Z	raw_txt/oglas_0949.txt	27	2292	2b8548075f4c87f5eb7a1b830ff6863a6ca1d8cd96e3acdc5cc2741f2887ac34
950	KupujemProdajem	Tablet	kompjuteri laptop i tablet > tableti	191188516	https://www.kupujemprodajem.com/kompjuteri-laptop-i-tablet/tableti/huawei-matepad-11-128gb-wifi-gray/oglas/191188516	2026-08-24T16:42:24Z	raw_txt/oglas_0950.txt	34	1032	2a727c359ffa613b148fe6dc47a54bcfc1f17e66ca761bf2dd80822bca410bfe
951	KupujemProdajem	Tablet	kompjuteri laptop i tablet > tableti	191550857	https://www.kupujemprodajem.com/kompjuteri-laptop-i-tablet/tableti/8231-samsung-galaxy-tab-a9-4-128-gb-graphite/oglas/191550857	2026-08-24T16:42:18Z	raw_txt/oglas_0951.txt	44	2771	46670c4c44ec82d250b3d8e902bd32a4972c1dc260cb70d87f77c56f52137aee
952	KupujemProdajem	Tablet	kompjuteri laptop i tablet > tableti	191813730	https://www.kupujemprodajem.com/kompjuteri-laptop-i-tablet/tableti/samsung-galaxy-tab-s5e-sm-t725-4gb-64gb-lte-wifi/oglas/191813730	2026-08-24T16:23:14Z	raw_txt/oglas_0952.txt	54	923	7efe4a84f5ab1c4d693d58bf4d1ecc14c013b2143036ee6cf926b88257c56f40
953	KupujemProdajem	Tablet	kompjuteri laptop i tablet > tableti	194172921	https://www.kupujemprodajem.com/kompjuteri-laptop-i-tablet/tableti/xp-pen-artist-12-2nd-gen-drawing-tablet-tablet-za-crtanje/oglas/194172921	2026-08-24T16:23:00Z	raw_txt/oglas_0953.txt	59	802	4e42862885a7fcb828b64b2b1d9652518f362e68f5d7569f475f526626119cdb
954	KupujemProdajem	Tablet	kompjuteri laptop i tablet > tableti	35048303	https://www.kupujemprodajem.com/kompjuteri-laptop-i-tablet/tableti/samsung-galaxy-tab-a9-8-7-8-128-sivi/oglas/35048303	2026-08-24T16:42:18Z	raw_txt/oglas_0954.txt	36	947	a4b315a9565aa4f5272dfc8ed98e7af048a1c40d29fdd4decd84595267e5b592
955	KupujemProdajem	Tablet	kompjuteri laptop i tablet > tableti	46582246	https://www.kupujemprodajem.com/kompjuteri-laptop-i-tablet/tableti/tablet-honor-pad-x8a-tablet-za-decu/oglas/46582246	2026-08-24T16:23:14Z	raw_txt/oglas_0955.txt	35	2305	1259ba479ca27f05b777baf3c9d019c8174dc37cccf8062fc064b1f02cbb3d8f
956	KupujemProdajem	Telefon	mobilni telefoni > google pixel	101713680	https://www.kupujemprodajem.com/mobilni-telefoni/google-pixel/google-pixel-8-roza-8-128gb/oglas/101713680	2026-08-24T16:42:11Z	raw_txt/oglas_0956.txt	27	1091	1e2ff3e8196a439b0e3db299d4eb7a4d7349f4f23c5990166004599ff940c972
957	KupujemProdajem	Telefon	mobilni telefoni > oneplus	125373998	https://www.kupujemprodajem.com/mobilni-telefoni/oneplus/oneplus-15-15r-oneplus-pad-3-nord-6-5-eu-verzije-oppo-x9/oglas/125373998	2026-08-24T16:22:41Z	raw_txt/oglas_0957.txt	60	2806	30860bc174753823b471aa6c38378854498052e113cdde2cb566c0d0d4d5cbdb
958	KupujemProdajem	Telefon	mobilni telefoni > google pixel	130716745	https://www.kupujemprodajem.com/mobilni-telefoni/google-pixel/prodaja-i-otkup-google-pixel-6a-6-7-7-8-9-pro-xl-na-stanju/oglas/130716745	2026-08-24T16:31:22Z	raw_txt/oglas_0958.txt	58	854	b5866ed5fd5583cf185a5b76890cfb485f03e259afa24f279858d5c7c10fd279
959	KupujemProdajem	Telefon	mobilni telefoni > nokia	138802749	https://www.kupujemprodajem.com/mobilni-telefoni/nokia/nokia-3310-dual-sim-novo/oglas/138802749	2026-08-24T16:22:38Z	raw_txt/oglas_0959.txt	24	859	58eac39b639de65ebf940874692c7af35c2f251715ff6b78ec00424fb3b2a054
960	KupujemProdajem	Telefon	mobilni telefoni > cat	140540064	https://www.kupujemprodajem.com/mobilni-telefoni/cat/huawei-iphone-xiaomi-motorola-google-pixel-prodaja-otkup/oglas/140540064	2026-08-24T16:22:48Z	raw_txt/oglas_0960.txt	60	650	5e67394072b0cc73851be9d51696d38c07a6dd64541d9a1d8d4c390c52f5bdb2
961	KupujemProdajem	Telefon	mobilni telefoni > google pixel	145829098	https://www.kupujemprodajem.com/mobilni-telefoni/google-pixel/google-pixel-9-5g-dual-sim-12-128gb-obsidian/oglas/145829098	2026-08-24T16:42:11Z	raw_txt/oglas_0961.txt	46	420	70a9d7d46832832ea5f1d8871f3723b224628c6778a3b55d515722e5be47c2c8
962	KupujemProdajem	Telefon	mobilni telefoni > apple iphone	148353601	https://www.kupujemprodajem.com/mobilni-telefoni/apple-iphone/iphone-17-pro-17-pro-max-17-air-16-15-14-13-macbook-watch-11/oglas/148353601	2026-08-24T16:22:28Z	raw_txt/oglas_0962.txt	60	4446	d052acb4defec6b5a9b8f19f750363b0b14fae935833917a7e262e375c19c141
963	KupujemProdajem	Telefon	mobilni telefoni > google pixel	149779361	https://www.kupujemprodajem.com/mobilni-telefoni/google-pixel/google-pixel-10-9-pro-xl-pixel-10-9-pro-9a-9-8-8pro-8a-7a/oglas/149779361	2026-08-24T16:22:41Z	raw_txt/oglas_0963.txt	58	2284	7e90eb0c6ca6dcb53a19faf3c25ac2f4bc16fdf2f124804fcbe0ac9082932b23
964	KupujemProdajem	Telefon	mobilni telefoni > google pixel	150739379	https://www.kupujemprodajem.com/mobilni-telefoni/google-pixel/google-pixel-7-8a-9a-10a-novo-vakum/oglas/150739379	2026-08-24T16:22:55Z	raw_txt/oglas_0964.txt	36	476	752b0f038ec51aa7301bad98903753d389dcb8d87809f88ec935df65d099da82
965	KupujemProdajem	Telefon	mobilni telefoni > apple iphone	152902916	https://www.kupujemprodajem.com/mobilni-telefoni/apple-iphone/iphone-17-pro-max-17-pro-air-17-16-15-13-mini/oglas/152902916	2026-08-24T16:22:22Z	raw_txt/oglas_0965.txt	52	744	2e647a628cefc77bddedbea03ed70e508562d1c01d8fd9ea7d8bd2177dbfe8da
966	KupujemProdajem	Telefon	mobilni telefoni > samsung	152930557	https://www.kupujemprodajem.com/mobilni-telefoni/samsung/samsung-s26-a57-a17-a27-a37-s25-fe-ultra-plus/oglas/152930557	2026-08-24T16:22:48Z	raw_txt/oglas_0966.txt	45	2555	6e253086b7616d19d0389d2c66abc58461c17ba1f240490aa49b37dd43ad6685
967	KupujemProdajem	Telefon	mobilni telefoni > samsung	153832558	https://www.kupujemprodajem.com/mobilni-telefoni/samsung/samsung-a57-a17-a27-a37-s26-s25-fe-edge-plus-ultra-fold/oglas/153832558	2026-08-24T16:31:04Z	raw_txt/oglas_0967.txt	55	2334	7b76efc52e36e0db9cb8a933c329932d78b1deaaffc56fed62ee9da307844b20
968	KupujemProdajem	Telefon	mobilni telefoni > google pixel	158069530	https://www.kupujemprodajem.com/mobilni-telefoni/google-pixel/google-pixel-7a-8a-10-9a-10a-9-9-pro-xl-128-256-512-watch/oglas/158069530	2026-08-24T16:22:38Z	raw_txt/oglas_0968.txt	57	1080	5cba025a22ba5998e0d4dc687e06b0b5edf018dda7fe24ecd02adc5996f81940
969	KupujemProdajem	Telefon	mobilni telefoni > google pixel	162743010	https://www.kupujemprodajem.com/mobilni-telefoni/google-pixel/google-pixel-7a-8a-9-9a-10a-7-pro-10-10-pro-10-pro-xl/oglas/162743010	2026-08-24T16:22:28Z	raw_txt/oglas_0969.txt	54	1052	646b8e2e0b0ef26d710d09fdd2bf72e1770f4c03d6a35f844b00e96f66d96b6f
970	KupujemProdajem	Telefon	mobilni telefoni > oneplus	164305965	https://www.kupujemprodajem.com/mobilni-telefoni/oneplus/oneplus-ce-5-ce-6-nord-3-nord-6-eu/oglas/164305965	2026-08-24T16:42:13Z	raw_txt/oglas_0970.txt	42	1041	9951e56f7ae7e8fb480094c43402106a61951a792850cedc189a6777fa33a7a5
971	KupujemProdajem	Telefon	mobilni telefoni > huawei	164641130	https://www.kupujemprodajem.com/mobilni-telefoni/huawei/huawei-mate-40-pro-256gb-dual-sim/oglas/164641130	2026-08-24T16:42:13Z	raw_txt/oglas_0971.txt	33	298	f8d126b723707519bcfa8570487604e26faf6c47450bb5166a9f89bf58358bc4
972	KupujemProdajem	Telefon	mobilni telefoni > oneplus	166760727	https://www.kupujemprodajem.com/mobilni-telefoni/oneplus/oneplus-15-512gb-oppo-find-x9-vivo-x300-fe-vivo-x300-ultra/oglas/166760727	2026-08-24T16:22:25Z	raw_txt/oglas_0972.txt	58	768	dfe23e87f0e5b932605360c1217449c03e8ef45693a354199d324dff48d58baa
973	KupujemProdajem	Telefon	mobilni telefoni > realme	167807722	https://www.kupujemprodajem.com/mobilni-telefoni/realme/realme-mobilni-telefon-12gb-512gb-android-14-12-pro/oglas/167807722	2026-08-24T16:42:17Z	raw_txt/oglas_0973.txt	52	1629	e948bb6ec59b6fb994185d38c6573d8204190d544f4af803f1a12b7e1a1e9618
974	KupujemProdajem	Telefon	mobilni telefoni > google pixel	168314408	https://www.kupujemprodajem.com/mobilni-telefoni/google-pixel/pixel-10-pro-10-9a-9-8a-8-pro-black-vakum-garancija/oglas/168314408	2026-08-24T16:30:34Z	raw_txt/oglas_0974.txt	56	1353	d044e2f8282ae46f18e68b737b1bd9e6b1ba93a8facb05f34870f003502ee90f
975	KupujemProdajem	Telefon	mobilni telefoni > google pixel	170905656	https://www.kupujemprodajem.com/mobilni-telefoni/google-pixel/google-pixel-9/oglas/170905656	2026-08-24T16:42:11Z	raw_txt/oglas_0975.txt	14	292	a04013dee4ef0c64ab5f3ac11415346543cf2a0e9348f14096566cb2b8e129c3
976	KupujemProdajem	Telefon	mobilni telefoni > xiaomi	174464239	https://www.kupujemprodajem.com/mobilni-telefoni/xiaomi/xiaomi-poco-x6-5g-8gb-256gb-black-nov-garancija/oglas/174464239	2026-08-24T16:42:07Z	raw_txt/oglas_0976.txt	49	937	06ded54788b4d44deb63dfe4241707cc0d3d9060052c57a71cf1abeca3cdbe08
977	KupujemProdajem	Telefon	mobilni telefoni > nokia	175009492	https://www.kupujemprodajem.com/mobilni-telefoni/nokia/nokija-105-150/oglas/175009492	2026-08-24T16:30:52Z	raw_txt/oglas_0977.txt	14	356	42588c01373a71eae3d27d7c6bf5ee6323d0ecef4dd7566380f02b51f8c090fc
978	KupujemProdajem	Telefon	mobilni telefoni > samsung	176903466	https://www.kupujemprodajem.com/mobilni-telefoni/samsung/samsung-s26-ultra-a57-fold-8-z-fold-8-ultra-flip-7-fe/oglas/176903466	2026-08-24T16:22:51Z	raw_txt/oglas_0978.txt	60	983	8bdf03c7c8c72fbcbbe489278785f5e606cfafb57e5210fd0b4487e8ae9a5ba6
979	KupujemProdajem	Telefon	mobilni telefoni > asus	177009418	https://www.kupujemprodajem.com/mobilni-telefoni/asus/asus-rog-phone-9-pro-16gb-512g-black-ai2501-16g512gp-bk-eu/oglas/177009418	2026-08-24T16:42:17Z	raw_txt/oglas_0979.txt	58	1971	563937e87158e6dfad31853c41f328114840ebede62b9fea3e4649b8a9fa013a
980	KupujemProdajem	Telefon	mobilni telefoni > apple iphone	177321012	https://www.kupujemprodajem.com/mobilni-telefoni/apple-iphone/iphone-13-15-16-16e-17e-air-17-pro-max-128gb-256-512gb/oglas/177321012	2026-08-24T16:22:31Z	raw_txt/oglas_0980.txt	54	774	db572758ba79795d3a41ecff020f6ab529456e07a596f8332a2d59c9f3f6461a
981	KupujemProdajem	Telefon	mobilni telefoni > samsung	178633595	https://www.kupujemprodajem.com/mobilni-telefoni/samsung/samsung-a06-a07-a16-a17-5g-a26-a27-a36-a37-4-6-8-64-128-256/oglas/178633595	2026-08-24T16:31:28Z	raw_txt/oglas_0981.txt	59	508	e96de526f9b0ba5017dc8976b81768ba076410ae74b9b95555a418ca484aae83
982	KupujemProdajem	Telefon	mobilni telefoni > samsung	178772414	https://www.kupujemprodajem.com/mobilni-telefoni/samsung/samsung-a36-a37-a56-a57-s24-s25-s26-plus-ultra-edge-fe/oglas/178772414	2026-08-24T16:22:48Z	raw_txt/oglas_0982.txt	54	1109	4b21c15f07ffeeeb1e847676c1ac97635eb5dbec0d0cc61ef5f9e3727dcc2f3d
983	KupujemProdajem	Telefon	mobilni telefoni > xiaomi	178773001	https://www.kupujemprodajem.com/mobilni-telefoni/xiaomi/xiaomi-redmi-15t-17t-pro-note-14-15-pro-plus-5g-4g-14c-tag/oglas/178773001	2026-08-24T16:22:35Z	raw_txt/oglas_0983.txt	58	884	5c1256ced1cd6563b9baa1154c0246ec2f92415ccdf60c3c56d6057b8cebe672
984	KupujemProdajem	Telefon	mobilni telefoni > honor	179220791	https://www.kupujemprodajem.com/mobilni-telefoni/honor/honor-v5-magic-7-8-lite-400-600-lite-pro-8-256-12-512/oglas/179220791	2026-08-24T16:22:25Z	raw_txt/oglas_0984.txt	54	474	0ca0195c6167602338dbd5936c6dc5f083307c34eb086273c96f04a7854b2718
985	KupujemProdajem	Telefon	mobilni telefoni > nokia	180617606	https://www.kupujemprodajem.com/mobilni-telefoni/nokia/novo-nokia-2720-flip-dual-sim-2-8-black-ta-1170-ds/oglas/180617606	2026-08-24T16:22:45Z	raw_txt/oglas_0985.txt	51	1119	9dacbe1857dbffe4449c4fe12f80aaf631bf1ed62eb5d9f91c4e795ff88a8b29
986	KupujemProdajem	Telefon	mobilni telefoni > realme	181575132	https://www.kupujemprodajem.com/mobilni-telefoni/realme/realme-mobilni-telefoni-veliki-izbor/oglas/181575132	2026-08-24T16:42:15Z	raw_txt/oglas_0986.txt	36	1761	de3973530ca8bc1711e48929cfd3b7c039dc7d2e967ff5d939b1a85f4c35ecd9
987	KupujemProdajem	Telefon	mobilni telefoni > apple iphone	181604496	https://www.kupujemprodajem.com/mobilni-telefoni/apple-iphone/polovan-iphone-12-128gb/oglas/181604496	2026-08-24T16:42:05Z	raw_txt/oglas_0987.txt	23	411	3b6047578702b8dc392f46f689c841a582e482821feb4e09e53adcb180070f40
988	KupujemProdajem	Telefon	mobilni telefoni > honor	185429982	https://www.kupujemprodajem.com/mobilni-telefoni/honor/honor-x7d-honor-x6c-honor-x6b-fiskalni-racun/oglas/185429982	2026-08-24T16:22:51Z	raw_txt/oglas_0988.txt	46	349	68923071db35e8b6eff6d8d96640e5b1fef8f729441972ca0072d4d6034b890a
989	KupujemProdajem	Telefon	mobilni telefoni > apple iphone	187738108	https://www.kupujemprodajem.com/mobilni-telefoni/apple-iphone/iphone-15-pro/oglas/187738108	2026-08-24T16:42:04Z	raw_txt/oglas_0989.txt	13	158	ce1bfa314af36e9513937c3eb7b196f74dc15789c2663a8ccc669d3c368d6b82
990	KupujemProdajem	Telefon	mobilni telefoni > meizu	188566675	https://www.kupujemprodajem.com/mobilni-telefoni/meizu/kragujevac-otkup-telefona-novih-i-polovnih/oglas/188566675	2026-08-24T16:31:16Z	raw_txt/oglas_0990.txt	44	362	f564683664fb075beef131d95d507d1f8bc8dedb4f9afe1bdaa830a43ed7131d
991	KupujemProdajem	Telefon	mobilni telefoni > honor	188869890	https://www.kupujemprodajem.com/mobilni-telefoni/honor/honor-600lite-600-600pro-magic8lite-8pro-novo-vakum/oglas/188869890	2026-08-24T16:22:51Z	raw_txt/oglas_0991.txt	55	643	82168e371a0ccec7b29904da64e2e3005d6722265aa33453bc6e7e6ed75a325d
992	KupujemProdajem	Telefon	mobilni telefoni > google pixel	192329488	https://www.kupujemprodajem.com/mobilni-telefoni/google-pixel/pixel-10a-9a-8a-7a-10pro-novo/oglas/192329488	2026-08-24T16:22:55Z	raw_txt/oglas_0992.txt	33	229	042e5faefa50365be94dd62a538326fcf3909ed5e15bdd08517c463a8207517e
993	KupujemProdajem	Telefon	mobilni telefoni > honor	192428774	https://www.kupujemprodajem.com/mobilni-telefoni/honor/honor-600lite-magic-8-lite-x6c-x7d-600-600-pro-128-25/oglas/192428774	2026-08-24T16:22:22Z	raw_txt/oglas_0993.txt	56	3722	b24bafdb7b78315b160085f08326ff651e257c26efc70aa3bef40c14a015ac3f
994	KupujemProdajem	Telefon	mobilni telefoni > apple iphone	193924743	https://www.kupujemprodajem.com/mobilni-telefoni/apple-iphone/apple-iphone-14-pro-128gb-crni-100/oglas/193924743	2026-08-24T16:42:04Z	raw_txt/oglas_0994.txt	35	170	6a28ea551c20383266e852ece652f2b7a889eddd705be1d6e757bd7864cb0a25
995	KupujemProdajem	Telefon	mobilni telefoni > apple iphone	194406726	https://www.kupujemprodajem.com/mobilni-telefoni/apple-iphone/iphone-12-128-gb/oglas/194406726	2026-08-24T16:42:05Z	raw_txt/oglas_0995.txt	16	675	0328c040212eb2fcbfe2a1c561d078ba075f2b308d5d3143eeec4a2d6e5ba221
996	KupujemProdajem	Telefon	mobilni telefoni > motorola	194687298	https://www.kupujemprodajem.com/mobilni-telefoni/motorola/motorola-24mesecagar-jokermobil-novo/oglas/194687298	2026-08-24T16:29:53Z	raw_txt/oglas_0996.txt	41	4159	cc8bf7527ec235aff9aa73186cc9ec1aedee4e34ae5d75c9fa57b48f34a9aa9b
997	KupujemProdajem	Telefon	mobilni telefoni > xiaomi	65565905	https://www.kupujemprodajem.com/mobilni-telefoni/xiaomi/xiaomi-redmi-note-14-6-128gb-ljubicasti/oglas/65565905	2026-08-24T16:42:07Z	raw_txt/oglas_0997.txt	39	2674	0a10424c60f21590a165ac80987db5969d0d560b82917f09d70f9cfc8e50aaa0
998	KupujemProdajem	Telefon	mobilni telefoni > apple iphone	76929300	https://www.kupujemprodajem.com/mobilni-telefoni/apple-iphone/iphone-air-17-17-pro-max-16-pro-max-plus-15-pro-max-13-pro/oglas/76929300	2026-08-24T16:22:55Z	raw_txt/oglas_0998.txt	58	1947	bb3a8fe6b247ed4267c6ac132199aac0397501dd5ba91beeb5bf094af45d5e28
999	KupujemProdajem	Telefon	mobilni telefoni > samsung	81304212	https://www.kupujemprodajem.com/mobilni-telefoni/samsung/samsung-a17-a26-a36-a37-a56-a57-s26-s25-ultra-poklon-novo/oglas/81304212	2026-08-24T16:22:35Z	raw_txt/oglas_0999.txt	58	1811	cf93ec8a0b5b09cdce07fc297c6802f071b5dafc3510ab20eabc46a4faf0b2a4
1000	KupujemProdajem	Telefon	mobilni telefoni > samsung	85270027	https://www.kupujemprodajem.com/mobilni-telefoni/samsung/samsung-galaxy-s26-s25-ultra-s23-a07-a56-a57/oglas/85270027	2026-08-24T16:22:45Z	raw_txt/oglas_1000.txt	44	766	15bca687bfec99ef1ecca348fce91497fa1d93a8d1be21566efa1783295a6e4e
